hs6,chapter,description,mfn_percent,effective_percent,section301_extra_percent,tariff_lines_aggregated
390110,39,"Polymers of ethylene, in primary forms : Polyethylene having a specific gravity of less than 0,94",6.5,31.5,25,2
390120,39,"Polymers of ethylene, in primary forms : Polyethylene having a specific gravity of 0,94 or more",6.5,31.5,25,2
390130,39,"Polymers of ethylene, in primary forms : Ethylenevinyl acetate copolymers",2.6,27.6,25,2
390140,39,"Polymers of ethylene, in primary forms : Ethylenealphaolefins copolymers, having a specific gravity of less than 0,94",6.5,31.5,25,1
390190,39,"Polymers of ethylene, in primary forms : Other",4.3,29.3,25,3
390210,39,"Polymers of propylene or of other olefins, in primary forms : Polypropylene",6.5,31.5,25,1
390220,39,"Polymers of propylene or of other olefins, in primary forms : Polyisobutylene",3.3,28.3,25,2
390230,39,"Polymers of propylene or of other olefins, in primary forms : Propylene copolymers",6.5,31.5,25,1
390290,39,"Polymers of propylene or of other olefins, in primary forms : Other",6.5,31.5,25,1
390311,39,"Polymers of styrene, in primary forms : Polystyrene : Expansible",6.5,31.5,25,1
390319,39,"Polymers of styrene, in primary forms : Polystyrene : Other",6.5,31.5,25,1
390320,39,"Polymers of styrene, in primary forms : Styreneacrylonitrile (SAN) copolymers",6.5,31.5,25,1
390330,39,"Polymers of styrene, in primary forms : Acrylonitrilebutadienestyrene (ABS) copolymers",6.5,31.5,25,1
390390,39,"Polymers of styrene, in primary forms : Other",6.5,31.5,25,2
390410,39,"Polymers of vinyl chloride or of other halogenated olefins, in primary forms : Poly(vinyl chloride), not mixed with any other substances",6.5,31.5,25,1
390421,39,"Polymers of vinyl chloride or of other halogenated olefins, in primary forms : Other poly(vinyl chloride) : Nonplasticised",6.5,31.5,25,1
390422,39,"Polymers of vinyl chloride or of other halogenated olefins, in primary forms : Other poly(vinyl chloride) : Plasticised",6.5,31.5,25,1
390430,39,"Polymers of vinyl chloride or of other halogenated olefins, in primary forms : Vinyl chloridevinyl acetate copolymers",2.6,27.6,25,2
390440,39,"Polymers of vinyl chloride or of other halogenated olefins, in primary forms : Other vinyl chloride copolymers",5.3,30.3,25,1
390450,39,"Polymers of vinyl chloride or of other halogenated olefins, in primary forms : Vinylidene chloride polymers",6.5,31.5,25,1
390461,39,"Polymers of vinyl chloride or of other halogenated olefins, in primary forms : Fluoropolymers : Polytetrafluoroethylene",5.8,30.8,25,1
390469,39,"Polymers of vinyl chloride or of other halogenated olefins, in primary forms : Fluoropolymers : Other",3.3,28.3,25,2
390490,39,"Polymers of vinyl chloride or of other halogenated olefins, in primary forms : Other",3.3,28.3,25,2
390512,39,"Polymers of vinyl acetate or of other vinyl esters, in primary forms; other vinyl polymers in primary forms : Poly(vinyl acetate) : In aqueous dispersion",4,29,25,1
390519,39,"Polymers of vinyl acetate or of other vinyl esters, in primary forms; other vinyl polymers in primary forms : Poly(vinyl acetate) : Other",4,29,25,1
390521,39,"Polymers of vinyl acetate or of other vinyl esters, in primary forms; other vinyl polymers in primary forms : Vinyl acetate copolymers : In aqueous dispersion",4,29,25,1
390529,39,"Polymers of vinyl acetate or of other vinyl esters, in primary forms; other vinyl polymers in primary forms : Vinyl acetate copolymers : Other",4,29,25,1
390530,39,"Polymers of vinyl acetate or of other vinyl esters, in primary forms; other vinyl polymers in primary forms : Poly(vinyl alcohol), whether or not containing unhydrolysed acetate groups",3.2,28.2,25,1
390591,39,"Polymers of vinyl acetate or of other vinyl esters, in primary forms; other vinyl polymers in primary forms : Other : Copolymers",4.7,29.6,25,2
390599,39,"Polymers of vinyl acetate or of other vinyl esters, in primary forms; other vinyl polymers in primary forms : Other : Other",2.6,27.6,25,2
390610,39,Acrylic polymers in primary forms : Poly(methyl methacrylate),6.3,31.3,25,1
390690,39,Acrylic polymers in primary forms : Other,3.5,28.5,25,3
390710,39,"Polyacetals, other polyethers and epoxide resins, in primary forms; polycarbonates, alkyd resins, polyallyl esters and other polyesters, in primary forms : Polyacetals",6.5,31.5,25,1
390721,39,Bis(polyoxyethylene) methylphosphonate,6.5,31.5,25,1
390729,39,Other,6.5,31.5,25,1
390730,39,"Polyacetals, other polyethers and epoxide resins, in primary forms; polycarbonates, alkyd resins, polyallyl esters and other polyesters, in primary forms : Epoxide resins",6.1,31.1,25,1
390740,39,"Polyacetals, other polyethers and epoxide resins, in primary forms; polycarbonates, alkyd resins, polyallyl esters and other polyesters, in primary forms : Polycarbonates",5.8,30.8,25,1
390750,39,"Polyacetals, other polyethers and epoxide resins, in primary forms; polycarbonates, alkyd resins, polyallyl esters and other polyesters, in primary forms : Alkyd resins",6.5,31.5,25,1
390761,39,"Polyacetals, other polyethers and epoxide resins, in primary forms; polycarbonates, alkyd resins, polyallyl esters and other polyesters, in primary forms : Poly(ethylene terephthalate) : Having a viscosity number of 78 ml/g or higher",6.5,31.5,25,1
390769,39,"Polyacetals, other polyethers and epoxide resins, in primary forms; polycarbonates, alkyd resins, polyallyl esters and other polyesters, in primary forms : Poly(ethylene terephthalate) : Other",6.5,31.5,25,1
390770,39,"Polyacetals, other polyethers and epoxide resins, in primary forms; polycarbonates, alkyd resins, polyallyl esters and other polyesters, in primary forms : Poly(lactic acid)",6.5,31.5,25,1
390791,39,"Polyacetals, other polyethers and epoxide resins, in primary forms; polycarbonates, alkyd resins, polyallyl esters and other polyesters, in primary forms : Other polyesters : Unsaturated",4.1,29.1,25,3
390799,39,"Polyacetals, other polyethers and epoxide resins, in primary forms; polycarbonates, alkyd resins, polyallyl esters and other polyesters, in primary forms : Other polyesters : Other",3.3,28.3,25,2
390810,39,"Polyamides in primary forms : Polyamide6, 11, 12, 6,6, 6,9, 6,10 or 6,12",6.3,31.3,25,1
390890,39,Polyamides in primary forms : Other,3.3,28.3,25,2
390910,39,"Aminoresins, phenolic resins and polyurethanes, in primary forms : Urea resins; thiourea resins",6.5,31.5,25,1
390920,39,"Aminoresins, phenolic resins and polyurethanes, in primary forms : Melamine resins",6.5,31.5,25,1
390931,39,"Aminoresins, phenolic resins and polyurethanes, in primary forms : Other aminoresins : Poly(methylene phenyl isocyanate) (crude MDI, polymeric MDI)",6.5,31.5,25,1
390939,39,"Aminoresins, phenolic resins and polyurethanes, in primary forms : Other aminoresins : Other",6.5,31.5,25,1
390940,39,"Aminoresins, phenolic resins and polyurethanes, in primary forms : Phenolic resins",6.5,31.5,25,1
390950,39,"Aminoresins, phenolic resins and polyurethanes, in primary forms : Polyurethanes",2.8,27.8,25,3
391000,39,Silicones in primary forms,3,28,25,1
391110,39,"Petroleum resins, coumaroneindene resins, polyterpenes, polysulphides, polysulphones and other products specified in note 3 to this chapter, not elsewhere specified or included, in primary forms : Petroleum resins, coumarone, indene or coumaroneindene resins and polyterpenes",6.1,31.1,25,1
391120,39,"Poly(1,3-phenylene methylphosphonate)",6.5,31.5,25,1
391190,39,"Petroleum resins, coumaroneindene resins, polyterpenes, polysulphides, polysulphones and other products specified in note 3 to this chapter, not elsewhere specified or included, in primary forms : Other",2.6,27.6,25,7
391211,39,"Cellulose and its chemical derivatives, not elsewhere specified or included, in primary forms : Cellulose acetates : Nonplasticised",5.6,30.6,25,1
391212,39,"Cellulose and its chemical derivatives, not elsewhere specified or included, in primary forms : Cellulose acetates : Plasticised",5.6,30.6,25,1
391220,39,"Cellulose and its chemical derivatives, not elsewhere specified or included, in primary forms : Cellulose nitrates (including collodions)",5.2,30.2,25,1
391231,39,"Cellulose and its chemical derivatives, not elsewhere specified or included, in primary forms : Cellulose ethers : Carboxymethylcellulose and its salts",6.4,31.4,25,1
391239,39,"Cellulose and its chemical derivatives, not elsewhere specified or included, in primary forms : Cellulose ethers : Other",4.2,29.2,25,1
391290,39,"Cellulose and its chemical derivatives, not elsewhere specified or included, in primary forms : Other",5.2,30.2,25,1
391310,39,"Natural polymers (for example, alginic acid) and modified natural polymers (for example, hardened proteins, chemical derivatives of natural rubber), not elsewhere specified or included, in primary forms : Alginic acid, its salts and esters",4.2,11.7,7.5,1
391390,39,"Natural polymers (for example, alginic acid) and modified natural polymers (for example, hardened proteins, chemical derivatives of natural rubber), not elsewhere specified or included, in primary forms : Other",4.1,29.1,25,3
391400,39,"Ionexchangers based on polymers of headings 3901 to 3913, in primary forms",1.9,26.9,25,2
391510,39,"Waste, parings and scrap, of plastics : Of polymers of ethylene",0,25,25,1
391520,39,"Waste, parings and scrap, of plastics : Of polymers of styrene",0,25,25,1
391530,39,"Waste, parings and scrap, of plastics : Of polymers of vinyl chloride",0,25,25,1
391590,39,"Waste, parings and scrap, of plastics : Of other plastics",0,25,25,1
391610,39,"Monofilament of which any crosssectional dimension exceeds 1 mm, rods, sticks and profile shapes, whether or not surfaceworked but not otherwise worked, of plastics : Of polymers of ethylene",5.8,30.8,25,1
391620,39,"Monofilament of which any crosssectional dimension exceeds 1 mm, rods, sticks and profile shapes, whether or not surfaceworked but not otherwise worked, of plastics : Of polymers of vinyl chloride",5.8,30.8,25,1
391690,39,"Monofilament of which any crosssectional dimension exceeds 1 mm, rods, sticks and profile shapes, whether or not surfaceworked but not otherwise worked, of plastics : Of other plastics",5.5,30.5,25,4
391710,39,"Tubes, pipes and hoses, and fittings therefor (for example, joints, elbows, flanges), of plastics : Artificial guts (sausage casings) of hardened protein or of cellulosic materials",3.6,28.6,25,3
391721,39,"Tubes, pipes and hoses, and fittings therefor (for example, joints, elbows, flanges), of plastics : Tubes, pipes and hoses, rigid : Of polymers of ethylene",3.1,28.1,25,1
391722,39,"Tubes, pipes and hoses, and fittings therefor (for example, joints, elbows, flanges), of plastics : Tubes, pipes and hoses, rigid : Of polymers of propylene",3.1,28.1,25,1
391723,39,"Tubes, pipes and hoses, and fittings therefor (for example, joints, elbows, flanges), of plastics : Tubes, pipes and hoses, rigid : Of polymers of vinyl chloride",3.1,28.1,25,1
391729,39,"Tubes, pipes and hoses, and fittings therefor (for example, joints, elbows, flanges), of plastics : Tubes, pipes and hoses, rigid : Of other plastics",3.1,28.1,25,1
391731,39,"Tubes, pipes and hoses, and fittings therefor (for example, joints, elbows, flanges), of plastics : Other tubes, pipes and hoses : Flexible tubes, pipes and hoses, having a minimum burst pressure of 27,6 MPa",3.1,28.1,25,1
391732,39,"Tubes, pipes and hoses, and fittings therefor (for example, joints, elbows, flanges), of plastics : Other tubes, pipes and hoses : Other, not reinforced or otherwise combined with other materials, without fittings",3.1,28.1,25,1
391733,39,"Tubes, pipes and hoses, and fittings therefor (for example, joints, elbows, flanges), of plastics : Other tubes, pipes and hoses : Other, not reinforced or otherwise combined with other materials, with fittings",3.1,28.1,25,1
391739,39,"Tubes, pipes and hoses, and fittings therefor (for example, joints, elbows, flanges), of plastics : Other tubes, pipes and hoses : Other",3.1,28.1,25,1
391740,39,"Tubes, pipes and hoses, and fittings therefor (for example, joints, elbows, flanges), of plastics : Fittings",5.3,30.3,25,1
391810,39,"Floor coverings of plastics, whether or not selfadhesive, in rolls or in the form of tiles; wall or ceiling coverings of plastics, as defined in note 9 to this chapter : Of polymers of vinyl chloride",5.1,30.1,25,6
391890,39,"Floor coverings of plastics, whether or not selfadhesive, in rolls or in the form of tiles; wall or ceiling coverings of plastics, as defined in note 9 to this chapter : Of other plastics",5.3,30.3,25,4
391910,39,"Selfadhesive plates, sheets, film, foil, tape, strip and other flat shapes, of plastics, whether or not in rolls : In rolls of a width not exceeding 20 cm",6.2,31.1,25,2
391990,39,"Selfadhesive plates, sheets, film, foil, tape, strip and other flat shapes, of plastics, whether or not in rolls : Other",6.2,31.1,25,2
392010,39,"Other plates, sheets, film, foil and strip, of plastics, noncellular and not reinforced, laminated, supported or similarly combined with other materials : Of polymers of ethylene",4.2,29.2,25,1
392020,39,"Other plates, sheets, film, foil and strip, of plastics, noncellular and not reinforced, laminated, supported or similarly combined with other materials : Of polymers of propylene",4.2,29.2,25,1
392030,39,"Other plates, sheets, film, foil and strip, of plastics, noncellular and not reinforced, laminated, supported or similarly combined with other materials : Of polymers of styrene",5.8,30.8,25,1
392043,39,"Other plates, sheets, film, foil and strip, of plastics, noncellular and not reinforced, laminated, supported or similarly combined with other materials : Of polymers of vinyl chloride : Containing by weight not less than 6 % of plasticisers",3.7,28.6,25,2
392049,39,"Other plates, sheets, film, foil and strip, of plastics, noncellular and not reinforced, laminated, supported or similarly combined with other materials : Of polymers of vinyl chloride : Other",5.8,30.8,25,1
392051,39,"Other plates, sheets, film, foil and strip, of plastics, noncellular and not reinforced, laminated, supported or similarly combined with other materials : Of acrylic polymers : Of poly(methyl methacrylate)",6.3,31.3,25,2
392059,39,"Other plates, sheets, film, foil and strip, of plastics, noncellular and not reinforced, laminated, supported or similarly combined with other materials : Of acrylic polymers : Other",4.2,29.2,25,3
392061,39,"Other plates, sheets, film, foil and strip, of plastics, noncellular and not reinforced, laminated, supported or similarly combined with other materials : Of polycarbonates, alkyd resins, polyallyl esters or other polyesters : Of polycarbonates",5.8,30.8,25,1
392062,39,"Other plates, sheets, film, foil and strip, of plastics, noncellular and not reinforced, laminated, supported or similarly combined with other materials : Of polycarbonates, alkyd resins, polyallyl esters or other polyesters : Of poly(ethylene terephthalate)",4.2,29.2,25,1
392063,39,"Other plates, sheets, film, foil and strip, of plastics, noncellular and not reinforced, laminated, supported or similarly combined with other materials : Of polycarbonates, alkyd resins, polyallyl esters or other polyesters : Of unsaturated polyesters",5,30,25,2
392069,39,"Other plates, sheets, film, foil and strip, of plastics, noncellular and not reinforced, laminated, supported or similarly combined with other materials : Of polycarbonates, alkyd resins, polyallyl esters or other polyesters : Of other polyesters",4.2,29.2,25,1
392071,39,"Other plates, sheets, film, foil and strip, of plastics, noncellular and not reinforced, laminated, supported or similarly combined with other materials : Of cellulose or its chemical derivatives : Of regenerated cellulose",6.2,31.2,25,1
392073,39,"Other plates, sheets, film, foil and strip, of plastics, noncellular and not reinforced, laminated, supported or similarly combined with other materials : Of cellulose or its chemical derivatives : Of cellulose acetate",2.9,27.9,25,1
392079,39,"Other plates, sheets, film, foil and strip, of plastics, noncellular and not reinforced, laminated, supported or similarly combined with other materials : Of cellulose or its chemical derivatives : Of other cellulose derivatives",4.3,29.3,25,3
392091,39,"Other plates, sheets, film, foil and strip, of plastics, noncellular and not reinforced, laminated, supported or similarly combined with other materials : Of other plastics : Of poly(vinyl butyral)",4.2,29.2,25,1
392092,39,"Other plates, sheets, film, foil and strip, of plastics, noncellular and not reinforced, laminated, supported or similarly combined with other materials : Of other plastics : Of polyamides",4.2,29.2,25,1
392093,39,"Other plates, sheets, film, foil and strip, of plastics, noncellular and not reinforced, laminated, supported or similarly combined with other materials : Of other plastics : Of aminoresins",5.8,30.8,25,1
392094,39,"Other plates, sheets, film, foil and strip, of plastics, noncellular and not reinforced, laminated, supported or similarly combined with other materials : Of other plastics : Of phenolic resins",5.8,30.8,25,1
392099,39,"Other plates, sheets, film, foil and strip, of plastics, noncellular and not reinforced, laminated, supported or similarly combined with other materials : Of other plastics : Of other plastics",5.3,30.3,25,3
392111,39,"Other plates, sheets, film, foil and strip, of plastics : Cellular : Of polymers of styrene",5.3,30.3,25,1
392112,39,"Other plates, sheets, film, foil and strip, of plastics : Cellular : Of polymers of vinyl chloride",5.6,30.6,25,4
392113,39,"Other plates, sheets, film, foil and strip, of plastics : Cellular : Of polyurethanes",5,30.1,25,4
392114,39,"Other plates, sheets, film, foil and strip, of plastics : Cellular : Of regenerated cellulose",6.5,31.5,25,1
392119,39,"Other plates, sheets, film, foil and strip, of plastics : Cellular : Of other plastics",6.5,31.5,25,1
392190,39,"Other plates, sheets, film, foil and strip, of plastics : Other",5.3,30.3,25,8
392210,39,"Baths, showerbaths, sinks, washbasins, bidets, lavatory pans, seats and covers, flushing cisterns and similar sanitary ware, of plastics : Baths, showerbaths, sinks and washbasins",6.3,13.8,7.5,1
392220,39,"Baths, showerbaths, sinks, washbasins, bidets, lavatory pans, seats and covers, flushing cisterns and similar sanitary ware, of plastics : Lavatory seats and covers",6.3,13.8,7.5,1
392290,39,"Baths, showerbaths, sinks, washbasins, bidets, lavatory pans, seats and covers, flushing cisterns and similar sanitary ware, of plastics : Other",6.3,31.3,25,1
392310,39,"Articles for the conveyance or packing of goods, of plastics; stoppers, lids, caps and other closures, of plastics : Boxes, cases, crates and similar articles",1.5,26.5,25,2
392321,39,"Articles for the conveyance or packing of goods, of plastics; stoppers, lids, caps and other closures, of plastics : Sacks and bags (including cones) : Of polymers of ethylene",3,28,25,1
392329,39,"Articles for the conveyance or packing of goods, of plastics; stoppers, lids, caps and other closures, of plastics : Sacks and bags (including cones) : Of other plastics",3,28,25,1
392330,39,"Articles for the conveyance or packing of goods, of plastics; stoppers, lids, caps and other closures, of plastics : Carboys, bottles, flasks and similar articles",3,28,25,1
392340,39,"Articles for the conveyance or packing of goods, of plastics; stoppers, lids, caps and other closures, of plastics : Spools, cops, bobbins and similar supports",5.3,30.3,25,1
392350,39,"Articles for the conveyance or packing of goods, of plastics; stoppers, lids, caps and other closures, of plastics : Stoppers, lids, caps and other closures",5.3,30.3,25,1
392390,39,"Articles for the conveyance or packing of goods, of plastics; stoppers, lids, caps and other closures, of plastics : Other",3,28,25,1
392410,39,"Tableware, kitchenware, other household articles and hygienic or toilet articles, of plastics : Tableware and kitchenware",4.7,8.4,7.5,4
392490,39,"Tableware, kitchenware, other household articles and hygienic or toilet articles, of plastics : Other",3.3,7,7.5,4
392510,39,"Builders' ware of plastics, not elsewhere specified or included : Reservoirs, tanks, vats and similar containers, of a capacity exceeding 300 litres",6.3,31.3,25,1
392520,39,"Builders' ware of plastics, not elsewhere specified or included : Doors, windows and their frames and thresholds for doors",5.3,12.8,7.5,1
392530,39,"Builders' ware of plastics, not elsewhere specified or included : Shutters, blinds (including venetian blinds) and similar articles and parts thereof",4.3,11.8,7.5,2
392590,39,"Builders' ware of plastics, not elsewhere specified or included : Other",5.3,30.3,25,1
392610,39,Other articles of plastics and articles of other materials of headings 3901 to 3914 : Office or school supplies,5.3,5.3,0,1
392620,39,"Other articles of plastics and articles of other materials of headings 3901 to 3914 : Articles of apparel and clothing accessories (including gloves, mittens and mitts)",2.4,19.1,25,6
392630,39,"Other articles of plastics and articles of other materials of headings 3901 to 3914 : Fittings for furniture, coachwork or the like",5.9,13.4,7.5,2
392640,39,Other articles of plastics and articles of other materials of headings 3901 to 3914 : Statuettes and other ornamental articles,5.3,5.3,0,1
392690,39,Other articles of plastics and articles of other materials of headings 3901 to 3914 : Other,4.2,17.4,25,26
420100,42,"Saddlery and harness for any animal (including traces, leads, knee pads, muzzles, saddlecloths, saddlebags, dog coats and the like), of any material",2.6,27.6,25,2
420211,42,"Trunks, suitcases, vanity cases, executivecases, briefcases, school satchels, spectacle cases, binocular cases, camera cases, musical instrument cases, gun cases, holsters and similar containers; travellingbags, insulated food or beverages bags, toilet bags, rucksacks, handbags, shoppingbags, wallets, purses, mapcases, cigarettecases, tobaccopouches, tool bags, sports bags, bottlecases, jewellery boxes, powder boxes, cutlery cases and similar containers, of leather or of composition leather, of sheeting of plastics, of textile materials, of vulcanised fibre or of paperboard, or wholly or mainly covered with such materials or with paper : Trunks, suitcases, vanity cases, executivecases, briefcases, school satchels and similar containers : With outer surface of leather or of composition leather",8,33,25,1
420212,42,"Trunks, suitcases, vanity cases, executivecases, briefcases, school satchels, spectacle cases, binocular cases, camera cases, musical instrument cases, gun cases, holsters and similar containers; travellingbags, insulated food or beverages bags, toilet bags, rucksacks, handbags, shoppingbags, wallets, purses, mapcases, cigarettecases, tobaccopouches, tool bags, sports bags, bottlecases, jewellery boxes, powder boxes, cutlery cases and similar containers, of leather or of composition leather, of sheeting of plastics, of textile materials, of vulcanised fibre or of paperboard, or wholly or mainly covered with such materials or with paper : Trunks, suitcases, vanity cases, executivecases, briefcases, school satchels and similar containers : With outer surface of plastics or of textile materials",14.5,39.5,25,6
420219,42,"Trunks, suitcases, vanity cases, executivecases, briefcases, school satchels, spectacle cases, binocular cases, camera cases, musical instrument cases, gun cases, holsters and similar containers; travellingbags, insulated food or beverages bags, toilet bags, rucksacks, handbags, shoppingbags, wallets, purses, mapcases, cigarettecases, tobaccopouches, tool bags, sports bags, bottlecases, jewellery boxes, powder boxes, cutlery cases and similar containers, of leather or of composition leather, of sheeting of plastics, of textile materials, of vulcanised fibre or of paperboard, or wholly or mainly covered with such materials or with paper : Trunks, suitcases, vanity cases, executivecases, briefcases, school satchels and similar containers : Other",20,45,25,1
420221,42,"Trunks, suitcases, vanity cases, executivecases, briefcases, school satchels, spectacle cases, binocular cases, camera cases, musical instrument cases, gun cases, holsters and similar containers; travellingbags, insulated food or beverages bags, toilet bags, rucksacks, handbags, shoppingbags, wallets, purses, mapcases, cigarettecases, tobaccopouches, tool bags, sports bags, bottlecases, jewellery boxes, powder boxes, cutlery cases and similar containers, of leather or of composition leather, of sheeting of plastics, of textile materials, of vulcanised fibre or of paperboard, or wholly or mainly covered with such materials or with paper : Handbags, whether or not with shoulder strap, including those without handle : With outer surface of leather or of composition leather",8.1,33.1,25,3
420222,42,"Trunks, suitcases, vanity cases, executivecases, briefcases, school satchels, spectacle cases, binocular cases, camera cases, musical instrument cases, gun cases, holsters and similar containers; travellingbags, insulated food or beverages bags, toilet bags, rucksacks, handbags, shoppingbags, wallets, purses, mapcases, cigarettecases, tobaccopouches, tool bags, sports bags, bottlecases, jewellery boxes, powder boxes, cutlery cases and similar containers, of leather or of composition leather, of sheeting of plastics, of textile materials, of vulcanised fibre or of paperboard, or wholly or mainly covered with such materials or with paper : Handbags, whether or not with shoulder strap, including those without handle : With outer surface of sheeting of plastics or of textile materials",10.8,35.8,25,8
420229,42,"Trunks, suitcases, vanity cases, executivecases, briefcases, school satchels, spectacle cases, binocular cases, camera cases, musical instrument cases, gun cases, holsters and similar containers; travellingbags, insulated food or beverages bags, toilet bags, rucksacks, handbags, shoppingbags, wallets, purses, mapcases, cigarettecases, tobaccopouches, tool bags, sports bags, bottlecases, jewellery boxes, powder boxes, cutlery cases and similar containers, of leather or of composition leather, of sheeting of plastics, of textile materials, of vulcanised fibre or of paperboard, or wholly or mainly covered with such materials or with paper : Handbags, whether or not with shoulder strap, including those without handle : Other",9.1,34.1,25,4
420231,42,"Trunks, suitcases, vanity cases, executivecases, briefcases, school satchels, spectacle cases, binocular cases, camera cases, musical instrument cases, gun cases, holsters and similar containers; travellingbags, insulated food or beverages bags, toilet bags, rucksacks, handbags, shoppingbags, wallets, purses, mapcases, cigarettecases, tobaccopouches, tool bags, sports bags, bottlecases, jewellery boxes, powder boxes, cutlery cases and similar containers, of leather or of composition leather, of sheeting of plastics, of textile materials, of vulcanised fibre or of paperboard, or wholly or mainly covered with such materials or with paper : Articles of a kind normally carried in the pocket or in the handbag : With outer surface of leather or of composition leather",5.8,30.9,25,2
420232,42,"Trunks, suitcases, vanity cases, executivecases, briefcases, school satchels, spectacle cases, binocular cases, camera cases, musical instrument cases, gun cases, holsters and similar containers; travellingbags, insulated food or beverages bags, toilet bags, rucksacks, handbags, shoppingbags, wallets, purses, mapcases, cigarettecases, tobaccopouches, tool bags, sports bags, bottlecases, jewellery boxes, powder boxes, cutlery cases and similar containers, of leather or of composition leather, of sheeting of plastics, of textile materials, of vulcanised fibre or of paperboard, or wholly or mainly covered with such materials or with paper : Articles of a kind normally carried in the pocket or in the handbag : With outer surface of sheeting of plastics or of textile materials",11.2,36.2,25,8
420239,42,"Trunks, suitcases, vanity cases, executivecases, briefcases, school satchels, spectacle cases, binocular cases, camera cases, musical instrument cases, gun cases, holsters and similar containers; travellingbags, insulated food or beverages bags, toilet bags, rucksacks, handbags, shoppingbags, wallets, purses, mapcases, cigarettecases, tobaccopouches, tool bags, sports bags, bottlecases, jewellery boxes, powder boxes, cutlery cases and similar containers, of leather or of composition leather, of sheeting of plastics, of textile materials, of vulcanised fibre or of paperboard, or wholly or mainly covered with such materials or with paper : Articles of a kind normally carried in the pocket or in the handbag : Other",9.1,34.1,25,4
420291,42,"Trunks, suitcases, vanity cases, executivecases, briefcases, school satchels, spectacle cases, binocular cases, camera cases, musical instrument cases, gun cases, holsters and similar containers; travellingbags, insulated food or beverages bags, toilet bags, rucksacks, handbags, shoppingbags, wallets, purses, mapcases, cigarettecases, tobaccopouches, tool bags, sports bags, bottlecases, jewellery boxes, powder boxes, cutlery cases and similar containers, of leather or of composition leather, of sheeting of plastics, of textile materials, of vulcanised fibre or of paperboard, or wholly or mainly covered with such materials or with paper : Other : With outer surface of leather or of composition leather",4.5,29.5,25,2
420292,42,"Trunks, suitcases, vanity cases, executivecases, briefcases, school satchels, spectacle cases, binocular cases, camera cases, musical instrument cases, gun cases, holsters and similar containers; travellingbags, insulated food or beverages bags, toilet bags, rucksacks, handbags, shoppingbags, wallets, purses, mapcases, cigarettecases, tobaccopouches, tool bags, sports bags, bottlecases, jewellery boxes, powder boxes, cutlery cases and similar containers, of leather or of composition leather, of sheeting of plastics, of textile materials, of vulcanised fibre or of paperboard, or wholly or mainly covered with such materials or with paper : Other : With outer surface of sheeting of plastics or of textile materials",12.2,37.2,25,15
420299,42,"Trunks, suitcases, vanity cases, executivecases, briefcases, school satchels, spectacle cases, binocular cases, camera cases, musical instrument cases, gun cases, holsters and similar containers; travellingbags, insulated food or beverages bags, toilet bags, rucksacks, handbags, shoppingbags, wallets, purses, mapcases, cigarettecases, tobaccopouches, tool bags, sports bags, bottlecases, jewellery boxes, powder boxes, cutlery cases and similar containers, of leather or of composition leather, of sheeting of plastics, of textile materials, of vulcanised fibre or of paperboard, or wholly or mainly covered with such materials or with paper : Other : Other",7.1,32.1,25,5
420310,42,"Articles of apparel and clothing accessories, of leather or of composition leather : Articles of apparel",5.3,30.4,25,2
420321,42,"Articles of apparel and clothing accessories, of leather or of composition leather : Gloves, mittens and mitts : Specially designed for use in sports",2.8,27.8,25,6
420329,42,"Articles of apparel and clothing accessories, of leather or of composition leather : Gloves, mittens and mitts : Other",13.3,38.3,25,8
420330,42,"Articles of apparel and clothing accessories, of leather or of composition leather : Belts and bandoliers",2.7,27.7,25,1
420340,42,"Articles of apparel and clothing accessories, of leather or of composition leather : Other clothing accessories",2.5,27.4,25,2
420500,42,Other articles of leather or of composition leather,1.6,26.6,25,6
420600,42,"Articles of gut (other than silkworm gut), of goldbeater's skin, of bladders or of tendons",2.5,2.5,0,3
440111,44,"Fuel wood, in logs, in billets, in twigs, in faggots or in similar forms; wood in chips or particles; sawdust and wood waste and scrap, whether or not agglomerated in logs, briquettes, pellets or similar forms : Fuel wood, in logs, in billets, in twigs, in faggots or in similar forms : Coniferous",0,25,25,1
440112,44,"Fuel wood, in logs, in billets, in twigs, in faggots or in similar forms; wood in chips or particles; sawdust and wood waste and scrap, whether or not agglomerated in logs, briquettes, pellets or similar forms : Fuel wood, in logs, in billets, in twigs, in faggots or in similar forms : Nonconiferous",0,25,25,1
440121,44,"Fuel wood, in logs, in billets, in twigs, in faggots or in similar forms; wood in chips or particles; sawdust and wood waste and scrap, whether or not agglomerated in logs, briquettes, pellets or similar forms : Wood in chips or particles : Coniferous",0,25,25,1
440122,44,"Fuel wood, in logs, in billets, in twigs, in faggots or in similar forms; wood in chips or particles; sawdust and wood waste and scrap, whether or not agglomerated in logs, briquettes, pellets or similar forms : Wood in chips or particles : Nonconiferous",0,25,25,1
440131,44,"Fuel wood, in logs, in billets, in twigs, in faggots or in similar forms; wood in chips or particles; sawdust and wood waste and scrap, whether or not agglomerated in logs, briquettes, pellets or similar forms : Sawdust and wood waste and scrap, agglomerated in logs, briquettes, pellets or similar forms : Wood pellets",0,25,25,1
440132,44,Wood briquettes,0,25,25,1
440139,44,"Fuel wood, in logs, in billets, in twigs, in faggots or in similar forms; wood in chips or particles; sawdust and wood waste and scrap, whether or not agglomerated in logs, briquettes, pellets or similar forms : Sawdust and wood waste and scrap, agglomerated in logs, briquettes, pellets or similar forms : Other",0,25,25,2
440141,44,Sawdust,0,25,25,1
440149,44,Shavings,0,25,25,1
440210,44,"Wood charcoal (including shell or nut charcoal), whether or not agglomerated : Of bamboo",0,25,25,1
440220,44,Of shell or nut,0,25,25,1
440290,44,"Wood charcoal (including shell or nut charcoal), whether or not agglomerated : Other",0,25,25,1
440311,44,"Wood in the rough, whether or not stripped of bark or sapwood, or roughly squared : Treated with paint, stains, creosote or other preservatives : Coniferous",0,25,25,1
440312,44,"Wood in the rough, whether or not stripped of bark or sapwood, or roughly squared : Treated with paint, stains, creosote or other preservatives : Nonconiferous",0,25,25,1
440321,44,"Wood in the rough, whether or not stripped of bark or sapwood, or roughly squared : Other, coniferous : Of pine (Pinus spp.), of which any crosssectional dimension is 15 cm or more",0,25,25,1
440322,44,"Wood in the rough, whether or not stripped of bark or sapwood, or roughly squared : Other, coniferous : Of pine (Pinus spp.), other",0,25,25,1
440323,44,"Wood in the rough, whether or not stripped of bark or sapwood, or roughly squared : Other, coniferous : Of fir (Abies spp.) and spruce (Picea spp.), of which any crosssectional dimension is 15 cm or more",0,25,25,1
440324,44,"Wood in the rough, whether or not stripped of bark or sapwood, or roughly squared : Other, coniferous : Of fir (Abies spp.) and spruce (Picea spp.), other",0,25,25,1
440325,44,"Wood in the rough, whether or not stripped of bark or sapwood, or roughly squared : Other, coniferous : Other, of which any crosssectional dimension is 15 cm or more",0,25,25,1
440326,44,"Wood in the rough, whether or not stripped of bark or sapwood, or roughly squared : Other, coniferous : Other",0,25,25,1
440341,44,"Wood in the rough, whether or not stripped of bark or sapwood, or roughly squared : Other, of tropical wood : Dark red meranti, light red meranti and meranti bakau",0,25,25,1
440342,44,Teak,0,25,25,1
440349,44,"Wood in the rough, whether or not stripped of bark or sapwood, or roughly squared : Other, of tropical wood : Other",0,25,25,1
440391,44,"Wood in the rough, whether or not stripped of bark or sapwood, or roughly squared : Other : Of oak (Quercus spp.)",0,25,25,1
440393,44,"Wood in the rough, whether or not stripped of bark or sapwood, or roughly squared : Other : Of beech (Fagus spp.), of which any crosssectional dimension is 15 cm or more",0,25,25,1
440394,44,"Wood in the rough, whether or not stripped of bark or sapwood, or roughly squared : Other : Of beech (Fagus spp.), other",0,25,25,1
440395,44,"Wood in the rough, whether or not stripped of bark or sapwood, or roughly squared : Other : Of birch (Betula spp.), of which any crosssectional dimension is 15 cm or more",0,25,25,1
440396,44,"Wood in the rough, whether or not stripped of bark or sapwood, or roughly squared : Other : Of birch (Betula spp.), other",0,25,25,1
440397,44,"Wood in the rough, whether or not stripped of bark or sapwood, or roughly squared : Other : Of poplar and aspen (Populis spp.)",0,25,25,1
440398,44,"Wood in the rough, whether or not stripped of bark or sapwood, or roughly squared : Other : Of eucalyptus (Eucalyptus spp.)",0,25,25,1
440399,44,"Wood in the rough, whether or not stripped of bark or sapwood, or roughly squared : Other : Other",0,25,25,1
440410,44,"Hoopwood; split poles; piles, pickets and stakes of wood, pointed but not sawn lengthwise; wooden sticks, roughly trimmed but not turned, bent or otherwise worked, suitable for the manufacture of walking sticks, umbrellas, tool handles or the like; chipwood and the like : Coniferous",0,25,25,1
440420,44,"Hoopwood; split poles; piles, pickets and stakes of wood, pointed but not sawn lengthwise; wooden sticks, roughly trimmed but not turned, bent or otherwise worked, suitable for the manufacture of walking sticks, umbrellas, tool handles or the like; chipwood and the like : Nonconiferous",0,25,25,1
440500,44,Wood wool; wood flour,3.2,28.2,25,1
440611,44,Railway or tramway sleepers (crossties) of wood : Not impregnated : Coniferous,0,25,25,1
440612,44,Railway or tramway sleepers (crossties) of wood : Not impregnated : Nonconiferous,0,25,25,1
440691,44,Railway or tramway sleepers (crossties) of wood : Other : Coniferous,0,25,25,1
440692,44,Railway or tramway sleepers (crossties) of wood : Other : Nonconiferous,0,25,25,1
440711,44,"Wood sawn or chipped lengthwise, sliced or peeled, whether or not planed, sanded or endjointed, of a thickness exceeding 6 mm : Coniferous : Of pine (Pinus spp.)",0,25,25,1
440712,44,"Wood sawn or chipped lengthwise, sliced or peeled, whether or not planed, sanded or endjointed, of a thickness exceeding 6 mm : Coniferous : Of fir (Abies spp.) and spruce (Picea spp.)",0,25,25,1
440713,44,"Of S-P-F (spruce (Picea spp.), pine (Pinus spp.) and fir (Abies spp.))",0,25,25,1
440714,44,Of Hem-fir (Western hemlock (Tsuga heterophylla) and fir (Abies spp.)),0,25,25,1
440719,44,"Wood sawn or chipped lengthwise, sliced or peeled, whether or not planed, sanded or endjointed, of a thickness exceeding 6 mm : Coniferous : Other",0,25,25,1
440721,44,"Wood sawn or chipped lengthwise, sliced or peeled, whether or not planed, sanded or endjointed, of a thickness exceeding 6 mm : Of tropical wood : Mahogany (Swietenia spp.)",0,25,25,1
440722,44,"Wood sawn or chipped lengthwise, sliced or peeled, whether or not planed, sanded or endjointed, of a thickness exceeding 6 mm : Of tropical wood : Virola, imbuia and balsa",0,25,25,1
440723,44,Teak,0,25,25,1
440725,44,"Wood sawn or chipped lengthwise, sliced or peeled, whether or not planed, sanded or endjointed, of a thickness exceeding 6 mm : Of tropical wood : Dark red meranti, light red meranti and meranti bakau",0,25,25,1
440726,44,"Wood sawn or chipped lengthwise, sliced or peeled, whether or not planed, sanded or endjointed, of a thickness exceeding 6 mm : Of tropical wood : White lauan, white meranti, white seraya, yellow meranti and alan",0,25,25,1
440727,44,"Wood sawn or chipped lengthwise, sliced or peeled, whether or not planed, sanded or endjointed, of a thickness exceeding 6 mm : Of tropical wood : Sapelli",0,25,25,1
440728,44,"Wood sawn or chipped lengthwise, sliced or peeled, whether or not planed, sanded or endjointed, of a thickness exceeding 6 mm : Of tropical wood : Iroko",0,25,25,1
440729,44,"Wood sawn or chipped lengthwise, sliced or peeled, whether or not planed, sanded or endjointed, of a thickness exceeding 6 mm : Of tropical wood : Other",0,25,25,1
440791,44,"Wood sawn or chipped lengthwise, sliced or peeled, whether or not planed, sanded or endjointed, of a thickness exceeding 6 mm : Other : Of oak (Quercus spp.)",0,25,25,1
440792,44,"Wood sawn or chipped lengthwise, sliced or peeled, whether or not planed, sanded or endjointed, of a thickness exceeding 6 mm : Other : Of beech (Fagus spp.)",0,25,25,1
440793,44,"Wood sawn or chipped lengthwise, sliced or peeled, whether or not planed, sanded or endjointed, of a thickness exceeding 6 mm : Other : Of maple (Acer spp.)",0,25,25,1
440794,44,"Wood sawn or chipped lengthwise, sliced or peeled, whether or not planed, sanded or endjointed, of a thickness exceeding 6 mm : Other : Of cherry (Prunus spp.)",0,25,25,1
440795,44,"Wood sawn or chipped lengthwise, sliced or peeled, whether or not planed, sanded or endjointed, of a thickness exceeding 6 mm : Other : Of ash (Fraxinus spp.)",0,25,25,1
440796,44,"Wood sawn or chipped lengthwise, sliced or peeled, whether or not planed, sanded or endjointed, of a thickness exceeding 6 mm : Other : Of birch (Betula spp.)",0,25,25,1
440797,44,"Wood sawn or chipped lengthwise, sliced or peeled, whether or not planed, sanded or endjointed, of a thickness exceeding 6 mm : Other : Of poplar and aspen (Populus spp.)",0,25,25,1
440799,44,"Wood sawn or chipped lengthwise, sliced or peeled, whether or not planed, sanded or endjointed, of a thickness exceeding 6 mm : Other : Other",0,25,25,1
440810,44,"Sheets for veneering (including those obtained by slicing laminated wood), for plywood or for similar laminated wood and other wood, sawn lengthwise, sliced or peeled, whether or not planed, sanded, spliced or endjointed, of a thickness not exceeding 6 mm : Coniferous",0,25,25,1
440831,44,"Sheets for veneering (including those obtained by slicing laminated wood), for plywood or for similar laminated wood and other wood, sawn lengthwise, sliced or peeled, whether or not planed, sanded, spliced or endjointed, of a thickness not exceeding 6 mm : Of tropical wood : Dark red meranti, light red meranti and meranti bakau",0,25,25,1
440839,44,"Sheets for veneering (including those obtained by slicing laminated wood), for plywood or for similar laminated wood and other wood, sawn lengthwise, sliced or peeled, whether or not planed, sanded, spliced or endjointed, of a thickness not exceeding 6 mm : Of tropical wood : Other",0,25,25,1
440890,44,"Sheets for veneering (including those obtained by slicing laminated wood), for plywood or for similar laminated wood and other wood, sawn lengthwise, sliced or peeled, whether or not planed, sanded, spliced or endjointed, of a thickness not exceeding 6 mm : Other",0,25,25,1
440910,44,"Wood (including strips and friezes for parquet flooring, not assembled) continuously shaped (tongued, grooved, rebated, chamfered, Vjointed, beaded, moulded, rounded or the like) along any of its edges, ends or faces, whether or not planed, sanded or endjointed : Coniferous",0.9,25.9,25,9
440921,44,"Wood (including strips and friezes for parquet flooring, not assembled) continuously shaped (tongued, grooved, rebated, chamfered, Vjointed, beaded, moulded, rounded or the like) along any of its edges, ends or faces, whether or not planed, sanded or endjointed : Nonconiferous : Of bamboo",1.6,26.6,25,2
440922,44,"Wood (including strips and friezes for parquet flooring, not assembled) continuously shaped (tongued, grooved, rebated, chamfered, Vjointed, beaded, moulded, rounded or the like) along any of its edges, ends or faces, whether or not planed, sanded or endjointed : Nonconiferous : Of tropical wood",1,26,25,8
440929,44,"Wood (including strips and friezes for parquet flooring, not assembled) continuously shaped (tongued, grooved, rebated, chamfered, Vjointed, beaded, moulded, rounded or the like) along any of its edges, ends or faces, whether or not planed, sanded or endjointed : Nonconiferous : Other",1,26,25,8
441011,44,"Particle board, oriented strand board (OSB) and similar board (for example, waferboard) of wood or other ligneous materials, whether or not agglomerated with resins or other organic binding substances : Of wood : Particle board",0,25,25,1
441012,44,"Particle board, oriented strand board (OSB) and similar board (for example, waferboard) of wood or other ligneous materials, whether or not agglomerated with resins or other organic binding substances : Of wood : Oriented strand board (OSB)",0,25,25,1
441019,44,"Particle board, oriented strand board (OSB) and similar board (for example, waferboard) of wood or other ligneous materials, whether or not agglomerated with resins or other organic binding substances : Of wood : Other",0,25,25,1
441090,44,"Particle board, oriented strand board (OSB) and similar board (for example, waferboard) of wood or other ligneous materials, whether or not agglomerated with resins or other organic binding substances : Other",0,25,25,1
441112,44,"Fibreboard of wood or other ligneous materials, whether or not bonded with resins or other organic substances : Medium density fibreboard (MDF) : Of a thickness not exceeding 5 mm",1.1,26.1,25,5
441113,44,"Fibreboard of wood or other ligneous materials, whether or not bonded with resins or other organic substances : Medium density fibreboard (MDF) : Of a thickness exceeding 5 mm but not exceeding 9 mm",1.1,26.1,25,5
441114,44,"Fibreboard of wood or other ligneous materials, whether or not bonded with resins or other organic substances : Medium density fibreboard (MDF) : Of a thickness exceeding 9 mm",1.1,26.1,25,5
441192,44,"Fibreboard of wood or other ligneous materials, whether or not bonded with resins or other organic substances : Other : Of a density exceeding 0,8 g/cm³",1.5,26.5,25,4
441193,44,"Fibreboard of wood or other ligneous materials, whether or not bonded with resins or other organic substances : Other : Of a density exceeding 0,5 g/cm³ but not exceeding 0,8 g/cm³",1.1,26.1,25,5
441194,44,"Fibreboard of wood or other ligneous materials, whether or not bonded with resins or other organic substances : Other : Of a density not exceeding 0,5 g/cm³",0,25,25,1
441210,44,"Plywood, veneered panels and similar laminated wood : Of bamboo",4,29,25,2
441231,44,"Plywood, veneered panels and similar laminated wood : Other plywood consisting solely of sheets of wood (other than bamboo), each ply not exceeding 6 mm thickness : With at least one outer ply of tropical wood",7,32,25,8
441233,44,"Plywood, veneered panels and similar laminated wood : Other plywood consisting solely of sheets of wood (other than bamboo), each ply not exceeding 6 mm thickness : Other, with at least one outer ply of nonconiferous wood of the species alder (Alnus spp.), ash (Fraxinus spp.), beech (Fagus spp.), birch (Betula spp.), cherry (Prunus spp.) chestnut (Castanea spp.), elm (Ulmus spp.), eucalyptus (Eucalyptus spp.), hickory (Carya spp.), horse chestnut (Aesculus spp.), lime (Tilia spp.), maple (Acer spp.) oak (Quercus spp.), plane tree (Platanus spp.), poplar and aspen (Populus spp.) robinia (Robinia spp.) tulipwood (Liriodendron spp.) or walnut (Juglans spp.)",5.3,30.3,25,4
441234,44,"Plywood, veneered panels and similar laminated wood : Other plywood consisting solely of sheets of wood (other than bamboo), each ply not exceeding 6 mm thickness : Other, with at least one outer ply of nonconiferous wood not specified under subheading 441233",7,32,25,3
441239,44,"Plywood, veneered panels and similar laminated wood : Other plywood consisting solely of sheets of wood (other than bamboo), each ply not exceeding 6 mm thickness : Other, with both outer plies of coniferous wood",4.1,29.1,25,4
441241,44,With at least one outer ply of tropical wood,0,25,25,1
441242,44,"Other, with at least one outer ply of nonconiferous wood",0,25,25,1
441249,44,"Other, with both outer plies of coniferous wood",0,25,25,1
441251,44,With at least one outer ply of tropical wood:,4,29,25,4
441252,44,"Other, with at least one outer ply of nonconiferous wood:",4,29,25,4
441259,44,"Other, with both outer plies of coniferous wood:",3.3,28.3,25,5
441291,44,With at least one outer ply of tropical wood:,3.2,28.2,25,5
441292,44,"Other, with at least one outer ply of nonconiferous wood:",3.2,28.2,25,5
441299,44,"Plywood, veneered panels and similar laminated wood : Other : Other",2.8,27.8,25,6
441300,44,"Densified wood, in blocks, plates, strips or profile shapes",3.7,28.7,25,1
441410,44,Of tropical wood,3.9,11.4,7.5,1
441490,44,Other,3.9,11.4,7.5,1
441510,44,"Packing cases, boxes, crates, drums and similar packings, of wood; cabledrums of wood; pallets, box pallets and other load boards, of wood; pallet collars of wood : Cases, boxes, crates, drums and similar packings; cabledrums",3.6,28.6,25,3
441520,44,"Packing cases, boxes, crates, drums and similar packings, of wood; cabledrums of wood; pallets, box pallets and other load boards, of wood; pallet collars of wood : Pallets, box pallets and other load boards; pallet collars",5.3,30.4,25,2
441600,44,"Casks, barrels, vats, tubs and other coopers' products and parts thereof, of wood, including staves",1.1,26.1,25,3
441700,44,"Tools, tool bodies, tool handles, broom or brush bodies and handles, of wood; boot or shoe lasts and trees, of wood",1.3,17.5,25,4
441811,44,Of tropical wood,3.2,28.2,25,1
441819,44,Other,3.2,28.2,25,1
441821,44,Of tropical wood:,4.8,29.8,25,2
441829,44,Other:,4.8,29.8,25,2
441830,44,Posts and beams other than products of subheadings 4418.81 to 4418.89,3.2,28.2,25,1
441840,44,"Builders' joinery and carpentry of wood, including cellular wood panels, assembled flooring panels, shingles and shakes : Shuttering for concrete constructional work",3.2,28.2,25,1
441850,44,"Builders' joinery and carpentry of wood, including cellular wood panels, assembled flooring panels, shingles and shakes : Shingles and shakes",0,25,25,1
441873,44,"Builders' joinery and carpentry of wood, including cellular wood panels, assembled flooring panels, shingles and shakes : Assembled flooring panels : Of bamboo or with at least the top layer (wear layer) of bamboo",2.8,27.8,25,7
441874,44,"Builders' joinery and carpentry of wood, including cellular wood panels, assembled flooring panels, shingles and shakes : Assembled flooring panels : Other, for mosaic floors",2.7,27.7,25,3
441875,44,"Builders' joinery and carpentry of wood, including cellular wood panels, assembled flooring panels, shingles and shakes : Assembled flooring panels : Other, multilayer",4.1,29.1,25,2
441879,44,"Builders' joinery and carpentry of wood, including cellular wood panels, assembled flooring panels, shingles and shakes : Assembled flooring panels : Other",3.2,28.2,25,1
441881,44,Glue-laminated timber (glulam),3.2,28.2,25,1
441882,44,Cross-laminated timber (CLT or X-lam),3.2,28.2,25,1
441883,44,I-beams,3.2,28.2,25,1
441889,44,Other,3.2,28.2,25,1
441891,44,"Builders' joinery and carpentry of wood, including cellular wood panels, assembled flooring panels, shingles and shakes : Other : Of bamboo",1.6,26.6,25,2
441892,44,Cellular wood panels,3.2,28.2,25,1
441899,44,"Builders' joinery and carpentry of wood, including cellular wood panels, assembled flooring panels, shingles and shakes : Other : Other",1.6,26.6,25,2
441911,44,"Tableware and kitchenware, of wood : Of bamboo : Bread boards, chopping boards and similar boards",3.2,3.2,0,1
441912,44,"Tableware and kitchenware, of wood : Of bamboo : Chopsticks",3.2,3.2,0,1
441919,44,"Tableware and kitchenware, of wood : Of bamboo : Other",4.3,4.3,0,2
441920,44,Of tropical wood:,4.3,8,7.5,2
441990,44,"Tableware and kitchenware, of wood : Other",4.3,8,7.5,2
442011,44,Of mango wood (Mangifera spp.),3.2,3.2,0,1
442019,44,Other,3.2,3.2,0,1
442090,44,"Wood marquetry and inlaid wood; caskets and cases for jewellery or cutlery, and similar articles, of wood; statuettes and other ornaments, of wood; wooden articles of furniture not falling in Chapter 94 : Other",1.9,22.5,25,4
442110,44,Other articles of wood : Clothes hangers,3.2,3.2,0,1
442120,44,Coffins:,3.3,28.3,25,2
442191,44,Other articles of wood : Other : Of bamboo,2.8,15.3,25,13
442199,44,Other articles of wood : Other : Other,2.6,16,25,14
480100,48,"Newsprint, in rolls or sheets",0,25,25,1
480210,48,"Uncoated paper and paperboard, of a kind used for writing, printing or other graphic purposes, and nonperforated punchcards and punchtape paper, in rolls or rectangular (including square) sheets, of any size, other than paper of heading 4801 or 4803; handmade paper and paperboard : Handmade paper and paperboard",0,25,25,1
480220,48,"Uncoated paper and paperboard, of a kind used for writing, printing or other graphic purposes, and nonperforated punchcards and punchtape paper, in rolls or rectangular (including square) sheets, of any size, other than paper of heading 4801 or 4803; handmade paper and paperboard : Paper and paperboard of a kind used as a base for photosensitive, heatsensitive or electrosensitive paper or paperboard",0,25,25,3
480240,48,"Uncoated paper and paperboard, of a kind used for writing, printing or other graphic purposes, and nonperforated punchcards and punchtape paper, in rolls or rectangular (including square) sheets, of any size, other than paper of heading 4801 or 4803; handmade paper and paperboard : Wallpaper base",0,25,25,1
480254,48,"Uncoated paper and paperboard, of a kind used for writing, printing or other graphic purposes, and nonperforated punchcards and punchtape paper, in rolls or rectangular (including square) sheets, of any size, other than paper of heading 4801 or 4803; handmade paper and paperboard : Other paper and paperboard, not containing fibres obtained by a mechanical or chemimechanical process or of which not more than 10 % by weight of the total fibre content consists of such fibres : Weighing less than 40 g/m²",0,25,25,5
480255,48,"Uncoated paper and paperboard, of a kind used for writing, printing or other graphic purposes, and nonperforated punchcards and punchtape paper, in rolls or rectangular (including square) sheets, of any size, other than paper of heading 4801 or 4803; handmade paper and paperboard : Other paper and paperboard, not containing fibres obtained by a mechanical or chemimechanical process or of which not more than 10 % by weight of the total fibre content consists of such fibres : Weighing 40 g/m² or more but not more than 150 g/m², in rolls",0,25,25,6
480256,48,"Uncoated paper and paperboard, of a kind used for writing, printing or other graphic purposes, and nonperforated punchcards and punchtape paper, in rolls or rectangular (including square) sheets, of any size, other than paper of heading 4801 or 4803; handmade paper and paperboard : Other paper and paperboard, not containing fibres obtained by a mechanical or chemimechanical process or of which not more than 10 % by weight of the total fibre content consists of such fibres : Weighing 40 g/m² or more but not more than 150 g/m², in sheets with one side not exceeding 435 mm and the other side not exceeding 297 mm in the unfolded state",0,25,25,6
480257,48,"Uncoated paper and paperboard, of a kind used for writing, printing or other graphic purposes, and nonperforated punchcards and punchtape paper, in rolls or rectangular (including square) sheets, of any size, other than paper of heading 4801 or 4803; handmade paper and paperboard : Other paper and paperboard, not containing fibres obtained by a mechanical or chemimechanical process or of which not more than 10 % by weight of the total fibre content consists of such fibres : Other, weighing 40 g/m² or more but not more than 150 g/m²",0,25,25,4
480258,48,"Uncoated paper and paperboard, of a kind used for writing, printing or other graphic purposes, and nonperforated punchcards and punchtape paper, in rolls or rectangular (including square) sheets, of any size, other than paper of heading 4801 or 4803; handmade paper and paperboard : Other paper and paperboard, not containing fibres obtained by a mechanical or chemimechanical process or of which not more than 10 % by weight of the total fibre content consists of such fibres : Weighing more than 150 g/m²",0,25,25,4
480261,48,"Uncoated paper and paperboard, of a kind used for writing, printing or other graphic purposes, and nonperforated punchcards and punchtape paper, in rolls or rectangular (including square) sheets, of any size, other than paper of heading 4801 or 4803; handmade paper and paperboard : Other paper and paperboard, of which more than 10 % by weight of the total fibre content consists of fibres obtained by a mechanical or chemimechanical process : In rolls",0,25,25,5
480262,48,"Uncoated paper and paperboard, of a kind used for writing, printing or other graphic purposes, and nonperforated punchcards and punchtape paper, in rolls or rectangular (including square) sheets, of any size, other than paper of heading 4801 or 4803; handmade paper and paperboard : Other paper and paperboard, of which more than 10 % by weight of the total fibre content consists of fibres obtained by a mechanical or chemimechanical process : In sheets with one side not exceeding 435 mm and the other side not exceeding 297 mm in the unfolded state",0,25,25,5
480269,48,"Uncoated paper and paperboard, of a kind used for writing, printing or other graphic purposes, and nonperforated punchcards and punchtape paper, in rolls or rectangular (including square) sheets, of any size, other than paper of heading 4801 or 4803; handmade paper and paperboard : Other paper and paperboard, of which more than 10 % by weight of the total fibre content consists of fibres obtained by a mechanical or chemimechanical process : Other",0,25,25,3
480300,48,"Toilet or facial tissue stock, towel or napkin stock and similar paper of a kind used for household or sanitary purposes, cellulose wadding and webs of cellulose fibres, whether or not creped, crinkled, embossed, perforated, surfacecoloured, surfacedecorated or printed, in rolls or sheets",0,25,25,2
480411,48,"Uncoated kraft paper and paperboard, in rolls or sheets, other than that of heading 4802 or 4803 : Kraftliner : Unbleached",0,25,25,1
480419,48,"Uncoated kraft paper and paperboard, in rolls or sheets, other than that of heading 4802 or 4803 : Kraftliner : Other",0,25,25,1
480421,48,"Uncoated kraft paper and paperboard, in rolls or sheets, other than that of heading 4802 or 4803 : Sack kraft paper : Unbleached",0,25,25,1
480429,48,"Uncoated kraft paper and paperboard, in rolls or sheets, other than that of heading 4802 or 4803 : Sack kraft paper : Other",0,25,25,1
480431,48,"Uncoated kraft paper and paperboard, in rolls or sheets, other than that of heading 4802 or 4803 : Other kraft paper and paperboard weighing 150 g/m² or less : Unbleached",0,25,25,4
480439,48,"Uncoated kraft paper and paperboard, in rolls or sheets, other than that of heading 4802 or 4803 : Other kraft paper and paperboard weighing 150 g/m² or less : Other",0,25,25,3
480441,48,"Uncoated kraft paper and paperboard, in rolls or sheets, other than that of heading 4802 or 4803 : Other kraft paper and paperboard weighing more than 150 g/m² but less than 225 g/m² : Unbleached",0,25,25,2
480442,48,"Uncoated kraft paper and paperboard, in rolls or sheets, other than that of heading 4802 or 4803 : Other kraft paper and paperboard weighing more than 150 g/m² but less than 225 g/m² : Bleached uniformly throughout the mass and of which more than 95 % by weight of the total fibre content consists of wood fibres obtained by a chemical process",0,25,25,1
480449,48,"Uncoated kraft paper and paperboard, in rolls or sheets, other than that of heading 4802 or 4803 : Other kraft paper and paperboard weighing more than 150 g/m² but less than 225 g/m² : Other",0,25,25,1
480451,48,"Uncoated kraft paper and paperboard, in rolls or sheets, other than that of heading 4802 or 4803 : Other kraft paper and paperboard weighing 225 g/m² or more : Unbleached",0,25,25,1
480452,48,"Uncoated kraft paper and paperboard, in rolls or sheets, other than that of heading 4802 or 4803 : Other kraft paper and paperboard weighing 225 g/m² or more : Bleached uniformly throughout the mass and of which more than 95 % by weight of the total fibre content consists of wood fibres obtained by a chemical process",0,25,25,1
480459,48,"Uncoated kraft paper and paperboard, in rolls or sheets, other than that of heading 4802 or 4803 : Other kraft paper and paperboard weighing 225 g/m² or more : Other",0,25,25,1
480511,48,"Other uncoated paper and paperboard, in rolls or sheets, not further worked or processed than as specified in note 3 to this chapter : Fluting paper : Semichemical fluting paper",0,25,25,1
480512,48,"Other uncoated paper and paperboard, in rolls or sheets, not further worked or processed than as specified in note 3 to this chapter : Fluting paper : Straw fluting paper",0,25,25,2
480519,48,"Other uncoated paper and paperboard, in rolls or sheets, not further worked or processed than as specified in note 3 to this chapter : Fluting paper : Other",0,25,25,2
480524,48,"Other uncoated paper and paperboard, in rolls or sheets, not further worked or processed than as specified in note 3 to this chapter : Testliner (recycled liner board) : Weighing 150 g/m² or less",0,25,25,3
480525,48,"Other uncoated paper and paperboard, in rolls or sheets, not further worked or processed than as specified in note 3 to this chapter : Testliner (recycled liner board) : Weighing more than 150 g/m²",0,25,25,1
480530,48,"Other uncoated paper and paperboard, in rolls or sheets, not further worked or processed than as specified in note 3 to this chapter : Sulphite wrapping paper",0,25,25,1
480540,48,"Other uncoated paper and paperboard, in rolls or sheets, not further worked or processed than as specified in note 3 to this chapter : Filter paper and paperboard",0,25,25,1
480550,48,"Other uncoated paper and paperboard, in rolls or sheets, not further worked or processed than as specified in note 3 to this chapter : Felt paper and paperboard",0,25,25,1
480591,48,"Other uncoated paper and paperboard, in rolls or sheets, not further worked or processed than as specified in note 3 to this chapter : Other : Weighing 150 g/m² or less",0,25,25,5
480592,48,"Other uncoated paper and paperboard, in rolls or sheets, not further worked or processed than as specified in note 3 to this chapter : Other : Weighing more than 150 g/m² but less than 225 g/m²",0,25,25,2
480593,48,"Other uncoated paper and paperboard, in rolls or sheets, not further worked or processed than as specified in note 3 to this chapter : Other : Weighing 225 g/m² or more",0,25,25,2
480610,48,"Vegetable parchment, greaseproof papers, tracing papers and glassine and other glazed transparent or translucent papers, in rolls or sheets : Vegetable parchment",0,25,25,1
480620,48,"Vegetable parchment, greaseproof papers, tracing papers and glassine and other glazed transparent or translucent papers, in rolls or sheets : Greaseproof papers",0,25,25,1
480630,48,"Vegetable parchment, greaseproof papers, tracing papers and glassine and other glazed transparent or translucent papers, in rolls or sheets : Tracing papers",0,25,25,1
480640,48,"Vegetable parchment, greaseproof papers, tracing papers and glassine and other glazed transparent or translucent papers, in rolls or sheets : Glassine and other glazed transparent or translucent papers",0,25,25,1
480700,48,"Composite paper and paperboard (made by sticking flat layers of paper or paperboard together with an adhesive), not surfacecoated or impregnated, whether or not internally reinforced, in rolls or sheets",0,25,25,4
480810,48,"Paper and paperboard, corrugated (with or without glued flat surface sheets), creped, crinkled, embossed or perforated, in rolls or sheets, other than paper of the kind described in heading 4803 : Corrugated paper and paperboard, whether or not perforated",0,25,25,1
480840,48,"Paper and paperboard, corrugated (with or without glued flat surface sheets), creped, crinkled, embossed or perforated, in rolls or sheets, other than paper of the kind described in heading 4803 : Kraft paper, creped or crinkled, whether or not embossed or perforated",0,25,25,1
480890,48,"Paper and paperboard, corrugated (with or without glued flat surface sheets), creped, crinkled, embossed or perforated, in rolls or sheets, other than paper of the kind described in heading 4803 : Other",0,25,25,3
480920,48,"Carbon paper, selfcopy paper and other copying or transfer papers (including coated or impregnated paper for duplicator stencils or offset plates), whether or not printed, in rolls or sheets : Selfcopy paper",0,25,25,2
480990,48,"Carbon paper, selfcopy paper and other copying or transfer papers (including coated or impregnated paper for duplicator stencils or offset plates), whether or not printed, in rolls or sheets : Other",0,25,25,5
481013,48,"Paper and paperboard, coated on one or both sides with kaolin (China clay) or other inorganic substances, with or without a binder, and with no other coating, whether or not surfacecoloured, surfacedecorated or printed, in rolls or rectangular (including square) sheets, of any size : Paper and paperboard of a kind used for writing, printing or other graphic purposes, not containing fibres obtained by a mechanical or chemimechanical process or of which not more than 10 % by weight of the total fibre content consists of such fibres : In rolls",0,25,25,7
481014,48,"Paper and paperboard, coated on one or both sides with kaolin (China clay) or other inorganic substances, with or without a binder, and with no other coating, whether or not surfacecoloured, surfacedecorated or printed, in rolls or rectangular (including square) sheets, of any size : Paper and paperboard of a kind used for writing, printing or other graphic purposes, not containing fibres obtained by a mechanical or chemimechanical process or of which not more than 10 % by weight of the total fibre content consists of such fibres : In sheets with one side not exceeding 435 mm and the other side not exceeding 297 mm in the unfolded state",0,25,25,7
481019,48,"Paper and paperboard, coated on one or both sides with kaolin (China clay) or other inorganic substances, with or without a binder, and with no other coating, whether or not surfacecoloured, surfacedecorated or printed, in rolls or rectangular (including square) sheets, of any size : Paper and paperboard of a kind used for writing, printing or other graphic purposes, not containing fibres obtained by a mechanical or chemimechanical process or of which not more than 10 % by weight of the total fibre content consists of such fibres : Other",0,25,25,4
481022,48,"Paper and paperboard, coated on one or both sides with kaolin (China clay) or other inorganic substances, with or without a binder, and with no other coating, whether or not surfacecoloured, surfacedecorated or printed, in rolls or rectangular (including square) sheets, of any size : Paper and paperboard of a kind used for writing, printing or other graphic purposes, of which more than 10 % by weight of the total fibre content consists of fibres obtained by a mechanical or chemimechanical process : Lightweight coated paper",0,25,25,4
481029,48,"Paper and paperboard, coated on one or both sides with kaolin (China clay) or other inorganic substances, with or without a binder, and with no other coating, whether or not surfacecoloured, surfacedecorated or printed, in rolls or rectangular (including square) sheets, of any size : Paper and paperboard of a kind used for writing, printing or other graphic purposes, of which more than 10 % by weight of the total fibre content consists of fibres obtained by a mechanical or chemimechanical process : Other",0,25,25,4
481031,48,"Paper and paperboard, coated on one or both sides with kaolin (China clay) or other inorganic substances, with or without a binder, and with no other coating, whether or not surfacecoloured, surfacedecorated or printed, in rolls or rectangular (including square) sheets, of any size : Kraft paper and paperboard, other than that of a kind used for writing, printing or other graphic purposes : Bleached uniformly throughout the mass and of which more than 95 % by weight of the total fibre content consists of wood fibres obtained by a chemical process, and weighing 150 g/m² or less",0,25,25,3
481032,48,"Paper and paperboard, coated on one or both sides with kaolin (China clay) or other inorganic substances, with or without a binder, and with no other coating, whether or not surfacecoloured, surfacedecorated or printed, in rolls or rectangular (including square) sheets, of any size : Kraft paper and paperboard, other than that of a kind used for writing, printing or other graphic purposes : Bleached uniformly throughout the mass and of which more than 95 % by weight of the total fibre content consists of wood fibres obtained by a chemical process, and weighing more than 150 g/m²",0,25,25,3
481039,48,"Paper and paperboard, coated on one or both sides with kaolin (China clay) or other inorganic substances, with or without a binder, and with no other coating, whether or not surfacecoloured, surfacedecorated or printed, in rolls or rectangular (including square) sheets, of any size : Kraft paper and paperboard, other than that of a kind used for writing, printing or other graphic purposes : Other",0,25,25,4
481092,48,"Paper and paperboard, coated on one or both sides with kaolin (China clay) or other inorganic substances, with or without a binder, and with no other coating, whether or not surfacecoloured, surfacedecorated or printed, in rolls or rectangular (including square) sheets, of any size : Other paper and paperboard : Multiply",0,25,25,4
481099,48,"Paper and paperboard, coated on one or both sides with kaolin (China clay) or other inorganic substances, with or without a binder, and with no other coating, whether or not surfacecoloured, surfacedecorated or printed, in rolls or rectangular (including square) sheets, of any size : Other paper and paperboard : Other",0,25,25,3
481110,48,"Paper, paperboard, cellulose wadding and webs of cellulose fibres, coated, impregnated, covered, surfacecoloured, surfacedecorated or printed, in rolls or rectangular (including square) sheets, of any size, other than goods of the kind described in heading 4803, 4809 or 4810 : Tarred, bituminised or asphalted paper and paperboard",0,25,25,2
481141,48,"Paper, paperboard, cellulose wadding and webs of cellulose fibres, coated, impregnated, covered, surfacecoloured, surfacedecorated or printed, in rolls or rectangular (including square) sheets, of any size, other than goods of the kind described in heading 4803, 4809 or 4810 : Gummed or adhesive paper and paperboard : Selfadhesive",0,25,25,3
481149,48,"Paper, paperboard, cellulose wadding and webs of cellulose fibres, coated, impregnated, covered, surfacecoloured, surfacedecorated or printed, in rolls or rectangular (including square) sheets, of any size, other than goods of the kind described in heading 4803, 4809 or 4810 : Gummed or adhesive paper and paperboard : Other",0,25,25,3
481151,48,"Paper, paperboard, cellulose wadding and webs of cellulose fibres, coated, impregnated, covered, surfacecoloured, surfacedecorated or printed, in rolls or rectangular (including square) sheets, of any size, other than goods of the kind described in heading 4803, 4809 or 4810 : Paper and paperboard, coated, impregnated or covered with plastics (excluding adhesives) : Bleached, weighing more than 150 g/m²",0,25,25,3
481159,48,"Paper, paperboard, cellulose wadding and webs of cellulose fibres, coated, impregnated, covered, surfacecoloured, surfacedecorated or printed, in rolls or rectangular (including square) sheets, of any size, other than goods of the kind described in heading 4803, 4809 or 4810 : Paper and paperboard, coated, impregnated or covered with plastics (excluding adhesives) : Other",0,25,25,3
481160,48,"Paper, paperboard, cellulose wadding and webs of cellulose fibres, coated, impregnated, covered, surfacecoloured, surfacedecorated or printed, in rolls or rectangular (including square) sheets, of any size, other than goods of the kind described in heading 4803, 4809 or 4810 : Paper and paperboard, coated, impregnated or covered with wax, paraffin wax, stearin, oil or glycerol",0,25,25,2
481190,48,"Paper, paperboard, cellulose wadding and webs of cellulose fibres, coated, impregnated, covered, surfacecoloured, surfacedecorated or printed, in rolls or rectangular (including square) sheets, of any size, other than goods of the kind described in heading 4803, 4809 or 4810 : Other paper, paperboard, cellulose wadding and webs of cellulose fibres",0,25,25,7
481200,48,"Filter blocks, slabs and plates, of paper pulp",0,25,25,1
481310,48,"Cigarette paper, whether or not cut to size or in the form of booklets or tubes : In the form of booklets or tubes",0,25,25,1
481320,48,"Cigarette paper, whether or not cut to size or in the form of booklets or tubes : In rolls of a width not exceeding 5 cm",0,25,25,1
481390,48,"Cigarette paper, whether or not cut to size or in the form of booklets or tubes : Other",0,25,25,1
481420,48,"Wallpaper and similar wallcoverings; window transparencies of paper : Wallpaper and similar wallcoverings, consisting of paper coated or covered, on the face side, with a grained, embossed, coloured, designprinted or otherwise decorated layer of plastics",0,7.5,7.5,1
481490,48,Wallpaper and similar wallcoverings; window transparencies of paper : Other,0,7.5,7.5,1
481620,48,"Carbon paper, selfcopy paper and other copying or transfer papers (other than those of heading 4809), duplicator stencils and offset plates, of paper, whether or not put up in boxes : Selfcopy paper",0,25,25,1
481690,48,"Carbon paper, selfcopy paper and other copying or transfer papers (other than those of heading 4809), duplicator stencils and offset plates, of paper, whether or not put up in boxes : Other",0,25,25,1
481710,48,"Envelopes, letter cards, plain postcards and correspondence cards, of paper or paperboard; boxes, pouches, wallets and writing compendiums, of paper or paperboard, containing an assortment of paper stationery : Envelopes",0,25,25,1
481720,48,"Envelopes, letter cards, plain postcards and correspondence cards, of paper or paperboard; boxes, pouches, wallets and writing compendiums, of paper or paperboard, containing an assortment of paper stationery : Letter cards, plain postcards and correspondence cards",0,25,25,2
481730,48,"Envelopes, letter cards, plain postcards and correspondence cards, of paper or paperboard; boxes, pouches, wallets and writing compendiums, of paper or paperboard, containing an assortment of paper stationery : Boxes, pouches, wallets and writing compendiums, of paper or paperboard, containing an assortment of paper stationery",0,25,25,1
481810,48,"Toilet paper and similar paper, cellulose wadding or webs of cellulose fibres, of a kind used for household or sanitary purposes, in rolls of a width not exceeding 36 cm, or cut to size or shape; handkerchiefs, cleansing tissues, towels, tablecloths, serviettes, bedsheets and similar household, sanitary or hospital articles, articles of apparel and clothing accessories, of paper pulp, paper, cellulose wadding or webs of cellulose fibres : Toilet paper",0,25,25,1
481820,48,"Toilet paper and similar paper, cellulose wadding or webs of cellulose fibres, of a kind used for household or sanitary purposes, in rolls of a width not exceeding 36 cm, or cut to size or shape; handkerchiefs, cleansing tissues, towels, tablecloths, serviettes, bedsheets and similar household, sanitary or hospital articles, articles of apparel and clothing accessories, of paper pulp, paper, cellulose wadding or webs of cellulose fibres : Handkerchiefs, cleansing or facial tissues and towels",0,25,25,1
481830,48,"Toilet paper and similar paper, cellulose wadding or webs of cellulose fibres, of a kind used for household or sanitary purposes, in rolls of a width not exceeding 36 cm, or cut to size or shape; handkerchiefs, cleansing tissues, towels, tablecloths, serviettes, bedsheets and similar household, sanitary or hospital articles, articles of apparel and clothing accessories, of paper pulp, paper, cellulose wadding or webs of cellulose fibres : Tablecloths and serviettes",0,25,25,1
481850,48,"Toilet paper and similar paper, cellulose wadding or webs of cellulose fibres, of a kind used for household or sanitary purposes, in rolls of a width not exceeding 36 cm, or cut to size or shape; handkerchiefs, cleansing tissues, towels, tablecloths, serviettes, bedsheets and similar household, sanitary or hospital articles, articles of apparel and clothing accessories, of paper pulp, paper, cellulose wadding or webs of cellulose fibres : Articles of apparel and clothing accessories",0,25,25,1
481890,48,"Toilet paper and similar paper, cellulose wadding or webs of cellulose fibres, of a kind used for household or sanitary purposes, in rolls of a width not exceeding 36 cm, or cut to size or shape; handkerchiefs, cleansing tissues, towels, tablecloths, serviettes, bedsheets and similar household, sanitary or hospital articles, articles of apparel and clothing accessories, of paper pulp, paper, cellulose wadding or webs of cellulose fibres : Other",0,7.5,7.5,1
481910,48,"Cartons, boxes, cases, bags and other packing containers, of paper, paperboard, cellulose wadding or webs of cellulose fibres; box files, letter trays, and similar articles, of paper or paperboard, of a kind used in offices, shops or the like : Cartons, boxes and cases, of corrugated paper or paperboard",0,25,25,1
481920,48,"Cartons, boxes, cases, bags and other packing containers, of paper, paperboard, cellulose wadding or webs of cellulose fibres; box files, letter trays, and similar articles, of paper or paperboard, of a kind used in offices, shops or the like : Folding cartons, boxes and cases, of noncorrugated paper or paperboard",0,25,25,1
481930,48,"Cartons, boxes, cases, bags and other packing containers, of paper, paperboard, cellulose wadding or webs of cellulose fibres; box files, letter trays, and similar articles, of paper or paperboard, of a kind used in offices, shops or the like : Sacks and bags, having a base of a width of 40 cm or more",0,25,25,1
481940,48,"Cartons, boxes, cases, bags and other packing containers, of paper, paperboard, cellulose wadding or webs of cellulose fibres; box files, letter trays, and similar articles, of paper or paperboard, of a kind used in offices, shops or the like : Other sacks and bags, including cones",0,25,25,1
481950,48,"Cartons, boxes, cases, bags and other packing containers, of paper, paperboard, cellulose wadding or webs of cellulose fibres; box files, letter trays, and similar articles, of paper or paperboard, of a kind used in offices, shops or the like : Other packing containers, including record sleeves",0,25,25,3
481960,48,"Cartons, boxes, cases, bags and other packing containers, of paper, paperboard, cellulose wadding or webs of cellulose fibres; box files, letter trays, and similar articles, of paper or paperboard, of a kind used in offices, shops or the like : Box files, letter trays, storage boxes and similar articles, of a kind used in offices, shops or the like",0,25,25,1
482010,48,"Registers, account books, notebooks, order books, receipt books, letter pads, memorandum pads, diaries and similar articles, exercise books, blotting pads, binders (looseleaf or other), folders, file covers, manifold business forms, interleaved carbon sets and other articles of stationery, of paper or paperboard; albums for samples or for collections and book covers, of paper or paperboard : Registers, account books, notebooks, order books, receipt books, letter pads, memorandum pads, diaries and similar articles",0,25,25,2
482020,48,"Registers, account books, notebooks, order books, receipt books, letter pads, memorandum pads, diaries and similar articles, exercise books, blotting pads, binders (looseleaf or other), folders, file covers, manifold business forms, interleaved carbon sets and other articles of stationery, of paper or paperboard; albums for samples or for collections and book covers, of paper or paperboard : Exercise books",0,25,25,1
482030,48,"Registers, account books, notebooks, order books, receipt books, letter pads, memorandum pads, diaries and similar articles, exercise books, blotting pads, binders (looseleaf or other), folders, file covers, manifold business forms, interleaved carbon sets and other articles of stationery, of paper or paperboard; albums for samples or for collections and book covers, of paper or paperboard : Binders (other than book covers), folders and file covers",0,25,25,1
482040,48,"Registers, account books, notebooks, order books, receipt books, letter pads, memorandum pads, diaries and similar articles, exercise books, blotting pads, binders (looseleaf or other), folders, file covers, manifold business forms, interleaved carbon sets and other articles of stationery, of paper or paperboard; albums for samples or for collections and book covers, of paper or paperboard : Manifold business forms and interleaved carbon sets",0,25,25,1
482050,48,"Registers, account books, notebooks, order books, receipt books, letter pads, memorandum pads, diaries and similar articles, exercise books, blotting pads, binders (looseleaf or other), folders, file covers, manifold business forms, interleaved carbon sets and other articles of stationery, of paper or paperboard; albums for samples or for collections and book covers, of paper or paperboard : Albums for samples or for collections",0,25,25,1
482090,48,"Registers, account books, notebooks, order books, receipt books, letter pads, memorandum pads, diaries and similar articles, exercise books, blotting pads, binders (looseleaf or other), folders, file covers, manifold business forms, interleaved carbon sets and other articles of stationery, of paper or paperboard; albums for samples or for collections and book covers, of paper or paperboard : Other",0,25,25,1
482110,48,"Paper or paperboard labels of all kinds, whether or not printed : Printed",0,25,25,2
482190,48,"Paper or paperboard labels of all kinds, whether or not printed : Other",0,25,25,2
482210,48,"Bobbins, spools, cops and similar supports, of paper pulp, paper or paperboard (whether or not perforated or hardened) : Of a kind used for winding textile yarn",0,25,25,1
482290,48,"Bobbins, spools, cops and similar supports, of paper pulp, paper or paperboard (whether or not perforated or hardened) : Other",0,25,25,1
482320,48,"Other paper, paperboard, cellulose wadding and webs of cellulose fibres, cut to size or shape; other articles of paper pulp, paper, paperboard, cellulose wadding or webs of cellulose fibres : Filter paper and paperboard",0,25,25,2
482340,48,"Other paper, paperboard, cellulose wadding and webs of cellulose fibres, cut to size or shape; other articles of paper pulp, paper, paperboard, cellulose wadding or webs of cellulose fibres : Rolls, sheets and dials, printed for selfrecording apparatus",0,25,25,1
482361,48,"Other paper, paperboard, cellulose wadding and webs of cellulose fibres, cut to size or shape; other articles of paper pulp, paper, paperboard, cellulose wadding or webs of cellulose fibres : Trays, dishes, plates, cups and the like, of paper or paperboard : Of bamboo",0,25,25,1
482369,48,"Other paper, paperboard, cellulose wadding and webs of cellulose fibres, cut to size or shape; other articles of paper pulp, paper, paperboard, cellulose wadding or webs of cellulose fibres : Trays, dishes, plates, cups and the like, of paper or paperboard : Other",0,25,25,1
482370,48,"Other paper, paperboard, cellulose wadding and webs of cellulose fibres, cut to size or shape; other articles of paper pulp, paper, paperboard, cellulose wadding or webs of cellulose fibres : Moulded or pressed articles of paper pulp",0,25,25,1
482390,48,"Other paper, paperboard, cellulose wadding and webs of cellulose fibres, cut to size or shape; other articles of paper pulp, paper, paperboard, cellulose wadding or webs of cellulose fibres : Other",0,25,25,10
610120,61,"Men's or boys' overcoats, car coats, capes, cloaks, anoraks (including ski jackets), windcheaters, windjackets and similar articles, knitted or crocheted, other than those of heading 6103 : Of cotton",15.9,23.4,7.5,1
610130,61,"Men's or boys' overcoats, car coats, capes, cloaks, anoraks (including ski jackets), windcheaters, windjackets and similar articles, knitted or crocheted, other than those of heading 6103 : Of manmade fibres",14.6,22.1,7.5,3
610190,61,"Men's or boys' overcoats, car coats, capes, cloaks, anoraks (including ski jackets), windcheaters, windjackets and similar articles, knitted or crocheted, other than those of heading 6103 : Of other textile materials",7.5,15,7.5,3
610210,61,"Women's or girls' overcoats, car coats, capes, cloaks, anoraks (including ski jackets), windcheaters, windjackets and similar articles, knitted or crocheted, other than those of heading 6104 : Of wool or fine animal hair",16.4,23.9,7.5,1
610220,61,"Women's or girls' overcoats, car coats, capes, cloaks, anoraks (including ski jackets), windcheaters, windjackets and similar articles, knitted or crocheted, other than those of heading 6104 : Of cotton",15.9,23.4,7.5,1
610230,61,"Women's or girls' overcoats, car coats, capes, cloaks, anoraks (including ski jackets), windcheaters, windjackets and similar articles, knitted or crocheted, other than those of heading 6104 : Of manmade fibres",17.4,24.9,7.5,3
610290,61,"Women's or girls' overcoats, car coats, capes, cloaks, anoraks (including ski jackets), windcheaters, windjackets and similar articles, knitted or crocheted, other than those of heading 6104 : Of other textile materials",3.3,10.8,7.5,2
610310,61,"Men's or boys' suits, ensembles, jackets, blazers, trousers, bib and brace overalls, breeches and shorts (other than swimwear), knitted or crocheted : Suits",8.7,14.3,7.5,8
610322,61,"Men's or boys' suits, ensembles, jackets, blazers, trousers, bib and brace overalls, breeches and shorts (other than swimwear), knitted or crocheted : Ensembles : Of cotton",,7.5,7.5,1
610323,61,"Men's or boys' suits, ensembles, jackets, blazers, trousers, bib and brace overalls, breeches and shorts (other than swimwear), knitted or crocheted : Ensembles : Of synthetic fibres",,7.5,7.5,1
610329,61,"Men's or boys' suits, ensembles, jackets, blazers, trousers, bib and brace overalls, breeches and shorts (other than swimwear), knitted or crocheted : Ensembles : Of other textile materials",,7.5,7.5,3
610331,61,"Men's or boys' suits, ensembles, jackets, blazers, trousers, bib and brace overalls, breeches and shorts (other than swimwear), knitted or crocheted : Jackets and blazers : Of wool or fine animal hair",10,17.5,7.5,1
610332,61,"Men's or boys' suits, ensembles, jackets, blazers, trousers, bib and brace overalls, breeches and shorts (other than swimwear), knitted or crocheted : Jackets and blazers : Of cotton",13.5,21,7.5,1
610333,61,"Men's or boys' suits, ensembles, jackets, blazers, trousers, bib and brace overalls, breeches and shorts (other than swimwear), knitted or crocheted : Jackets and blazers : Of synthetic fibres",19.1,26.6,7.5,2
610339,61,"Men's or boys' suits, ensembles, jackets, blazers, trousers, bib and brace overalls, breeches and shorts (other than swimwear), knitted or crocheted : Jackets and blazers : Of other textile materials",7.1,14.6,7.5,3
610341,61,"Men's or boys' suits, ensembles, jackets, blazers, trousers, bib and brace overalls, breeches and shorts (other than swimwear), knitted or crocheted : Trousers, bib and brace overalls, breeches and shorts : Of wool or fine animal hair",14.7,22.2,7.5,2
610342,61,"Men's or boys' suits, ensembles, jackets, blazers, trousers, bib and brace overalls, breeches and shorts (other than swimwear), knitted or crocheted : Trousers, bib and brace overalls, breeches and shorts : Of cotton",13.2,20.7,7.5,2
610343,61,"Men's or boys' suits, ensembles, jackets, blazers, trousers, bib and brace overalls, breeches and shorts (other than swimwear), knitted or crocheted : Trousers, bib and brace overalls, breeches and shorts : Of synthetic fibres",19.4,26.9,7.5,3
610349,61,"Men's or boys' suits, ensembles, jackets, blazers, trousers, bib and brace overalls, breeches and shorts (other than swimwear), knitted or crocheted : Trousers, bib and brace overalls, breeches and shorts : Of other textile materials",12.1,19.6,7.5,4
610413,61,"Women's or girls' suits, ensembles, jackets, blazers, dresses, skirts, divided skirts, trousers, bib and brace overalls, breeches and shorts (other than swimwear), knitted or crocheted : Suits : Of synthetic fibres",7.5,11.2,7.5,2
610419,61,"Women's or girls' suits, ensembles, jackets, blazers, dresses, skirts, divided skirts, trousers, bib and brace overalls, breeches and shorts (other than swimwear), knitted or crocheted : Suits : Of other textile materials",6.3,12.6,7.5,6
610422,61,"Women's or girls' suits, ensembles, jackets, blazers, dresses, skirts, divided skirts, trousers, bib and brace overalls, breeches and shorts (other than swimwear), knitted or crocheted : Ensembles : Of cotton",,7.5,7.5,1
610423,61,"Women's or girls' suits, ensembles, jackets, blazers, dresses, skirts, divided skirts, trousers, bib and brace overalls, breeches and shorts (other than swimwear), knitted or crocheted : Ensembles : Of synthetic fibres",,7.5,7.5,1
610429,61,"Women's or girls' suits, ensembles, jackets, blazers, dresses, skirts, divided skirts, trousers, bib and brace overalls, breeches and shorts (other than swimwear), knitted or crocheted : Ensembles : Of other textile materials",,5,7.5,3
610431,61,"Women's or girls' suits, ensembles, jackets, blazers, dresses, skirts, divided skirts, trousers, bib and brace overalls, breeches and shorts (other than swimwear), knitted or crocheted : Jackets and blazers : Of wool or fine animal hair",16,23.5,7.5,1
610432,61,"Women's or girls' suits, ensembles, jackets, blazers, dresses, skirts, divided skirts, trousers, bib and brace overalls, breeches and shorts (other than swimwear), knitted or crocheted : Jackets and blazers : Of cotton",14.9,22.4,7.5,1
610433,61,"Women's or girls' suits, ensembles, jackets, blazers, dresses, skirts, divided skirts, trousers, bib and brace overalls, breeches and shorts (other than swimwear), knitted or crocheted : Jackets and blazers : Of synthetic fibres",22.4,26.1,7.5,2
610439,61,"Women's or girls' suits, ensembles, jackets, blazers, dresses, skirts, divided skirts, trousers, bib and brace overalls, breeches and shorts (other than swimwear), knitted or crocheted : Jackets and blazers : Of other textile materials",12,19.5,7.5,2
610441,61,"Women's or girls' suits, ensembles, jackets, blazers, dresses, skirts, divided skirts, trousers, bib and brace overalls, breeches and shorts (other than swimwear), knitted or crocheted : Dresses : Of wool or fine animal hair",13.6,21.1,7.5,1
610442,61,"Women's or girls' suits, ensembles, jackets, blazers, dresses, skirts, divided skirts, trousers, bib and brace overalls, breeches and shorts (other than swimwear), knitted or crocheted : Dresses : Of cotton",11.5,19,7.5,1
610443,61,"Women's or girls' suits, ensembles, jackets, blazers, dresses, skirts, divided skirts, trousers, bib and brace overalls, breeches and shorts (other than swimwear), knitted or crocheted : Dresses : Of synthetic fibres",15.4,22.9,7.5,2
610444,61,"Women's or girls' suits, ensembles, jackets, blazers, dresses, skirts, divided skirts, trousers, bib and brace overalls, breeches and shorts (other than swimwear), knitted or crocheted : Dresses : Of artificial fibres",14.9,22.4,7.5,2
610449,61,"Women's or girls' suits, ensembles, jackets, blazers, dresses, skirts, divided skirts, trousers, bib and brace overalls, breeches and shorts (other than swimwear), knitted or crocheted : Dresses : Of other textile materials",3.3,10.8,7.5,2
610451,61,"Women's or girls' suits, ensembles, jackets, blazers, dresses, skirts, divided skirts, trousers, bib and brace overalls, breeches and shorts (other than swimwear), knitted or crocheted : Skirts and divided skirts : Of wool or fine animal hair",14.9,22.4,7.5,1
610452,61,"Women's or girls' suits, ensembles, jackets, blazers, dresses, skirts, divided skirts, trousers, bib and brace overalls, breeches and shorts (other than swimwear), knitted or crocheted : Skirts and divided skirts : Of cotton",8.3,15.8,7.5,1
610453,61,"Women's or girls' suits, ensembles, jackets, blazers, dresses, skirts, divided skirts, trousers, bib and brace overalls, breeches and shorts (other than swimwear), knitted or crocheted : Skirts and divided skirts : Of synthetic fibres",15.4,19.2,7.5,2
610459,61,"Women's or girls' suits, ensembles, jackets, blazers, dresses, skirts, divided skirts, trousers, bib and brace overalls, breeches and shorts (other than swimwear), knitted or crocheted : Skirts and divided skirts : Of other textile materials",4.8,12.3,7.5,3
610461,61,"Women's or girls' suits, ensembles, jackets, blazers, dresses, skirts, divided skirts, trousers, bib and brace overalls, breeches and shorts (other than swimwear), knitted or crocheted : Trousers, bib and brace overalls, breeches and shorts : Of wool or fine animal hair",14.9,22.4,7.5,1
610462,61,"Women's or girls' suits, ensembles, jackets, blazers, dresses, skirts, divided skirts, trousers, bib and brace overalls, breeches and shorts (other than swimwear), knitted or crocheted : Trousers, bib and brace overalls, breeches and shorts : Of cotton",12.6,20.1,7.5,2
610463,61,"Women's or girls' suits, ensembles, jackets, blazers, dresses, skirts, divided skirts, trousers, bib and brace overalls, breeches and shorts (other than swimwear), knitted or crocheted : Trousers, bib and brace overalls, breeches and shorts : Of synthetic fibres",19.3,26.8,7.5,3
610469,61,"Women's or girls' suits, ensembles, jackets, blazers, dresses, skirts, divided skirts, trousers, bib and brace overalls, breeches and shorts (other than swimwear), knitted or crocheted : Trousers, bib and brace overalls, breeches and shorts : Of other textile materials",12.1,19.6,7.5,4
610510,61,"Men's or boys' shirts, knitted or crocheted : Of cotton",19.7,27.2,7.5,1
610520,61,"Men's or boys' shirts, knitted or crocheted : Of manmade fibres",22.8,30.3,7.5,2
610590,61,"Men's or boys' shirts, knitted or crocheted : Of other textile materials",7.1,12.1,7.5,3
610610,61,"Women's or girls' blouses, shirts and shirtblouses, knitted or crocheted : Of cotton",19.7,27.2,7.5,1
610620,61,"Women's or girls' blouses, shirts and shirtblouses, knitted or crocheted : Of manmade fibres",23.4,30.9,7.5,2
610690,61,"Women's or girls' blouses, shirts and shirtblouses, knitted or crocheted : Of other textile materials",6.2,13.7,7.5,4
610711,61,"Men's or boys' underpants, briefs, nightshirts, pyjamas, bathrobes, dressing gowns and similar articles, knitted or crocheted : Underpants and briefs : Of cotton",7.4,14.9,7.5,1
610712,61,"Men's or boys' underpants, briefs, nightshirts, pyjamas, bathrobes, dressing gowns and similar articles, knitted or crocheted : Underpants and briefs : Of manmade fibres",14.9,22.4,7.5,1
610719,61,"Men's or boys' underpants, briefs, nightshirts, pyjamas, bathrobes, dressing gowns and similar articles, knitted or crocheted : Underpants and briefs : Of other textile materials",3.3,7,7.5,2
610721,61,"Men's or boys' underpants, briefs, nightshirts, pyjamas, bathrobes, dressing gowns and similar articles, knitted or crocheted : Nightshirts and pyjamas : Of cotton",8.9,16.4,7.5,1
610722,61,"Men's or boys' underpants, briefs, nightshirts, pyjamas, bathrobes, dressing gowns and similar articles, knitted or crocheted : Nightshirts and pyjamas : Of manmade fibres",16,23.5,7.5,1
610729,61,"Men's or boys' underpants, briefs, nightshirts, pyjamas, bathrobes, dressing gowns and similar articles, knitted or crocheted : Nightshirts and pyjamas : Of other textile materials",5,12.5,7.5,3
610791,61,"Men's or boys' underpants, briefs, nightshirts, pyjamas, bathrobes, dressing gowns and similar articles, knitted or crocheted : Other : Of cotton",8.7,16.2,7.5,1
610799,61,"Men's or boys' underpants, briefs, nightshirts, pyjamas, bathrobes, dressing gowns and similar articles, knitted or crocheted : Other : Of other textile materials",8.5,10.4,7.5,4
610811,61,"Women's or girls' slips, petticoats, briefs, panties, nightdresses, pyjamas, négligés, bathrobes, dressing gowns and similar articles, knitted or crocheted : Slips and petticoats : Of manmade fibres",14.9,22.4,7.5,1
610819,61,"Women's or girls' slips, petticoats, briefs, panties, nightdresses, pyjamas, négligés, bathrobes, dressing gowns and similar articles, knitted or crocheted : Slips and petticoats : Of other textile materials",3.8,7.6,7.5,2
610821,61,"Women's or girls' slips, petticoats, briefs, panties, nightdresses, pyjamas, négligés, bathrobes, dressing gowns and similar articles, knitted or crocheted : Briefs and panties : Of cotton",7.6,15.1,7.5,1
610822,61,"Women's or girls' slips, petticoats, briefs, panties, nightdresses, pyjamas, négligés, bathrobes, dressing gowns and similar articles, knitted or crocheted : Briefs and panties : Of manmade fibres",11.9,19.5,7.5,2
610829,61,"Women's or girls' slips, petticoats, briefs, panties, nightdresses, pyjamas, négligés, bathrobes, dressing gowns and similar articles, knitted or crocheted : Briefs and panties : Of other textile materials",7.7,11.5,7.5,2
610831,61,"Women's or girls' slips, petticoats, briefs, panties, nightdresses, pyjamas, négligés, bathrobes, dressing gowns and similar articles, knitted or crocheted : Nightdresses and pyjamas : Of cotton",8.5,16,7.5,1
610832,61,"Women's or girls' slips, petticoats, briefs, panties, nightdresses, pyjamas, négligés, bathrobes, dressing gowns and similar articles, knitted or crocheted : Nightdresses and pyjamas : Of manmade fibres",16,23.5,7.5,1
610839,61,"Women's or girls' slips, petticoats, briefs, panties, nightdresses, pyjamas, négligés, bathrobes, dressing gowns and similar articles, knitted or crocheted : Nightdresses and pyjamas : Of other textile materials",4.3,4.3,0,3
610891,61,"Women's or girls' slips, petticoats, briefs, panties, nightdresses, pyjamas, négligés, bathrobes, dressing gowns and similar articles, knitted or crocheted : Other : Of cotton",8.5,16,7.5,1
610892,61,"Women's or girls' slips, petticoats, briefs, panties, nightdresses, pyjamas, négligés, bathrobes, dressing gowns and similar articles, knitted or crocheted : Other : Of manmade fibres",16,23.5,7.5,1
610899,61,"Women's or girls' slips, petticoats, briefs, panties, nightdresses, pyjamas, négligés, bathrobes, dressing gowns and similar articles, knitted or crocheted : Other : Of other textile materials",4.3,9.3,7.5,3
610910,61,"Tshirts, singlets and other vests, knitted or crocheted : Of cotton",16.5,24,7.5,1
610990,61,"Tshirts, singlets and other vests, knitted or crocheted : Of other textile materials",14.1,19.7,7.5,4
611011,61,"Jerseys, pullovers, cardigans, waistcoats and similar articles, knitted or crocheted : Of wool or fine animal hair : Of wool",16,23.5,7.5,1
611012,61,"Jerseys, pullovers, cardigans, waistcoats and similar articles, knitted or crocheted : Of wool or fine animal hair : Of Kashmir (cashmere) goats",10,13.8,7.5,2
611019,61,"Jerseys, pullovers, cardigans, waistcoats and similar articles, knitted or crocheted : Of wool or fine animal hair : Other",16,23.5,7.5,1
611020,61,"Jerseys, pullovers, cardigans, waistcoats and similar articles, knitted or crocheted : Of cotton",10.8,18.3,7.5,2
611030,61,"Jerseys, pullovers, cardigans, waistcoats and similar articles, knitted or crocheted : Of manmade fibres",15.3,20.9,7.5,4
611090,61,"Jerseys, pullovers, cardigans, waistcoats and similar articles, knitted or crocheted : Of other textile materials",3.5,7.2,7.5,2
611120,61,"Babies' garments and clothing accessories, knitted or crocheted : Of cotton",14,21.5,7.5,6
611130,61,"Babies' garments and clothing accessories, knitted or crocheted : Of synthetic fibres",27.6,35.1,7.5,5
611190,61,"Babies' garments and clothing accessories, knitted or crocheted : Of other textile materials",11.7,18.2,7.5,8
611211,61,"Tracksuits, ski suits and swimwear, knitted or crocheted : Tracksuits : Of cotton",14.9,22.4,7.5,1
611212,61,"Tracksuits, ski suits and swimwear, knitted or crocheted : Tracksuits : Of synthetic fibres",28.2,35.7,7.5,1
611219,61,"Tracksuits, ski suits and swimwear, knitted or crocheted : Tracksuits : Of other textile materials",17.8,25.3,7.5,3
611220,61,"Tracksuits, ski suits and swimwear, knitted or crocheted : Ski suits",18.3,25.8,7.5,2
611231,61,"Tracksuits, ski suits and swimwear, knitted or crocheted : Men's or boys' swimwear : Of synthetic fibres",25.9,33.4,7.5,1
611239,61,"Tracksuits, ski suits and swimwear, knitted or crocheted : Men's or boys' swimwear : Of other textile materials",13.2,20.7,7.5,1
611241,61,"Tracksuits, ski suits and swimwear, knitted or crocheted : Women's or girls' swimwear : Of synthetic fibres",24.9,32.4,7.5,1
611249,61,"Tracksuits, ski suits and swimwear, knitted or crocheted : Women's or girls' swimwear : Of other textile materials",13.2,20.7,7.5,1
611300,61,"Garments, made up of knitted or crocheted fabrics of heading 5903, 5906 or 5907",5.4,12.9,7.5,2
611420,61,"Other garments, knitted or crocheted : Of cotton",10.8,18.3,7.5,1
611430,61,"Other garments, knitted or crocheted : Of manmade fibres",25,32.5,7.5,3
611490,61,"Other garments, knitted or crocheted : Of other textile materials",6.2,11.2,7.5,3
611510,61,"Pantyhose, tights, stockings, socks and other hosiery, including graduated compression hosiery (for example, stockings for varicose veins) and footwear without applied soles, knitted or crocheted : Graduated compression hosiery (for example, stockings for varicose veins)",11.9,18.4,7.5,7
611521,61,"Pantyhose, tights, stockings, socks and other hosiery, including graduated compression hosiery (for example, stockings for varicose veins) and footwear without applied soles, knitted or crocheted : Other pantyhose and tights : Of synthetic fibres, measuring per single yarn less than 67 decitex",16,23.5,7.5,1
611522,61,"Pantyhose, tights, stockings, socks and other hosiery, including graduated compression hosiery (for example, stockings for varicose veins) and footwear without applied soles, knitted or crocheted : Other pantyhose and tights : Of synthetic fibres, measuring per single yarn 67 decitex or more",14.9,14.9,0,1
611529,61,"Pantyhose, tights, stockings, socks and other hosiery, including graduated compression hosiery (for example, stockings for varicose veins) and footwear without applied soles, knitted or crocheted : Other pantyhose and tights : Of other textile materials",9.3,13.1,7.5,2
611530,61,"Pantyhose, tights, stockings, socks and other hosiery, including graduated compression hosiery (for example, stockings for varicose veins) and footwear without applied soles, knitted or crocheted : Other women's fulllength or kneelength hosiery, measuring per single yarn less than 67 decitex",8.7,16.2,7.5,2
611594,61,"Pantyhose, tights, stockings, socks and other hosiery, including graduated compression hosiery (for example, stockings for varicose veins) and footwear without applied soles, knitted or crocheted : Other : Of wool or fine animal hair",11.3,18.8,7.5,1
611595,61,"Pantyhose, tights, stockings, socks and other hosiery, including graduated compression hosiery (for example, stockings for varicose veins) and footwear without applied soles, knitted or crocheted : Other : Of cotton",11.8,19.3,7.5,2
611596,61,"Pantyhose, tights, stockings, socks and other hosiery, including graduated compression hosiery (for example, stockings for varicose veins) and footwear without applied soles, knitted or crocheted : Other : Of synthetic fibres",16.7,20.4,7.5,2
611599,61,"Pantyhose, tights, stockings, socks and other hosiery, including graduated compression hosiery (for example, stockings for varicose veins) and footwear without applied soles, knitted or crocheted : Other : Of other textile materials",11.2,16.9,7.5,4
611610,61,"Gloves, mittens and mitts, knitted or crocheted : Impregnated, coated or covered with plastics or rubber",10.8,16.8,7.5,10
611691,61,"Gloves, mittens and mitts, knitted or crocheted : Other : Of wool or fine animal hair",7,14.5,7.5,1
611692,61,"Gloves, mittens and mitts, knitted or crocheted : Other : Of cotton",11.4,16.4,7.5,6
611693,61,"Gloves, mittens and mitts, knitted or crocheted : Other : Of synthetic fibres",9,14,7.5,6
611699,61,"Gloves, mittens and mitts, knitted or crocheted : Other : Of other textile materials",7.4,8.6,7.5,6
611710,61,"Other madeup clothing accessories, knitted or crocheted; knitted or crocheted parts of garments or of clothing accessories : Shawls, scarves, mufflers, mantillas, veils and the like",8,13.6,7.5,4
611780,61,"Other madeup clothing accessories, knitted or crocheted; knitted or crocheted parts of garments or of clothing accessories : Other accessories",7.5,12,7.5,5
611790,61,"Other madeup clothing accessories, knitted or crocheted; knitted or crocheted parts of garments or of clothing accessories : Parts",8.4,16,7.5,2
620120,62,Of wool or fine animal hair:,14.5,22,7.5,5
620130,62,Of cotton:,6.7,13.3,7.5,8
620140,62,Of man-made fibers:,15.3,22.8,7.5,13
620190,62,Of other textile materials:,1.9,9.4,7.5,6
620220,62,Of wool or fine animal hair:,15.4,22.9,7.5,5
620230,62,Of cotton:,6.5,14,7.5,8
620240,62,Of man-made fibers:,15.3,22.3,7.5,13
620290,62,Of other textile materials:,1.4,8.9,7.5,6
620311,62,"Men's or boys' suits, ensembles, jackets, blazers, trousers, bib and brace overalls, breeches and shorts (other than swimwear) : Suits : Of wool or fine animal hair",12.5,20,7.5,4
620312,62,"Men's or boys' suits, ensembles, jackets, blazers, trousers, bib and brace overalls, breeches and shorts (other than swimwear) : Suits : Of synthetic fibres",22.4,29.9,7.5,2
620319,62,"Men's or boys' suits, ensembles, jackets, blazers, trousers, bib and brace overalls, breeches and shorts (other than swimwear) : Suits : Of other textile materials",12,15,7.5,5
620322,62,"Men's or boys' suits, ensembles, jackets, blazers, trousers, bib and brace overalls, breeches and shorts (other than swimwear) : Ensembles : Of cotton",7.5,11.3,7.5,2
620323,62,"Men's or boys' suits, ensembles, jackets, blazers, trousers, bib and brace overalls, breeches and shorts (other than swimwear) : Ensembles : Of synthetic fibres",,0,0,1
620329,62,"Men's or boys' suits, ensembles, jackets, blazers, trousers, bib and brace overalls, breeches and shorts (other than swimwear) : Ensembles : Of other textile materials",,7.5,7.5,4
620331,62,"Men's or boys' suits, ensembles, jackets, blazers, trousers, bib and brace overalls, breeches and shorts (other than swimwear) : Jackets and blazers : Of wool or fine animal hair",17.5,25,7.5,2
620332,62,"Men's or boys' suits, ensembles, jackets, blazers, trousers, bib and brace overalls, breeches and shorts (other than swimwear) : Jackets and blazers : Of cotton",6.1,13.6,7.5,2
620333,62,"Men's or boys' suits, ensembles, jackets, blazers, trousers, bib and brace overalls, breeches and shorts (other than swimwear) : Jackets and blazers : Of synthetic fibres",24.6,32.1,7.5,2
620339,62,"Men's or boys' suits, ensembles, jackets, blazers, trousers, bib and brace overalls, breeches and shorts (other than swimwear) : Jackets and blazers : Of other textile materials",14.2,19.8,7.5,4
620341,62,"Men's or boys' suits, ensembles, jackets, blazers, trousers, bib and brace overalls, breeches and shorts (other than swimwear) : Trousers, bib and brace overalls, breeches and shorts : Of wool or fine animal hair",12.2,19.7,7.5,8
620342,62,"Men's or boys' suits, ensembles, jackets, blazers, trousers, bib and brace overalls, breeches and shorts (other than swimwear) : Trousers, bib and brace overalls, breeches and shorts : Of cotton",9,16.5,7.5,6
620343,62,"Men's or boys' suits, ensembles, jackets, blazers, trousers, bib and brace overalls, breeches and shorts (other than swimwear) : Trousers, bib and brace overalls, breeches and shorts : Of synthetic fibres",12.7,19.7,7.5,13
620349,62,"Men's or boys' suits, ensembles, jackets, blazers, trousers, bib and brace overalls, breeches and shorts (other than swimwear) : Trousers, bib and brace overalls, breeches and shorts : Of other textile materials",10.1,16.7,7.5,9
620411,62,"Women's or girls' suits, ensembles, jackets, blazers, dresses, skirts, divided skirts, trousers, bib and brace overalls, breeches and shorts (other than swimwear) : Suits : Of wool or fine animal hair",14,21.5,7.5,1
620412,62,"Women's or girls' suits, ensembles, jackets, blazers, dresses, skirts, divided skirts, trousers, bib and brace overalls, breeches and shorts (other than swimwear) : Suits : Of cotton",14.9,22.4,7.5,1
620413,62,"Women's or girls' suits, ensembles, jackets, blazers, dresses, skirts, divided skirts, trousers, bib and brace overalls, breeches and shorts (other than swimwear) : Suits : Of synthetic fibres",21.4,28.9,7.5,2
620419,62,"Women's or girls' suits, ensembles, jackets, blazers, dresses, skirts, divided skirts, trousers, bib and brace overalls, breeches and shorts (other than swimwear) : Suits : Of other textile materials",12.6,20.1,7.5,4
620421,62,"Women's or girls' suits, ensembles, jackets, blazers, dresses, skirts, divided skirts, trousers, bib and brace overalls, breeches and shorts (other than swimwear) : Ensembles : Of wool or fine animal hair",,7.5,7.5,1
620422,62,"Women's or girls' suits, ensembles, jackets, blazers, dresses, skirts, divided skirts, trousers, bib and brace overalls, breeches and shorts (other than swimwear) : Ensembles : Of cotton",7.5,11.3,7.5,2
620423,62,"Women's or girls' suits, ensembles, jackets, blazers, dresses, skirts, divided skirts, trousers, bib and brace overalls, breeches and shorts (other than swimwear) : Ensembles : Of synthetic fibres",,7.5,7.5,1
620429,62,"Women's or girls' suits, ensembles, jackets, blazers, dresses, skirts, divided skirts, trousers, bib and brace overalls, breeches and shorts (other than swimwear) : Ensembles : Of other textile materials",,3.8,7.5,2
620431,62,"Women's or girls' suits, ensembles, jackets, blazers, dresses, skirts, divided skirts, trousers, bib and brace overalls, breeches and shorts (other than swimwear) : Jackets and blazers : Of wool or fine animal hair",12.5,20,7.5,2
620432,62,"Women's or girls' suits, ensembles, jackets, blazers, dresses, skirts, divided skirts, trousers, bib and brace overalls, breeches and shorts (other than swimwear) : Jackets and blazers : Of cotton",6.1,13.6,7.5,2
620433,62,"Women's or girls' suits, ensembles, jackets, blazers, dresses, skirts, divided skirts, trousers, bib and brace overalls, breeches and shorts (other than swimwear) : Jackets and blazers : Of synthetic fibres",14.6,20.2,7.5,4
620439,62,"Women's or girls' suits, ensembles, jackets, blazers, dresses, skirts, divided skirts, trousers, bib and brace overalls, breeches and shorts (other than swimwear) : Jackets and blazers : Of other textile materials",12.8,20.4,7.5,4
620441,62,"Women's or girls' suits, ensembles, jackets, blazers, dresses, skirts, divided skirts, trousers, bib and brace overalls, breeches and shorts (other than swimwear) : Dresses : Of wool or fine animal hair",10.4,17.9,7.5,2
620442,62,"Women's or girls' suits, ensembles, jackets, blazers, dresses, skirts, divided skirts, trousers, bib and brace overalls, breeches and shorts (other than swimwear) : Dresses : Of cotton",8.6,16.1,7.5,3
620443,62,"Women's or girls' suits, ensembles, jackets, blazers, dresses, skirts, divided skirts, trousers, bib and brace overalls, breeches and shorts (other than swimwear) : Dresses : Of synthetic fibres",12.3,19.8,7.5,4
620444,62,"Women's or girls' suits, ensembles, jackets, blazers, dresses, skirts, divided skirts, trousers, bib and brace overalls, breeches and shorts (other than swimwear) : Dresses : Of artificial fibres",11.9,19.4,7.5,3
620449,62,"Women's or girls' suits, ensembles, jackets, blazers, dresses, skirts, divided skirts, trousers, bib and brace overalls, breeches and shorts (other than swimwear) : Dresses : Of other textile materials",6.9,14.4,7.5,2
620451,62,"Women's or girls' suits, ensembles, jackets, blazers, dresses, skirts, divided skirts, trousers, bib and brace overalls, breeches and shorts (other than swimwear) : Skirts and divided skirts : Of wool or fine animal hair",14,21.5,7.5,1
620452,62,"Women's or girls' suits, ensembles, jackets, blazers, dresses, skirts, divided skirts, trousers, bib and brace overalls, breeches and shorts (other than swimwear) : Skirts and divided skirts : Of cotton",8.1,15.6,7.5,2
620453,62,"Women's or girls' suits, ensembles, jackets, blazers, dresses, skirts, divided skirts, trousers, bib and brace overalls, breeches and shorts (other than swimwear) : Skirts and divided skirts : Of synthetic fibres",14.1,21.6,7.5,3
620459,62,"Women's or girls' suits, ensembles, jackets, blazers, dresses, skirts, divided skirts, trousers, bib and brace overalls, breeches and shorts (other than swimwear) : Skirts and divided skirts : Of other textile materials",12.2,19.7,7.5,4
620461,62,"Women's or girls' suits, ensembles, jackets, blazers, dresses, skirts, divided skirts, trousers, bib and brace overalls, breeches and shorts (other than swimwear) : Trousers, bib and brace overalls, breeches and shorts : Of wool or fine animal hair",10.6,18.1,7.5,4
620462,62,"Women's or girls' suits, ensembles, jackets, blazers, dresses, skirts, divided skirts, trousers, bib and brace overalls, breeches and shorts (other than swimwear) : Trousers, bib and brace overalls, breeches and shorts : Of cotton",8.3,15.8,7.5,7
620463,62,"Women's or girls' suits, ensembles, jackets, blazers, dresses, skirts, divided skirts, trousers, bib and brace overalls, breeches and shorts (other than swimwear) : Trousers, bib and brace overalls, breeches and shorts : Of synthetic fibres",11.8,19.3,7.5,13
620469,62,"Women's or girls' suits, ensembles, jackets, blazers, dresses, skirts, divided skirts, trousers, bib and brace overalls, breeches and shorts (other than swimwear) : Trousers, bib and brace overalls, breeches and shorts : Of other textile materials",11.1,18.6,7.5,12
620520,62,Men's or boys' shirts : Of cotton,14.2,21.7,7.5,2
620530,62,Men's or boys' shirts : Of manmade fibres,19.3,26.8,7.5,3
620590,62,Men's or boys' shirts : Of other textile materials,7.5,12,7.5,5
620610,62,"Women's or girls' blouses, shirts and shirtblouses : Of silk or silk waste",6.9,14.4,7.5,1
620620,62,"Women's or girls' blouses, shirts and shirtblouses : Of wool or fine animal hair",10.9,18.4,7.5,3
620630,62,"Women's or girls' blouses, shirts and shirtblouses : Of cotton",9.3,16.8,7.5,3
620640,62,"Women's or girls' blouses, shirts and shirtblouses : Of manmade fibres",14.1,21.6,7.5,4
620690,62,"Women's or girls' blouses, shirts and shirtblouses : Of other textile materials",6.7,14.2,7.5,1
620711,62,"Men's or boys' singlets and other vests, underpants, briefs, nightshirts, pyjamas, bathrobes, dressing gowns and similar articles : Underpants and briefs : Of cotton",6.1,13.6,7.5,1
620719,62,"Men's or boys' singlets and other vests, underpants, briefs, nightshirts, pyjamas, bathrobes, dressing gowns and similar articles : Underpants and briefs : Of other textile materials",6.1,13.6,7.5,2
620721,62,"Men's or boys' singlets and other vests, underpants, briefs, nightshirts, pyjamas, bathrobes, dressing gowns and similar articles : Nightshirts and pyjamas : Of cotton",8.9,16.4,7.5,1
620722,62,"Men's or boys' singlets and other vests, underpants, briefs, nightshirts, pyjamas, bathrobes, dressing gowns and similar articles : Nightshirts and pyjamas : Of manmade fibres",16,23.5,7.5,1
620729,62,"Men's or boys' singlets and other vests, underpants, briefs, nightshirts, pyjamas, bathrobes, dressing gowns and similar articles : Nightshirts and pyjamas : Of other textile materials",4.1,11.6,7.5,2
620791,62,"Men's or boys' singlets and other vests, underpants, briefs, nightshirts, pyjamas, bathrobes, dressing gowns and similar articles : Other : Of cotton",7.3,14.8,7.5,2
620799,62,"Men's or boys' singlets and other vests, underpants, briefs, nightshirts, pyjamas, bathrobes, dressing gowns and similar articles : Other : Of other textile materials",8,13,7.5,6
620811,62,"Women's or girls' singlets and other vests, slips, petticoats, briefs, panties, nightdresses, pyjamas, négligés, bathrobes, dressing gowns and similar articles : Slips and petticoats : Of manmade fibres",14.9,22.4,7.5,1
620819,62,"Women's or girls' singlets and other vests, slips, petticoats, briefs, panties, nightdresses, pyjamas, négligés, bathrobes, dressing gowns and similar articles : Slips and petticoats : Of other textile materials",7.1,14.6,7.5,3
620821,62,"Women's or girls' singlets and other vests, slips, petticoats, briefs, panties, nightdresses, pyjamas, négligés, bathrobes, dressing gowns and similar articles : Nightdresses and pyjamas : Of cotton",8.9,16.4,7.5,1
620822,62,"Women's or girls' singlets and other vests, slips, petticoats, briefs, panties, nightdresses, pyjamas, négligés, bathrobes, dressing gowns and similar articles : Nightdresses and pyjamas : Of manmade fibres",16,23.5,7.5,1
620829,62,"Women's or girls' singlets and other vests, slips, petticoats, briefs, panties, nightdresses, pyjamas, négligés, bathrobes, dressing gowns and similar articles : Nightdresses and pyjamas : Of other textile materials",4.1,11.6,7.5,2
620891,62,"Women's or girls' singlets and other vests, slips, petticoats, briefs, panties, nightdresses, pyjamas, négligés, bathrobes, dressing gowns and similar articles : Other : Of cotton",9.3,16.9,7.5,2
620892,62,"Women's or girls' singlets and other vests, slips, petticoats, briefs, panties, nightdresses, pyjamas, négligés, bathrobes, dressing gowns and similar articles : Other : Of manmade fibres",16,23.5,7.5,1
620899,62,"Women's or girls' singlets and other vests, slips, petticoats, briefs, panties, nightdresses, pyjamas, négligés, bathrobes, dressing gowns and similar articles : Other : Of other textile materials",4.9,12.4,7.5,4
620920,62,Babies' garments and clothing accessories : Of cotton,12.7,20.2,7.5,4
620930,62,Babies' garments and clothing accessories : Of synthetic fibres,22.2,29.7,7.5,3
620990,62,Babies' garments and clothing accessories : Of other textile materials,11.5,19,7.5,6
621010,62,"Garments, made up of fabrics of heading 5602, 5603, 5903, 5906 or 5907 : Of fabrics of heading 5602 or 5603",6.8,8.7,7.5,4
621020,62,"Garments, made up of fabrics of heading 5602, 5603, 5903, 5906 or 5907 : Other garments, of the type described in subheadings 620111 to 620119",5.1,8.8,7.5,4
621030,62,"Garments, made up of fabrics of heading 5602, 5603, 5903, 5906 or 5907 : Other garments, of the type described in subheadings 620211 to 620219",5.1,10.7,7.5,4
621040,62,"Garments, made up of fabrics of heading 5602, 5603, 5903, 5906 or 5907 : Other men's or boys' garments",5.1,11.7,7.5,8
621050,62,"Garments, made up of fabrics of heading 5602, 5603, 5903, 5906 or 5907 : Other women's or girls' garments",5.1,9.8,7.5,8
621111,62,"Tracksuits, ski suits and swimwear; other garments : Swimwear : Men's or boys'",13.1,20.6,7.5,3
621112,62,"Tracksuits, ski suits and swimwear; other garments : Swimwear : Women's or girls'",6.8,14.3,7.5,3
621120,62,"Tracksuits, ski suits and swimwear; other garments : Ski suits",16.8,23.3,7.5,15
621132,62,"Tracksuits, ski suits and swimwear; other garments : Other garments, men's or boys' : Of cotton",8.1,15.6,7.5,2
621133,62,"Tracksuits, ski suits and swimwear; other garments : Other garments, men's or boys' : Of manmade fibres",16,23.5,7.5,2
621139,62,"Tracksuits, ski suits and swimwear; other garments : Other garments, men's or boys' : Of other textile materials",5.1,12.6,7.5,6
621142,62,"Tracksuits, ski suits and swimwear; other garments : Other garments, women's or girls' : Of cotton",8.1,15.6,7.5,2
621143,62,"Tracksuits, ski suits and swimwear; other garments : Other garments, women's or girls' : Of manmade fibres",16,23.5,7.5,2
621149,62,"Tracksuits, ski suits and swimwear; other garments : Other garments, women's or girls' : Of other textile materials",6.8,14.3,7.5,6
621210,62,"Brassières, girdles, corsets, braces, suspenders, garters and similar articles and parts thereof, whether or not knitted or crocheted : Brassières",10.3,17.8,7.5,4
621220,62,"Brassières, girdles, corsets, braces, suspenders, garters and similar articles and parts thereof, whether or not knitted or crocheted : Girdles and panty girdles",20,27.5,7.5,1
621230,62,"Brassières, girdles, corsets, braces, suspenders, garters and similar articles and parts thereof, whether or not knitted or crocheted : Corselettes",23.5,31,7.5,1
621290,62,"Brassières, girdles, corsets, braces, suspenders, garters and similar articles and parts thereof, whether or not knitted or crocheted : Other",6.6,14.1,7.5,1
621320,62,Handkerchiefs : Of cotton,10.1,13.9,7.5,2
621390,62,Handkerchiefs : Of other textile materials,5.3,10.9,7.5,4
621410,62,"Shawls, scarves, mufflers, mantillas, veils and the like : Of silk or silk waste",2.5,10.1,7.5,2
621420,62,"Shawls, scarves, mufflers, mantillas, veils and the like : Of wool or fine animal hair",6.7,14.2,7.5,1
621430,62,"Shawls, scarves, mufflers, mantillas, veils and the like : Of synthetic fibres",5.3,5.3,0,1
621440,62,"Shawls, scarves, mufflers, mantillas, veils and the like : Of artificial fibres",5.3,12.8,7.5,1
621490,62,"Shawls, scarves, mufflers, mantillas, veils and the like : Of other textile materials",11.3,18.8,7.5,1
621510,62,"Ties, bow ties and cravats : Of silk or silk waste",7.2,14.7,7.5,1
621520,62,"Ties, bow ties and cravats : Of manmade fibres",12.7,12.7,0,1
621590,62,"Ties, bow ties and cravats : Of other textile materials",5,5,0,1
621600,62,"Gloves, mittens and mitts",8.7,15.1,7.5,20
621710,62,"Other madeup clothing accessories; parts of garments or of clothing accessories, other than those of heading 6212 : Accessories",10.5,15.5,7.5,3
621790,62,"Other madeup clothing accessories; parts of garments or of clothing accessories, other than those of heading 6212 : Parts",8.4,16,7.5,2
630110,63,Blankets and travelling rugs : Electric blankets,11.4,11.4,0,1
630120,63,"Blankets and travelling rugs : Blankets (other than electric blankets) and travelling rugs, of wool or of fine animal hair",0,7.5,7.5,1
630130,63,"Blankets and travelling rugs : Blankets (other than electric blankets) and travelling rugs, of cotton",8.4,15.9,7.5,1
630140,63,"Blankets and travelling rugs : Blankets (other than electric blankets) and travelling rugs, of synthetic fibres",8.5,8.5,0,1
630190,63,Blankets and travelling rugs : Other blankets and travelling rugs,7.2,7.2,0,1
630210,63,"Bedlinen, table linen, toilet linen and kitchen linen : Bedlinen, knitted or crocheted",6,13.5,7.5,1
630221,63,"Bedlinen, table linen, toilet linen and kitchen linen : Other bedlinen, printed : Of cotton",10.5,18,7.5,4
630222,63,"Bedlinen, table linen, toilet linen and kitchen linen : Other bedlinen, printed : Of manmade fibres",13.2,13.2,0,2
630229,63,"Bedlinen, table linen, toilet linen and kitchen linen : Other bedlinen, printed : Of other textile materials",4.5,12,7.5,1
630231,63,"Bedlinen, table linen, toilet linen and kitchen linen : Other bedlinen : Of cotton",10.8,18.3,7.5,4
630232,63,"Bedlinen, table linen, toilet linen and kitchen linen : Other bedlinen : Of manmade fibres",13.2,13.2,0,2
630239,63,"Bedlinen, table linen, toilet linen and kitchen linen : Other bedlinen : Of other textile materials",4.3,11.8,7.5,1
630240,63,"Bedlinen, table linen, toilet linen and kitchen linen : Table linen, knitted or crocheted",6.6,14.1,7.5,2
630251,63,"Bedlinen, table linen, toilet linen and kitchen linen : Other table linen : Of cotton",5.8,11.4,7.5,4
630253,63,"Bedlinen, table linen, toilet linen and kitchen linen : Other table linen : Of manmade fibres",11.3,18.8,7.5,1
630259,63,"Bedlinen, table linen, toilet linen and kitchen linen : Other table linen : Of other textile materials",4.6,12.1,7.5,3
630260,63,"Bedlinen, table linen, toilet linen and kitchen linen : Toilet linen and kitchen linen, of terry towelling or similar terry fabrics, of cotton",9.1,16.6,7.5,1
630291,63,"Bedlinen, table linen, toilet linen and kitchen linen : Other : Of cotton",9.2,16.7,7.5,1
630293,63,"Bedlinen, table linen, toilet linen and kitchen linen : Other : Of manmade fibres",8.1,8.1,0,2
630299,63,"Bedlinen, table linen, toilet linen and kitchen linen : Other : Of other textile materials",3.7,11.2,7.5,3
630312,63,Curtains (including drapes) and interior blinds; curtain or bed valances : Knitted or crocheted : Of synthetic fibres,11.3,18.8,7.5,1
630319,63,Curtains (including drapes) and interior blinds; curtain or bed valances : Knitted or crocheted : Of other textile materials,8.4,15.9,7.5,2
630391,63,Curtains (including drapes) and interior blinds; curtain or bed valances : Other : Of cotton,10.3,17.8,7.5,1
630392,63,Curtains (including drapes) and interior blinds; curtain or bed valances : Other : Of synthetic fibres,11.3,15.1,7.5,2
630399,63,Curtains (including drapes) and interior blinds; curtain or bed valances : Other : Of other textile materials,11.3,18.8,7.5,1
630411,63,"Other furnishing articles, excluding those of heading 9404 : Bedspreads : Knitted or crocheted",8.1,10.6,7.5,3
630419,63,"Other furnishing articles, excluding those of heading 9404 : Bedspreads : Other",8.8,13.3,7.5,5
630420,63,"Other furnishing articles, excluding those of heading 9404 : Bed nets specified in subheading note 1 to this chapter",5.8,13.3,7.5,1
630491,63,"Other furnishing articles, excluding those of heading 9404 : Other : Knitted or crocheted",5.8,13.3,7.5,1
630492,63,"Other furnishing articles, excluding those of heading 9404 : Other : Not knitted or crocheted, of cotton",6.3,13.8,7.5,1
630493,63,"Other furnishing articles, excluding those of heading 9404 : Other : Not knitted or crocheted, of synthetic fibres",9.3,9.3,0,1
630499,63,"Other furnishing articles, excluding those of heading 9404 : Other : Not knitted or crocheted, of other textile materials",7.5,15,7.5,6
630510,63,"Sacks and bags, of a kind used for the packing of goods : Of jute or of other textile bast fibres of heading 5303",0,7.5,7.5,1
630520,63,"Sacks and bags, of a kind used for the packing of goods : Of cotton",6.2,13.7,7.5,1
630532,63,"Sacks and bags, of a kind used for the packing of goods : Of manmade textile materials : Flexible intermediate bulk containers",8.4,15.9,7.5,1
630533,63,"Sacks and bags, of a kind used for the packing of goods : Of manmade textile materials : Other, of polyethylene or polypropylene strip or the like",8.4,15.9,7.5,1
630539,63,"Sacks and bags, of a kind used for the packing of goods : Of manmade textile materials : Other",8.4,15.9,7.5,1
630590,63,"Sacks and bags, of a kind used for the packing of goods : Of other textile materials",6.2,13.7,7.5,1
630612,63,"Tarpaulins, awnings and sunblinds; tents; sails for boats, sailboards or landcraft; camping goods : Tarpaulins, awnings and sunblinds : Of synthetic fibres",8.8,8.8,0,1
630619,63,"Tarpaulins, awnings and sunblinds; tents; sails for boats, sailboards or landcraft; camping goods : Tarpaulins, awnings and sunblinds : Of other textile materials",6.5,14.1,7.5,2
630622,63,"Tarpaulins, awnings and sunblinds; tents; sails for boats, sailboards or landcraft; camping goods : Tents : Of synthetic fibres",4.4,11.9,7.5,2
630629,63,"Tarpaulins, awnings and sunblinds; tents; sails for boats, sailboards or landcraft; camping goods : Tents : Of other textile materials",5.5,5.5,0,2
630630,63,"Tarpaulins, awnings and sunblinds; tents; sails for boats, sailboards or landcraft; camping goods : Sails",0,7.5,7.5,1
630640,63,"Tarpaulins, awnings and sunblinds; tents; sails for boats, sailboards or landcraft; camping goods : Pneumatic mattresses",3.7,11.2,7.5,2
630690,63,"Tarpaulins, awnings and sunblinds; tents; sails for boats, sailboards or landcraft; camping goods : Other",4,4,0,2
630710,63,"Other madeup articles, including dress patterns : Floorcloths, dishcloths, dusters and similar cleaning cloths",4.7,12.2,7.5,2
630720,63,"Other madeup articles, including dress patterns : Life jackets and lifebelts",4.5,4.5,0,1
630790,63,"Other madeup articles, including dress patterns : Other",3.6,10.3,25,10
630800,63,"Sets consisting of woven fabric and yarn, whether or not with accessories, for making up into rugs, tapestries, embroidered tablecloths or serviettes, or similar textile articles, put up in packings for retail sale",11.4,18.9,7.5,1
630900,63,Worn clothing and other worn articles,0,7.5,7.5,1
631010,63,"Used or new rags, scrap twine, cordage, rope and cables and wornout articles of twine, cordage, rope or cables, of textile materials : Sorted",0,7.5,7.5,2
631090,63,"Used or new rags, scrap twine, cordage, rope and cables and wornout articles of twine, cordage, rope or cables, of textile materials : Other",0,7.5,7.5,2
640110,64,"Waterproof footwear with outer soles and uppers of rubber or of plastics, the uppers of which are neither fixed to the sole nor assembled by stitching, riveting, nailing, screwing, plugging or similar processes : Footwear incorporating a protective metal toecap",37.5,45,7.5,1
640192,64,"Waterproof footwear with outer soles and uppers of rubber or of plastics, the uppers of which are neither fixed to the sole nor assembled by stitching, riveting, nailing, screwing, plugging or similar processes : Other footwear : Covering the ankle but not covering the knee",14,19,7.5,3
640199,64,"Waterproof footwear with outer soles and uppers of rubber or of plastics, the uppers of which are neither fixed to the sole nor assembled by stitching, riveting, nailing, screwing, plugging or similar processes : Other footwear : Other",27.5,32,7.5,5
640212,64,"Other footwear with outer soles and uppers of rubber or plastics : Sports footwear : Skiboots, crosscountry ski footwear and snowboard boots",0,7.5,7.5,1
640219,64,Other footwear with outer soles and uppers of rubber or plastics : Sports footwear : Other,11.5,16.5,7.5,6
640220,64,Other footwear with outer soles and uppers of rubber or plastics : Footwear with upper straps or thongs assembled to the sole by means of plugs,0,0,0,1
640291,64,Other footwear with outer soles and uppers of rubber or plastics : Other footwear : Covering the ankle,25.7,28,7.5,13
640299,64,Other footwear with outer soles and uppers of rubber or plastics : Other footwear : Other,21.6,25.4,7.5,20
640312,64,"Footwear with outer soles of rubber, plastics, leather or composition leather and uppers of leather : Sports footwear : Skiboots, crosscountry ski footwear and snowboard boots",0,7.5,7.5,2
640319,64,"Footwear with outer soles of rubber, plastics, leather or composition leather and uppers of leather : Sports footwear : Other",4.6,10.9,7.5,6
640320,64,"Footwear with outer soles of rubber, plastics, leather or composition leather and uppers of leather : Footwear with outer soles of leather, and uppers which consist of leather straps across the instep and around the big toe",0,7.5,7.5,1
640340,64,"Footwear with outer soles of rubber, plastics, leather or composition leather and uppers of leather : Other footwear, incorporating a protective metal toecap",6.8,10.5,7.5,2
640351,64,"Footwear with outer soles of rubber, plastics, leather or composition leather and uppers of leather : Other footwear with outer soles of leather : Covering the ankle",5.9,13.4,7.5,4
640359,64,"Footwear with outer soles of rubber, plastics, leather or composition leather and uppers of leather : Other footwear with outer soles of leather : Other",5.2,12.7,7.5,5
640391,64,"Footwear with outer soles of rubber, plastics, leather or composition leather and uppers of leather : Other footwear : Covering the ankle",5.9,13.4,7.5,4
640399,64,"Footwear with outer soles of rubber, plastics, leather or composition leather and uppers of leather : Other footwear : Other",6.4,12.7,7.5,6
640411,64,"Footwear with outer soles of rubber, plastics, leather or composition leather and uppers of textile materials : Footwear with outer soles of rubber or plastics : Sports footwear; tennis shoes, basketball shoes, gym shoes, training shoes and the like",19.5,22.8,7.5,14
640419,64,"Footwear with outer soles of rubber, plastics, leather or composition leather and uppers of textile materials : Footwear with outer soles of rubber or plastics : Other",18.5,20.9,7.5,22
640420,64,"Footwear with outer soles of rubber, plastics, leather or composition leather and uppers of textile materials : Footwear with outer soles of leather or composition leather",20.8,28.3,7.5,3
640510,64,Other footwear : With uppers of leather or composition leather,10,17.5,7.5,1
640520,64,Other footwear : With uppers of textile materials,7.5,10,7.5,3
640590,64,Other footwear : Other,8.2,11.9,7.5,2
640610,64,"Parts of footwear (including uppers whether or not attached to soles other than outer soles); removable insoles, heel cushions and similar articles; gaiters, leggings and similar articles, and parts thereof : Uppers and parts thereof, other than stiffeners",10.8,17.9,7.5,16
640620,64,"Parts of footwear (including uppers whether or not attached to soles other than outer soles); removable insoles, heel cushions and similar articles; gaiters, leggings and similar articles, and parts thereof : Outer soles and heels, of rubber or plastics",2.7,10.2,7.5,1
640690,64,"Parts of footwear (including uppers whether or not attached to soles other than outer soles); removable insoles, heel cushions and similar articles; gaiters, leggings and similar articles, and parts thereof : Other",4.6,10.6,7.5,5
650100,65,"Hatforms, hat bodies and hoods of felt, neither blocked to shape nor with made brims; plateaux and manchons (including slit manchons), of felt",3.9,28.9,25,3
650200,65,"Hatshapes, plaited or made by assembling strips of any material, neither blocked to shape, nor with made brims, nor lined, nor trimmed",3.5,28.6,25,4
650400,65,"Hats and other headgear, plaited or made by assembling strips of any material, whether or not lined or trimmed",5.8,30.8,25,3
650500,65,"Hats and other headgear, knitted or crocheted, or made up from lace, felt or other textile fabric, in the piece (but not in strips), whether or not lined or trimmed; hairnets of any material, whether or not lined or trimmed",6.9,30.5,25,13
650610,65,"Other headgear, whether or not lined or trimmed : Safety headgear",0,7.5,7.5,2
650691,65,"Other headgear, whether or not lined or trimmed : Other : Of rubber or of plastics",0,25,25,1
650699,65,"Other headgear, whether or not lined or trimmed : Other : Of other materials",5.9,30.9,25,2
650700,65,"Headbands, linings, covers, hat foundations, hat frames, peaks and chinstraps, for headgear",0,25,25,1
690100,69,"Bricks, blocks, tiles and other ceramic goods of siliceous fossil meals (for example, kieselguhr, tripolite or diatomite) or of similar siliceous earths",0,25,25,1
690210,69,"Refractory bricks, blocks, tiles and similar refractory ceramic constructional goods, other than those of siliceous fossil meals or similar siliceous earths : Containing, by weight, singly or together, more than 50 % of the elements Mg, Ca or Cr, expressed as MgO, CaO or Cr2O3",0,25,25,2
690220,69,"Refractory bricks, blocks, tiles and similar refractory ceramic constructional goods, other than those of siliceous fossil meals or similar siliceous earths : Containing, by weight, more than 50 % of alumina (Al2O3), of silica (SiO2) or of a mixture or compound of these products",0,25,25,2
690290,69,"Refractory bricks, blocks, tiles and similar refractory ceramic constructional goods, other than those of siliceous fossil meals or similar siliceous earths : Other",0,25,25,2
690310,69,"Other refractory ceramic goods (for example, retorts, crucibles, muffles, nozzles, plugs, supports, cupels, tubes, pipes, sheaths and rods), other than those of siliceous fossil meals or of similar siliceous earths : Containing, by weight, more than 50 % of graphite or other carbon or of a mixture of these products",0,25,25,1
690320,69,"Other refractory ceramic goods (for example, retorts, crucibles, muffles, nozzles, plugs, supports, cupels, tubes, pipes, sheaths and rods), other than those of siliceous fossil meals or of similar siliceous earths : Containing, by weight, more than 50 % of alumina (Al2O3) or of a mixture or compound of alumina and of silica (SiO2)",0,25,25,1
690390,69,"Other refractory ceramic goods (for example, retorts, crucibles, muffles, nozzles, plugs, supports, cupels, tubes, pipes, sheaths and rods), other than those of siliceous fossil meals or of similar siliceous earths : Other",0,25,25,1
690410,69,"Ceramic building bricks, flooring blocks, support or filler tiles and the like : Building bricks",0,25,25,1
690490,69,"Ceramic building bricks, flooring blocks, support or filler tiles and the like : Other",0,25,25,1
690510,69,"Roofing tiles, chimney pots, cowls, chimney liners, architectural ornaments and other ceramic constructional goods : Roofing tiles",13.5,38.5,25,1
690590,69,"Roofing tiles, chimney pots, cowls, chimney liners, architectural ornaments and other ceramic constructional goods : Other",3.2,28.2,25,1
690600,69,"Ceramic pipes, conduits, guttering and pipe fittings",0,25,25,1
690721,69,"Ceramic flags and paving, hearth or wall tiles; ceramic mosaic cubes and the like, whether or not on a backing; finishing ceramics : Flags and paving, hearth or wall tiles, other than those of subheadings 690730 and 690740 : Of a water absorption coefficient by weight not exceeding 0,5 %",9.4,34.4,25,5
690722,69,"Ceramic flags and paving, hearth or wall tiles; ceramic mosaic cubes and the like, whether or not on a backing; finishing ceramics : Flags and paving, hearth or wall tiles, other than those of subheadings 690730 and 690740 : Of a water absorption coefficient by weight exceeding 0,5 % but not exceeding 10 %",9.4,34.4,25,5
690723,69,"Ceramic flags and paving, hearth or wall tiles; ceramic mosaic cubes and the like, whether or not on a backing; finishing ceramics : Flags and paving, hearth or wall tiles, other than those of subheadings 690730 and 690740 : Of a water absorption coefficient by weight exceeding 10 %",9.4,34.4,25,5
690730,69,"Ceramic flags and paving, hearth or wall tiles; ceramic mosaic cubes and the like, whether or not on a backing; finishing ceramics : Mosaic cubes and the like, other than those of subheading 690740",9.4,34.4,25,5
690740,69,"Ceramic flags and paving, hearth or wall tiles; ceramic mosaic cubes and the like, whether or not on a backing; finishing ceramics : Finishing ceramics",9.4,34.4,25,5
690911,69,"Ceramic wares for laboratory, chemical or other technical uses; ceramic troughs, tubs and similar receptacles of a kind used in agriculture; ceramic pots, jars and similar articles of a kind used for the conveyance or packing of goods : Ceramic wares for laboratory, chemical or other technical uses : Of porcelain or china",2.3,27.3,25,2
690912,69,"Ceramic wares for laboratory, chemical or other technical uses; ceramic troughs, tubs and similar receptacles of a kind used in agriculture; ceramic pots, jars and similar articles of a kind used for the conveyance or packing of goods : Ceramic wares for laboratory, chemical or other technical uses : Articles having a hardness equivalent to 9 or more on the Mohs scale",4,29,25,1
690919,69,"Ceramic wares for laboratory, chemical or other technical uses; ceramic troughs, tubs and similar receptacles of a kind used in agriculture; ceramic pots, jars and similar articles of a kind used for the conveyance or packing of goods : Ceramic wares for laboratory, chemical or other technical uses : Other",2,27,25,2
690990,69,"Ceramic wares for laboratory, chemical or other technical uses; ceramic troughs, tubs and similar receptacles of a kind used in agriculture; ceramic pots, jars and similar articles of a kind used for the conveyance or packing of goods : Other",4,29,25,1
691010,69,"Ceramic sinks, washbasins, washbasin pedestals, baths, bidets, water closet pans, flushing cisterns, urinals and similar sanitary fixtures : Of porcelain or china",5.8,5.8,0,1
691090,69,"Ceramic sinks, washbasins, washbasin pedestals, baths, bidets, water closet pans, flushing cisterns, urinals and similar sanitary fixtures : Other",5.7,13.2,7.5,1
691110,69,"Tableware, kitchenware, other household articles and toilet articles, of porcelain or china : Tableware and kitchenware",12.9,18.5,7.5,12
691190,69,"Tableware, kitchenware, other household articles and toilet articles, of porcelain or china : Other",5.4,12.9,7.5,1
691200,69,"Ceramic tableware, kitchenware, other household articles and toilet articles, other than of porcelain or china",8.7,9.4,7.5,10
691310,69,Statuettes and other ornamental ceramic articles : Of porcelain or china,1.1,8.6,7.5,3
691390,69,Statuettes and other ornamental ceramic articles : Other,1.5,9,7.5,4
691410,69,Other ceramic articles : Of porcelain or china,4.5,29.5,25,2
691490,69,Other ceramic articles : Other,2.8,27.8,25,2
700100,70,Cullet and other waste and scrap of glass; glass in the mass,1,26,25,3
700210,70,"Glass in balls (other than microspheres of heading 7018), rods or tubes, unworked : Balls",1.9,26.9,25,2
700220,70,"Glass in balls (other than microspheres of heading 7018), rods or tubes, unworked : Rods",3,28,25,2
700231,70,"Glass in balls (other than microspheres of heading 7018), rods or tubes, unworked : Tubes : Of fused quartz or other fused silica",0,25,25,1
700232,70,"Glass in balls (other than microspheres of heading 7018), rods or tubes, unworked : Tubes : Of other glass having a linear coefficient of expansion not exceeding 5 × 10–6 per Kelvin within a temperature range of 0 °C to 300 °C",6,31,25,1
700239,70,"Glass in balls (other than microspheres of heading 7018), rods or tubes, unworked : Tubes : Other",6,31,25,1
700312,70,"Cast glass and rolled glass, in sheets or profiles, whether or not having an absorbent, reflecting or nonreflecting layer, but not otherwise worked : Nonwired sheets : Coloured throughout the mass (body tinted), opacified, flashed or having an absorbent, reflecting or nonreflecting layer",1.4,26.4,25,1
700319,70,"Cast glass and rolled glass, in sheets or profiles, whether or not having an absorbent, reflecting or nonreflecting layer, but not otherwise worked : Nonwired sheets : Other",1.3,26.3,25,1
700320,70,"Cast glass and rolled glass, in sheets or profiles, whether or not having an absorbent, reflecting or nonreflecting layer, but not otherwise worked : Wired sheets",1.1,26.1,25,1
700330,70,"Cast glass and rolled glass, in sheets or profiles, whether or not having an absorbent, reflecting or nonreflecting layer, but not otherwise worked : Profiles",6.3,31.3,25,1
700420,70,"Drawn glass and blown glass, in sheets, whether or not having an absorbent, reflecting or nonreflecting layer, but not otherwise worked : Glass, coloured throughout the mass (body tinted), opacified, flashed or having an absorbent, reflecting or nonreflecting layer",2.9,27.9,25,3
700490,70,"Drawn glass and blown glass, in sheets, whether or not having an absorbent, reflecting or nonreflecting layer, but not otherwise worked : Other glass",0.7,25.6,25,8
700510,70,"Float glass and surface ground or polished glass, in sheets, whether or not having an absorbent, reflecting or nonreflecting layer, but not otherwise worked : Nonwired glass, having an absorbent, reflecting or nonreflecting layer",2.2,27.2,25,2
700521,70,"Float glass and surface ground or polished glass, in sheets, whether or not having an absorbent, reflecting or nonreflecting layer, but not otherwise worked : Other nonwired glass : Coloured throughout the mass (body tinted), opacified, flashed or merely surface ground",3,28,25,2
700529,70,"Float glass and surface ground or polished glass, in sheets, whether or not having an absorbent, reflecting or nonreflecting layer, but not otherwise worked : Other nonwired glass : Other",1.6,26,25,5
700530,70,"Float glass and surface ground or polished glass, in sheets, whether or not having an absorbent, reflecting or nonreflecting layer, but not otherwise worked : Wired glass",,25,25,1
700600,70,"Glass of heading 7003, 7004 or 7005, bent, edgeworked, engraved, drilled, enamelled or otherwise worked, but not framed or fitted with other materials",6.7,31.7,25,3
700711,70,"Safety glass, consisting of toughened (tempered) or laminated glass : Toughened (tempered) safety glass : Of size and shape suitable for incorporation in vehicles, aircraft, spacecraft or vessels",5.5,30.5,25,1
700719,70,"Safety glass, consisting of toughened (tempered) or laminated glass : Toughened (tempered) safety glass : Other",5,30,25,1
700721,70,"Safety glass, consisting of toughened (tempered) or laminated glass : Laminated safety glass : Of size and shape suitable for incorporation in vehicles, aircraft, spacecraft or vessels",4.9,29.9,25,2
700729,70,"Safety glass, consisting of toughened (tempered) or laminated glass : Laminated safety glass : Other",4.9,29.9,25,1
700800,70,Multiplewalled insulating units of glass,3.9,28.9,25,1
700910,70,"Glass mirrors, whether or not framed, including rearview mirrors : Rearview mirrors for vehicles",3.9,28.9,25,1
700991,70,"Glass mirrors, whether or not framed, including rearview mirrors : Other : Unframed",7.2,32.1,25,2
700992,70,"Glass mirrors, whether or not framed, including rearview mirrors : Other : Framed",7.2,32.1,25,2
701010,70,"Carboys, bottles, flasks, jars, pots, phials, ampoules and other containers, of glass, of a kind used for the conveyance or packing of goods; preserving jars of glass; stoppers, lids and other closures, of glass : Ampoules",0,25,25,1
701020,70,"Carboys, bottles, flasks, jars, pots, phials, ampoules and other containers, of glass, of a kind used for the conveyance or packing of goods; preserving jars of glass; stoppers, lids and other closures, of glass : Stoppers, lids and other closures",3.9,28.9,25,2
701090,70,"Carboys, bottles, flasks, jars, pots, phials, ampoules and other containers, of glass, of a kind used for the conveyance or packing of goods; preserving jars of glass; stoppers, lids and other closures, of glass : Other",1.9,26.9,25,4
701110,70,"Glass envelopes (including bulbs and tubes), open, and glass parts thereof, without fittings, for electric lamps, cathode ray tubes or the like : For electric lighting",2.3,27.3,25,2
701120,70,"Glass envelopes (including bulbs and tubes), open, and glass parts thereof, without fittings, for electric lamps, cathode ray tubes or the like : For cathode ray tubes",3.5,28.5,25,3
701190,70,"Glass envelopes (including bulbs and tubes), open, and glass parts thereof, without fittings, for electric lamps, cathode ray tubes or the like : Other",6.6,31.6,25,1
701310,70,"Glassware of a kind used for table, kitchen, toilet, office, indoor decoration or similar purposes (other than that of heading 7010 or 7018) : Of glass ceramics",16.4,23.9,7.5,2
701322,70,"Glassware of a kind used for table, kitchen, toilet, office, indoor decoration or similar purposes (other than that of heading 7010 or 7018) : Stemware drinking glasses, other than of glass ceramics : Of lead crystal",9.8,17.3,7.5,4
701328,70,"Glassware of a kind used for table, kitchen, toilet, office, indoor decoration or similar purposes (other than that of heading 7010 or 7018) : Stemware drinking glasses, other than of glass ceramics : Other",13.2,20.7,7.5,7
701333,70,"Glassware of a kind used for table, kitchen, toilet, office, indoor decoration or similar purposes (other than that of heading 7010 or 7018) : Other drinking glasses, other than of glass ceramics : Of lead crystal",9.8,17.3,7.5,4
701337,70,"Glassware of a kind used for table, kitchen, toilet, office, indoor decoration or similar purposes (other than that of heading 7010 or 7018) : Other drinking glasses, other than of glass ceramics : Other",13.2,20.7,7.5,7
701341,70,"Glassware of a kind used for table, kitchen, toilet, office, indoor decoration or similar purposes (other than that of heading 7010 or 7018) : Glassware of a kind used for table (other than drinking glasses) or kitchen purposes other than of glass ceramics : Of lead crystal",10.6,18.1,7.5,4
701342,70,"Glassware of a kind used for table, kitchen, toilet, office, indoor decoration or similar purposes (other than that of heading 7010 or 7018) : Glassware of a kind used for table (other than drinking glasses) or kitchen purposes other than of glass ceramics : Of glass having a linear coefficient of expansion not exceeding 5 × 10–6 per Kelvin within a temperature range of 0 °C to 300 °C",13.4,17.1,7.5,4
701349,70,"Glassware of a kind used for table, kitchen, toilet, office, indoor decoration or similar purposes (other than that of heading 7010 or 7018) : Glassware of a kind used for table (other than drinking glasses) or kitchen purposes other than of glass ceramics : Other",12.6,18.9,7.5,6
701391,70,"Glassware of a kind used for table, kitchen, toilet, office, indoor decoration or similar purposes (other than that of heading 7010 or 7018) : Other glassware : Of lead crystal",12.6,16.4,7.5,4
701399,70,"Glassware of a kind used for table, kitchen, toilet, office, indoor decoration or similar purposes (other than that of heading 7010 or 7018) : Other glassware : Other",15.2,18.9,7.5,10
701400,70,"Signalling glassware and optical elements of glass (other than those of heading 7015), not optically worked",3.9,28.9,25,4
701510,70,"Clock or watch glasses and similar glasses, glasses for noncorrective or corrective spectacles, curved, bent, hollowed or the like, not optically worked; hollow glass spheres and their segments, for the manufacture of such glasses : Glasses for corrective spectacles",0,7.5,7.5,1
701590,70,"Clock or watch glasses and similar glasses, glasses for noncorrective or corrective spectacles, curved, bent, hollowed or the like, not optically worked; hollow glass spheres and their segments, for the manufacture of such glasses : Other",0,7.5,7.5,3
701610,70,"Paving blocks, slabs, bricks, squares, tiles and other articles of pressed or moulded glass, whether or not wired, of a kind used for building or construction purposes; glass cubes and other glass smallwares, whether or not on a backing, for mosaics or similar decorative purposes; leaded lights and the like; multicellular or foam glass in blocks, panels, plates, shells or similar forms : Glass cubes and other glass smallwares, whether or not on a backing, for mosaics or similar decorative purposes",2.7,27.7,25,1
701690,70,"Paving blocks, slabs, bricks, squares, tiles and other articles of pressed or moulded glass, whether or not wired, of a kind used for building or construction purposes; glass cubes and other glass smallwares, whether or not on a backing, for mosaics or similar decorative purposes; leaded lights and the like; multicellular or foam glass in blocks, panels, plates, shells or similar forms : Other",6.5,31.5,25,2
701710,70,"Laboratory, hygienic or pharmaceutical glassware, whether or not graduated or calibrated : Of fused quartz or other fused silica",2.3,27.3,25,2
701720,70,"Laboratory, hygienic or pharmaceutical glassware, whether or not graduated or calibrated : Of other glass having a linear coefficient of expansion not exceeding 5 × 10–6 per Kelvin within a temperature range of 0 °C to 300 °C",6.7,31.7,25,1
701790,70,"Laboratory, hygienic or pharmaceutical glassware, whether or not graduated or calibrated : Other",3.4,28.4,25,2
701810,70,"Glass beads, imitation pearls, imitation precious or semiprecious stones and similar glass smallwares, and articles thereof other than imitation jewellery; glass eyes other than prosthetic articles; statuettes and other ornaments of lampworked glass, other than imitation jewellery; glass microspheres not exceeding 1 mm in diameter : Glass beads, imitation pearls, imitation precious or semiprecious stones and similar glass smallwares",1.3,26.3,25,3
701820,70,"Glass beads, imitation pearls, imitation precious or semiprecious stones and similar glass smallwares, and articles thereof other than imitation jewellery; glass eyes other than prosthetic articles; statuettes and other ornaments of lampworked glass, other than imitation jewellery; glass microspheres not exceeding 1 mm in diameter : Glass microspheres not exceeding 1 mm in diameter",5,30,25,1
701890,70,"Glass beads, imitation pearls, imitation precious or semiprecious stones and similar glass smallwares, and articles thereof other than imitation jewellery; glass eyes other than prosthetic articles; statuettes and other ornaments of lampworked glass, other than imitation jewellery; glass microspheres not exceeding 1 mm in diameter : Other",4.9,21.1,25,2
701911,70,"Glass fibres (including glass wool) and articles thereof (for example, yarn, woven fabrics) : Slivers, rovings, yarn and chopped strands : Chopped strands, of a length of not more than 50 mm",4.9,29.9,25,1
701912,70,"Glass fibres (including glass wool) and articles thereof (for example, yarn, woven fabrics) : Slivers, rovings, yarn and chopped strands : Rovings",4.8,29.8,25,1
701913,70,"Other yarn, slivers:",3.5,28.5,25,5
701914,70,Mechanically bonded mats,4.3,29.3,25,1
701915,70,Chemically bonded mats,4.3,29.3,25,1
701919,70,"Glass fibres (including glass wool) and articles thereof (for example, yarn, woven fabrics) : Slivers, rovings, yarn and chopped strands : Other",3,19.7,25,3
701961,70,Closed woven fabrics of rovings:,3.4,25.5,25,6
701962,70,Other closed fabrics of rovings:,3.4,25.5,25,6
701963,70,"Closed woven fabrics, plain weave, of yarns, not coated or laminated:",3.4,28.4,25,6
701964,70,"Closed woven fabrics, plain weave, of yarns, coated or laminated:",3.4,25.5,25,6
701965,70,Open woven fabrics of a width not exceeding 30 cm:,3,28,25,2
701966,70,"Plain weave, weighing less than 250 g/m2, of filaments measuring per single yarn not more than 136 tex:",3.6,28.6,25,4
701969,70,Other:,3.6,28.6,25,4
701971,70,Veils (thin sheets),4.3,29.3,25,1
701972,70,Other closed fabrics:,3.4,25.5,25,6
701973,70,Other open fabrics:,3,28,25,2
701980,70,Glass wool and articles of glass wool:,4.6,29.6,25,2
701990,70,"Glass fibres (including glass wool) and articles thereof (for example, yarn, woven fabrics) : Other",4.5,29.6,25,2
702000,70,Other articles of glass,3.9,28.9,25,3
710110,71,"Pearls, natural or cultured, whether or not worked or graded but not strung, mounted or set; pearls, natural or cultured, temporarily strung for convenience of transport : Natural pearls",0,7.5,7.5,2
710121,71,"Pearls, natural or cultured, whether or not worked or graded but not strung, mounted or set; pearls, natural or cultured, temporarily strung for convenience of transport : Cultured pearls : Unworked",0,7.5,7.5,1
710122,71,"Pearls, natural or cultured, whether or not worked or graded but not strung, mounted or set; pearls, natural or cultured, temporarily strung for convenience of transport : Cultured pearls : Worked",0,7.5,7.5,2
710210,71,"Diamonds, whether or not worked, but not mounted or set : Unsorted",0,7.5,7.5,1
710221,71,"Diamonds, whether or not worked, but not mounted or set : Industrial : Unworked or simply sawn, cleaved or bruted",0,25,25,3
710229,71,"Diamonds, whether or not worked, but not mounted or set : Industrial : Other",0,25,25,1
710231,71,"Diamonds, whether or not worked, but not mounted or set : Nonindustrial : Unworked or simply sawn, cleaved or bruted",0,7.5,7.5,1
710239,71,"Diamonds, whether or not worked, but not mounted or set : Nonindustrial : Other",0,7.5,7.5,1
710310,71,"Precious stones (other than diamonds) and semiprecious stones, whether or not worked or graded but not strung, mounted or set; ungraded precious stones (other than diamonds) and semiprecious stones, temporarily strung for convenience of transport : Unworked or simply sawn or roughly shaped",5.3,12.8,7.5,2
710391,71,"Precious stones (other than diamonds) and semiprecious stones, whether or not worked or graded but not strung, mounted or set; ungraded precious stones (other than diamonds) and semiprecious stones, temporarily strung for convenience of transport : Otherwise worked : Rubies, sapphires and emeralds",0,7.5,7.5,1
710399,71,"Precious stones (other than diamonds) and semiprecious stones, whether or not worked or graded but not strung, mounted or set; ungraded precious stones (other than diamonds) and semiprecious stones, temporarily strung for convenience of transport : Otherwise worked : Other",5.3,12.8,7.5,2
710410,71,"Synthetic or reconstructed precious or semiprecious stones, whether or not worked or graded but not strung, mounted or set; ungraded synthetic or reconstructed precious or semiprecious stones, temporarily strung for convenience of transport : Piezoelectric quartz",3,10.5,7.5,1
710421,71,Diamonds,3,10.5,7.5,1
710429,71,Other,3,10.5,7.5,1
710491,71,Diamonds:,3.2,10.7,7.5,2
710499,71,Other:,3.2,10.7,7.5,2
710510,71,Dust and powder of natural or synthetic precious or semiprecious stones : Of diamonds,0,25,25,1
710590,71,Dust and powder of natural or synthetic precious or semiprecious stones : Other,0,25,25,1
710610,71,"Silver (including silver plated with gold or platinum), unwrought or in semimanufactured forms, or in powder form : Powder",0,25,25,1
710691,71,"Silver (including silver plated with gold or platinum), unwrought or in semimanufactured forms, or in powder form : Other : Unwrought",1.5,26.5,25,2
710692,71,"Silver (including silver plated with gold or platinum), unwrought or in semimanufactured forms, or in powder form : Other : Semimanufactured",1.5,26.5,25,2
710700,71,"Base metals clad with silver, not further worked than semimanufactured",3.3,28.3,25,1
710811,71,"Gold (including gold plated with platinum), unwrought or in semimanufactured forms, or in powder form : Nonmonetary : Powder",0,25,25,1
710812,71,"Gold (including gold plated with platinum), unwrought or in semimanufactured forms, or in powder form : Nonmonetary : Other unwrought forms",2,27.1,25,2
710813,71,"Gold (including gold plated with platinum), unwrought or in semimanufactured forms, or in powder form : Nonmonetary : Other semimanufactured forms",1.4,26.4,25,3
710820,71,"Gold (including gold plated with platinum), unwrought or in semimanufactured forms, or in powder form : Monetary",0,25,25,1
710900,71,"Base metals or silver, clad with gold, not further worked than semimanufactured",6,31,25,1
711011,71,"Platinum, unwrought or in semimanufactured forms, or in powder form : Platinum : Unwrought or in powder form",0,25,25,1
711019,71,"Platinum, unwrought or in semimanufactured forms, or in powder form : Platinum : Other",0,25,25,1
711021,71,"Platinum, unwrought or in semimanufactured forms, or in powder form : Palladium : Unwrought or in powder form",0,25,25,1
711029,71,"Platinum, unwrought or in semimanufactured forms, or in powder form : Palladium : Other",0,25,25,1
711031,71,"Platinum, unwrought or in semimanufactured forms, or in powder form : Rhodium : Unwrought or in powder form",0,25,25,1
711039,71,"Platinum, unwrought or in semimanufactured forms, or in powder form : Rhodium : Other",0,25,25,1
711041,71,"Platinum, unwrought or in semimanufactured forms, or in powder form : Iridium, osmium and ruthenium : Unwrought or in powder form",0,25,25,1
711049,71,"Platinum, unwrought or in semimanufactured forms, or in powder form : Iridium, osmium and ruthenium : Other",0,25,25,1
711100,71,"Base metals, silver or gold, clad with platinum, not further worked than semimanufactured",10,35,25,1
711230,71,"Waste and scrap of precious metal or of metal clad with precious metal; other waste and scrap containing precious metal or preciousmetal compounds, of a kind used principally for the recovery of precious metal : Ash containing precious metal or preciousmetal compounds",0,25,25,1
711291,71,"Waste and scrap of precious metal or of metal clad with precious metal; other waste and scrap containing precious metal or preciousmetal compounds, of a kind used principally for the recovery of precious metal : Other : Of gold, including metal clad with gold but excluding sweepings containing other precious metals",0,25,25,1
711292,71,"Waste and scrap of precious metal or of metal clad with precious metal; other waste and scrap containing precious metal or preciousmetal compounds, of a kind used principally for the recovery of precious metal : Other : Of platinum, including metal clad with platinum but excluding sweepings containing other precious metals",0,25,25,1
711299,71,"Waste and scrap of precious metal or of metal clad with precious metal; other waste and scrap containing precious metal or preciousmetal compounds, of a kind used principally for the recovery of precious metal : Other : Other",0,25,25,1
711311,71,"Articles of jewellery and parts thereof, of precious metal or of metal clad with precious metal : Of precious metal whether or not plated or clad with precious metal : Of silver, whether or not plated or clad with other precious metal",8.3,15.8,7.5,3
711319,71,"Articles of jewellery and parts thereof, of precious metal or of metal clad with precious metal : Of precious metal whether or not plated or clad with precious metal : Of other precious metal, whether or not plated or clad with precious metal",5.8,13.3,7.5,6
711320,71,"Articles of jewellery and parts thereof, of precious metal or of metal clad with precious metal : Of base metal clad with precious metal",5.8,13.3,7.5,6
711411,71,"Articles of goldsmiths' or silversmiths' wares and parts thereof, of precious metal or of metal clad with precious metal : Of precious metal whether or not plated or clad with precious metal : Of silver, whether or not plated or clad with other precious metal",3.1,28.1,25,8
711419,71,"Articles of goldsmiths' or silversmiths' wares and parts thereof, of precious metal or of metal clad with precious metal : Of precious metal whether or not plated or clad with precious metal : Of other precious metal, whether or not plated or clad with precious metal",7.9,32.9,25,1
711420,71,"Articles of goldsmiths' or silversmiths' wares and parts thereof, of precious metal or of metal clad with precious metal : Of base metal clad with precious metal",3,28,25,1
711510,71,"Other articles of precious metal or of metal clad with precious metal : Catalysts in the form of wire cloth or grill, of platinum",4,29,25,1
711590,71,Other articles of precious metal or of metal clad with precious metal : Other,2.7,27.7,25,4
711610,71,"Articles of natural or cultured pearls, precious or semiprecious stones (natural, synthetic or reconstructed) : Of natural or cultured pearls",4.4,8.2,7.5,2
711620,71,"Articles of natural or cultured pearls, precious or semiprecious stones (natural, synthetic or reconstructed) : Of precious or semiprecious stones (natural, synthetic or reconstructed)",4.5,10.7,7.5,6
711711,71,"Imitation jewellery : Of base metal, whether or not plated with precious metal : Cuff links and studs",8,15.5,7.5,1
711719,71,"Imitation jewellery : Of base metal, whether or not plated with precious metal : Other",5.6,11.9,7.5,6
711790,71,Imitation jewellery : Other,3.2,7.9,7.5,8
711810,71,"Coin : Coin (other than gold coin), not being legal tender",0,7.5,7.5,1
711890,71,Coin : Other,0,7.5,7.5,1
730110,73,"Sheet piling of iron or steel, whether or not drilled, punched or made from assembled elements; welded angles, shapes and sections, of iron or steel : Sheet piling",0,25,25,1
730120,73,"Sheet piling of iron or steel, whether or not drilled, punched or made from assembled elements; welded angles, shapes and sections, of iron or steel : Angles, shapes and sections",0,25,25,2
730210,73,"Railway or tramway track construction material of iron or steel, the following: rails, checkrails and rack rails, switch blades, crossing frogs, point rods and other crossing pieces, sleepers (crossties), fishplates, chairs, chair wedges, sole plates (base plates), rail clips, bedplates, ties and other material specialised for jointing or fixing rails : Rails",0,25,25,2
730230,73,"Railway or tramway track construction material of iron or steel, the following: rails, checkrails and rack rails, switch blades, crossing frogs, point rods and other crossing pieces, sleepers (crossties), fishplates, chairs, chair wedges, sole plates (base plates), rail clips, bedplates, ties and other material specialised for jointing or fixing rails : Switch blades, crossing frogs, point rods and other crossing pieces",0,25,25,1
730240,73,"Railway or tramway track construction material of iron or steel, the following: rails, checkrails and rack rails, switch blades, crossing frogs, point rods and other crossing pieces, sleepers (crossties), fishplates, chairs, chair wedges, sole plates (base plates), rail clips, bedplates, ties and other material specialised for jointing or fixing rails : Fishplates and sole plates",0,25,25,1
730290,73,"Railway or tramway track construction material of iron or steel, the following: rails, checkrails and rack rails, switch blades, crossing frogs, point rods and other crossing pieces, sleepers (crossties), fishplates, chairs, chair wedges, sole plates (base plates), rail clips, bedplates, ties and other material specialised for jointing or fixing rails : Other",0,25,25,2
730300,73,"Tubes, pipes and hollow profiles, of cast iron",0,25,25,1
730411,73,"Tubes, pipes and hollow profiles, seamless, of iron (other than cast iron) or steel : Line pipe of a kind used for oil or gas pipelines : Of stainless steel",0,25,25,1
730419,73,"Tubes, pipes and hollow profiles, seamless, of iron (other than cast iron) or steel : Line pipe of a kind used for oil or gas pipelines : Other",0,25,25,2
730422,73,"Tubes, pipes and hollow profiles, seamless, of iron (other than cast iron) or steel : Casing, tubing and drill pipe, of a kind used in drilling for oil or gas : Drill pipe of stainless steel",0,25,25,1
730423,73,"Tubes, pipes and hollow profiles, seamless, of iron (other than cast iron) or steel : Casing, tubing and drill pipe, of a kind used in drilling for oil or gas : Other drill pipe",0,25,25,2
730424,73,"Tubes, pipes and hollow profiles, seamless, of iron (other than cast iron) or steel : Casing, tubing and drill pipe, of a kind used in drilling for oil or gas : Other, of stainless steel",0,25,25,3
730429,73,"Tubes, pipes and hollow profiles, seamless, of iron (other than cast iron) or steel : Casing, tubing and drill pipe, of a kind used in drilling for oil or gas : Other",0,25,25,6
730431,73,"Tubes, pipes and hollow profiles, seamless, of iron (other than cast iron) or steel : Other, of circular crosssection, of iron or nonalloy steel : Colddrawn or coldrolled (coldreduced)",0,25,25,2
730439,73,"Tubes, pipes and hollow profiles, seamless, of iron (other than cast iron) or steel : Other, of circular crosssection, of iron or nonalloy steel : Other",0,25,25,1
730441,73,"Tubes, pipes and hollow profiles, seamless, of iron (other than cast iron) or steel : Other, of circular crosssection, of stainless steel : Colddrawn or coldrolled (coldreduced)",0,7.5,7.5,2
730449,73,"Tubes, pipes and hollow profiles, seamless, of iron (other than cast iron) or steel : Other, of circular crosssection, of stainless steel : Other",0,25,25,1
730451,73,"Tubes, pipes and hollow profiles, seamless, of iron (other than cast iron) or steel : Other, of circular crosssection, of other alloy steel : Colddrawn or coldrolled (coldreduced)",0,25,25,2
730459,73,"Tubes, pipes and hollow profiles, seamless, of iron (other than cast iron) or steel : Other, of circular crosssection, of other alloy steel : Other",0,25,25,4
730490,73,"Tubes, pipes and hollow profiles, seamless, of iron (other than cast iron) or steel : Other",0,16.3,25,4
730511,73,"Other tubes and pipes (for example, welded, riveted or similarly closed), having circular crosssections, the external diameter of which exceeds 406,4 mm, of iron or steel : Line pipe of a kind used for oil or gas pipelines : Longitudinally submerged arc welded",0,25,25,2
730512,73,"Other tubes and pipes (for example, welded, riveted or similarly closed), having circular crosssections, the external diameter of which exceeds 406,4 mm, of iron or steel : Line pipe of a kind used for oil or gas pipelines : Other, longitudinally welded",0,25,25,2
730519,73,"Other tubes and pipes (for example, welded, riveted or similarly closed), having circular crosssections, the external diameter of which exceeds 406,4 mm, of iron or steel : Line pipe of a kind used for oil or gas pipelines : Other",0,25,25,2
730520,73,"Other tubes and pipes (for example, welded, riveted or similarly closed), having circular crosssections, the external diameter of which exceeds 406,4 mm, of iron or steel : Casing of a kind used in drilling for oil or gas",0,25,25,4
730531,73,"Other tubes and pipes (for example, welded, riveted or similarly closed), having circular crosssections, the external diameter of which exceeds 406,4 mm, of iron or steel : Other, welded : Longitudinally welded",0,25,25,3
730539,73,"Other tubes and pipes (for example, welded, riveted or similarly closed), having circular crosssections, the external diameter of which exceeds 406,4 mm, of iron or steel : Other, welded : Other",0,25,25,2
730590,73,"Other tubes and pipes (for example, welded, riveted or similarly closed), having circular crosssections, the external diameter of which exceeds 406,4 mm, of iron or steel : Other",0,25,25,2
730611,73,"Other tubes, pipes and hollow profiles (for example, open seam or welded, riveted or similarly closed), of iron or steel : Line pipe of a kind used for oil or gas pipelines : Welded, of stainless steel",0,25,25,1
730619,73,"Other tubes, pipes and hollow profiles (for example, open seam or welded, riveted or similarly closed), of iron or steel : Line pipe of a kind used for oil or gas pipelines : Other",0,25,25,2
730621,73,"Other tubes, pipes and hollow profiles (for example, open seam or welded, riveted or similarly closed), of iron or steel : Casing and tubing of a kind used in drilling for oil or gas : Welded, of stainless steel",0,25,25,3
730629,73,"Other tubes, pipes and hollow profiles (for example, open seam or welded, riveted or similarly closed), of iron or steel : Casing and tubing of a kind used in drilling for oil or gas : Other",0,25,25,6
730630,73,"Other tubes, pipes and hollow profiles (for example, open seam or welded, riveted or similarly closed), of iron or steel : Other, welded, of circular crosssection, of iron or nonalloy steel",0,25,25,3
730640,73,"Other tubes, pipes and hollow profiles (for example, open seam or welded, riveted or similarly closed), of iron or steel : Other, welded, of circular crosssection, of stainless steel",0,25,25,2
730650,73,"Other tubes, pipes and hollow profiles (for example, open seam or welded, riveted or similarly closed), of iron or steel : Other, welded, of circular crosssection, of other alloy steel",0,25,25,3
730661,73,"Other tubes, pipes and hollow profiles (for example, open seam or welded, riveted or similarly closed), of iron or steel : Other, welded, of noncircular crosssection : Of square or rectangular crosssection",0,25,25,4
730669,73,"Other tubes, pipes and hollow profiles (for example, open seam or welded, riveted or similarly closed), of iron or steel : Other, welded, of noncircular crosssection : Of other noncircular crosssection",0,20.6,25,4
730690,73,"Other tubes, pipes and hollow profiles (for example, open seam or welded, riveted or similarly closed), of iron or steel : Other",0,25,25,2
730711,73,"Tube or pipe fittings (for example, couplings, elbows, sleeves), of iron or steel : Cast fittings : Of nonmalleable cast iron",4.8,29.8,25,1
730719,73,"Tube or pipe fittings (for example, couplings, elbows, sleeves), of iron or steel : Cast fittings : Other",5.9,30.9,25,2
730721,73,"Tube or pipe fittings (for example, couplings, elbows, sleeves), of iron or steel : Other, of stainless steel : Flanges",4.4,29.5,25,2
730722,73,"Tube or pipe fittings (for example, couplings, elbows, sleeves), of iron or steel : Other, of stainless steel : Threaded elbows, bends and sleeves",3.1,28.1,25,2
730723,73,"Tube or pipe fittings (for example, couplings, elbows, sleeves), of iron or steel : Other, of stainless steel : Butt welding fittings",5,30,25,1
730729,73,"Tube or pipe fittings (for example, couplings, elbows, sleeves), of iron or steel : Other, of stainless steel : Other",5,30,25,1
730791,73,"Tube or pipe fittings (for example, couplings, elbows, sleeves), of iron or steel : Other : Flanges",4,29,25,3
730792,73,"Tube or pipe fittings (for example, couplings, elbows, sleeves), of iron or steel : Other : Threaded elbows, bends and sleeves",3.1,28.1,25,2
730793,73,"Tube or pipe fittings (for example, couplings, elbows, sleeves), of iron or steel : Other : Butt welding fittings",5.3,30.3,25,3
730799,73,"Tube or pipe fittings (for example, couplings, elbows, sleeves), of iron or steel : Other : Other",3.7,28.7,25,3
730810,73,"Structures (excluding prefabricated buildings of heading 9406) and parts of structures (for example, bridges and bridgesections, lockgates, towers, lattice masts, roofs, roofing frameworks, doors and windows and their frames and thresholds for doors, shutters, balustrades, pillars and columns), of iron or steel; plates, rods, angles, shapes, sections, tubes and the like, prepared for use in structures, of iron or steel : Bridges and bridgesections",0,25,25,1
730820,73,"Structures (excluding prefabricated buildings of heading 9406) and parts of structures (for example, bridges and bridgesections, lockgates, towers, lattice masts, roofs, roofing frameworks, doors and windows and their frames and thresholds for doors, shutters, balustrades, pillars and columns), of iron or steel; plates, rods, angles, shapes, sections, tubes and the like, prepared for use in structures, of iron or steel : Towers and lattice masts",0,25,25,1
730830,73,"Structures (excluding prefabricated buildings of heading 9406) and parts of structures (for example, bridges and bridgesections, lockgates, towers, lattice masts, roofs, roofing frameworks, doors and windows and their frames and thresholds for doors, shutters, balustrades, pillars and columns), of iron or steel; plates, rods, angles, shapes, sections, tubes and the like, prepared for use in structures, of iron or steel : Doors, windows and their frames and thresholds for doors",0,25,25,2
730840,73,"Structures (excluding prefabricated buildings of heading 9406) and parts of structures (for example, bridges and bridgesections, lockgates, towers, lattice masts, roofs, roofing frameworks, doors and windows and their frames and thresholds for doors, shutters, balustrades, pillars and columns), of iron or steel; plates, rods, angles, shapes, sections, tubes and the like, prepared for use in structures, of iron or steel : Equipment for scaffolding, shuttering, propping or pitpropping",0,25,25,1
730890,73,"Structures (excluding prefabricated buildings of heading 9406) and parts of structures (for example, bridges and bridgesections, lockgates, towers, lattice masts, roofs, roofing frameworks, doors and windows and their frames and thresholds for doors, shutters, balustrades, pillars and columns), of iron or steel; plates, rods, angles, shapes, sections, tubes and the like, prepared for use in structures, of iron or steel : Other",0,25,25,4
730900,73,"Reservoirs, tanks, vats and similar containers for any material (other than compressed or liquefied gas), of iron or steel, of a capacity exceeding 300 l, whether or not lined or heatinsulated, but not fitted with mechanical or thermal equipment",0,25,25,1
731010,73,"Tanks, casks, drums, cans, boxes and similar containers, for any material (other than compressed or liquefied gas), of iron or steel, of a capacity not exceeding 300 l, whether or not lined or heatinsulated, but not fitted with mechanical or thermal equipment : Of a capacity of 50 l or more",0,25,25,1
731021,73,"Tanks, casks, drums, cans, boxes and similar containers, for any material (other than compressed or liquefied gas), of iron or steel, of a capacity not exceeding 300 l, whether or not lined or heatinsulated, but not fitted with mechanical or thermal equipment : Of a capacity of less than 50 l : Cans which are to be closed by soldering or crimping",0,25,25,1
731029,73,"Tanks, casks, drums, cans, boxes and similar containers, for any material (other than compressed or liquefied gas), of iron or steel, of a capacity not exceeding 300 l, whether or not lined or heatinsulated, but not fitted with mechanical or thermal equipment : Of a capacity of less than 50 l : Other",0,25,25,1
731100,73,"Containers for compressed or liquefied gas, of iron or steel",0,25,25,1
731210,73,"Stranded wire, ropes, cables, plaited bands, slings and the like, of iron or steel, not electrically insulated : Stranded wire, ropes and cables",0,25,25,9
731290,73,"Stranded wire, ropes, cables, plaited bands, slings and the like, of iron or steel, not electrically insulated : Other",0,25,25,1
731300,73,"Barbed wire of iron or steel; twisted hoop or single flat wire, barbed or not, and loosely twisted double wire, of a kind used for fencing, of iron or steel",0,25,25,1
731412,73,"Cloth (including endless bands), grill, netting and fencing, of iron or steel wire; expanded metal of iron or steel : Woven cloth : Endless bands for machinery, of stainless steel",0,25,25,5
731414,73,"Cloth (including endless bands), grill, netting and fencing, of iron or steel wire; expanded metal of iron or steel : Woven cloth : Other woven cloth, of stainless steel",0,25,25,5
731419,73,"Cloth (including endless bands), grill, netting and fencing, of iron or steel wire; expanded metal of iron or steel : Woven cloth : Other",0,25,25,1
731420,73,"Cloth (including endless bands), grill, netting and fencing, of iron or steel wire; expanded metal of iron or steel : Grill, netting and fencing, welded at the intersection, of wire with a maximum crosssectional dimension of 3 mm or more and having a mesh size of 100 cm² or more",0,25,25,1
731431,73,"Cloth (including endless bands), grill, netting and fencing, of iron or steel wire; expanded metal of iron or steel : Other grill, netting and fencing, welded at the intersection : Plated or coated with zinc",0,25,25,2
731439,73,"Cloth (including endless bands), grill, netting and fencing, of iron or steel wire; expanded metal of iron or steel : Other grill, netting and fencing, welded at the intersection : Other",0,25,25,1
731441,73,"Cloth (including endless bands), grill, netting and fencing, of iron or steel wire; expanded metal of iron or steel : Other cloth, grill, netting and fencing : Plated or coated with zinc",0,25,25,1
731442,73,"Cloth (including endless bands), grill, netting and fencing, of iron or steel wire; expanded metal of iron or steel : Other cloth, grill, netting and fencing : Coated with plastics",0,25,25,1
731449,73,"Cloth (including endless bands), grill, netting and fencing, of iron or steel wire; expanded metal of iron or steel : Other cloth, grill, netting and fencing : Other",0,25,25,2
731450,73,"Cloth (including endless bands), grill, netting and fencing, of iron or steel wire; expanded metal of iron or steel : Expanded metal",0,25,25,1
731511,73,"Chain and parts thereof, of iron or steel : Articulated link chain and parts thereof : Roller chain",0,25,25,1
731512,73,"Chain and parts thereof, of iron or steel : Articulated link chain and parts thereof : Other chain",0,25,25,1
731519,73,"Chain and parts thereof, of iron or steel : Articulated link chain and parts thereof : Parts",0,25,25,1
731520,73,"Chain and parts thereof, of iron or steel : Skid chain",0,25,25,2
731581,73,"Chain and parts thereof, of iron or steel : Other chain : Studlink",0,25,25,1
731582,73,"Chain and parts thereof, of iron or steel : Other chain : Other, welded link",0,25,25,4
731589,73,"Chain and parts thereof, of iron or steel : Other chain : Other",1.8,26.8,25,3
731590,73,"Chain and parts thereof, of iron or steel : Other parts",2.9,27.9,25,1
731600,73,"Anchors, grapnels and parts thereof, of iron or steel",0,25,25,1
731700,73,"Nails, tacks, drawing pins, corrugated nails, staples (other than those of heading 8305) and similar articles, of iron or steel, whether or not with heads of other material, but excluding such articles with heads of copper",0,22.1,25,6
731811,73,"Screws, bolts, nuts, coach screws, screw hooks, rivets, cotters, cotter pins, washers (including spring washers) and similar articles, of iron or steel : Threaded articles : Coach screws",12.5,37.5,25,1
731812,73,"Screws, bolts, nuts, coach screws, screw hooks, rivets, cotters, cotter pins, washers (including spring washers) and similar articles, of iron or steel : Threaded articles : Other wood screws",12.5,37.5,25,1
731813,73,"Screws, bolts, nuts, coach screws, screw hooks, rivets, cotters, cotter pins, washers (including spring washers) and similar articles, of iron or steel : Threaded articles : Screw hooks and screw rings",5.7,30.7,25,1
731814,73,"Screws, bolts, nuts, coach screws, screw hooks, rivets, cotters, cotter pins, washers (including spring washers) and similar articles, of iron or steel : Threaded articles : Selftapping screws",7.4,32.4,25,2
731815,73,"Screws, bolts, nuts, coach screws, screw hooks, rivets, cotters, cotter pins, washers (including spring washers) and similar articles, of iron or steel : Threaded articles : Other screws and bolts, whether or not with their nuts or washers",2.9,27.9,25,5
731816,73,"Screws, bolts, nuts, coach screws, screw hooks, rivets, cotters, cotter pins, washers (including spring washers) and similar articles, of iron or steel : Threaded articles : Nuts",0,7.5,7.5,1
731819,73,"Screws, bolts, nuts, coach screws, screw hooks, rivets, cotters, cotter pins, washers (including spring washers) and similar articles, of iron or steel : Threaded articles : Other",5.7,30.7,25,1
731821,73,"Screws, bolts, nuts, coach screws, screw hooks, rivets, cotters, cotter pins, washers (including spring washers) and similar articles, of iron or steel : Nonthreaded articles : Spring washers and other lock washers",5.8,30.8,25,1
731822,73,"Screws, bolts, nuts, coach screws, screw hooks, rivets, cotters, cotter pins, washers (including spring washers) and similar articles, of iron or steel : Nonthreaded articles : Other washers",0,25,25,1
731823,73,"Screws, bolts, nuts, coach screws, screw hooks, rivets, cotters, cotter pins, washers (including spring washers) and similar articles, of iron or steel : Nonthreaded articles : Rivets",0,25,25,1
731824,73,"Screws, bolts, nuts, coach screws, screw hooks, rivets, cotters, cotter pins, washers (including spring washers) and similar articles, of iron or steel : Nonthreaded articles : Cotters and cotter pins",3.8,28.8,25,1
731829,73,"Screws, bolts, nuts, coach screws, screw hooks, rivets, cotters, cotter pins, washers (including spring washers) and similar articles, of iron or steel : Nonthreaded articles : Other",2.8,27.8,25,1
731940,73,"Sewing needles, knitting needles, bodkins, crochet hooks, embroidery stilettos and similar articles, for use in the hand, of iron or steel; safety pins and other pins of iron or steel, not elsewhere specified or included : Safety pins and other pins",2.9,10.4,7.5,3
731990,73,"Sewing needles, knitting needles, bodkins, crochet hooks, embroidery stilettos and similar articles, for use in the hand, of iron or steel; safety pins and other pins of iron or steel, not elsewhere specified or included : Other",1.4,8.9,7.5,2
732010,73,"Springs and leaves for springs, of iron or steel : Leafsprings and leaves therefor",3.2,28.2,25,3
732020,73,"Springs and leaves for springs, of iron or steel : Helical springs",3.5,11.1,7.5,2
732090,73,"Springs and leaves for springs, of iron or steel : Other",1.4,26.4,25,2
732111,73,"Stoves, ranges, grates, cookers (including those with subsidiary boilers for central heating), barbecues, braziers, gas rings, plate warmers and similar nonelectric domestic appliances, and parts thereof, of iron or steel : Cooking appliances and plate warmers : For gas fuel or for both gas and other fuels",1.9,26.9,25,3
732112,73,"Stoves, ranges, grates, cookers (including those with subsidiary boilers for central heating), barbecues, braziers, gas rings, plate warmers and similar nonelectric domestic appliances, and parts thereof, of iron or steel : Cooking appliances and plate warmers : For liquid fuel",0,0,0,1
732119,73,"Stoves, ranges, grates, cookers (including those with subsidiary boilers for central heating), barbecues, braziers, gas rings, plate warmers and similar nonelectric domestic appliances, and parts thereof, of iron or steel : Cooking appliances and plate warmers : Other, including appliances for solid fuel",0,0,0,1
732181,73,"Stoves, ranges, grates, cookers (including those with subsidiary boilers for central heating), barbecues, braziers, gas rings, plate warmers and similar nonelectric domestic appliances, and parts thereof, of iron or steel : Other appliances : For gas fuel or for both gas and other fuels",1.4,5.2,7.5,2
732182,73,"Stoves, ranges, grates, cookers (including those with subsidiary boilers for central heating), barbecues, braziers, gas rings, plate warmers and similar nonelectric domestic appliances, and parts thereof, of iron or steel : Other appliances : For liquid fuel",1.4,8.9,7.5,2
732189,73,"Stoves, ranges, grates, cookers (including those with subsidiary boilers for central heating), barbecues, braziers, gas rings, plate warmers and similar nonelectric domestic appliances, and parts thereof, of iron or steel : Other appliances : Other, including appliances for solid fuel",0,7.5,7.5,1
732190,73,"Stoves, ranges, grates, cookers (including those with subsidiary boilers for central heating), barbecues, braziers, gas rings, plate warmers and similar nonelectric domestic appliances, and parts thereof, of iron or steel : Parts",0,25,25,5
732211,73,"Radiators for central heating, not electrically heated, and parts thereof, of iron or steel; air heaters and hotair distributors (including distributors which can also distribute fresh or conditioned air), not electrically heated, incorporating a motordriven fan or blower, and parts thereof, of iron or steel : Radiators and parts thereof : Of cast iron",0,25,25,1
732219,73,"Radiators for central heating, not electrically heated, and parts thereof, of iron or steel; air heaters and hotair distributors (including distributors which can also distribute fresh or conditioned air), not electrically heated, incorporating a motordriven fan or blower, and parts thereof, of iron or steel : Radiators and parts thereof : Other",0,25,25,1
732290,73,"Radiators for central heating, not electrically heated, and parts thereof, of iron or steel; air heaters and hotair distributors (including distributors which can also distribute fresh or conditioned air), not electrically heated, incorporating a motordriven fan or blower, and parts thereof, of iron or steel : Other",0,25,25,1
732310,73,"Table, kitchen or other household articles and parts thereof, of iron or steel; iron or steel wool; pot scourers and scouring or polishing pads, gloves and the like, of iron or steel : Iron or steel wool; pot scourers and scouring or polishing pads, gloves and the like",0,25,25,1
732391,73,"Table, kitchen or other household articles and parts thereof, of iron or steel; iron or steel wool; pot scourers and scouring or polishing pads, gloves and the like, of iron or steel : Other : Of cast iron, not enamelled",2.6,6.4,7.5,2
732392,73,"Table, kitchen or other household articles and parts thereof, of iron or steel; iron or steel wool; pot scourers and scouring or polishing pads, gloves and the like, of iron or steel : Other : Of cast iron, enamelled",0,7.5,7.5,1
732393,73,"Table, kitchen or other household articles and parts thereof, of iron or steel; iron or steel wool; pot scourers and scouring or polishing pads, gloves and the like, of iron or steel : Other : Of stainless steel",2,2,0,1
732394,73,"Table, kitchen or other household articles and parts thereof, of iron or steel; iron or steel wool; pot scourers and scouring or polishing pads, gloves and the like, of iron or steel : Other : Of iron (other than cast iron) or steel, enamelled",2.7,10.2,7.5,1
732399,73,"Table, kitchen or other household articles and parts thereof, of iron or steel; iron or steel wool; pot scourers and scouring or polishing pads, gloves and the like, of iron or steel : Other : Other",3.4,9.9,25,5
732410,73,"Sanitary ware and parts thereof, of iron or steel : Sinks and washbasins, of stainless steel",3.4,28.4,25,1
732421,73,"Sanitary ware and parts thereof, of iron or steel : Baths : Of cast iron, whether or not enamelled",0,25,25,2
732429,73,"Sanitary ware and parts thereof, of iron or steel : Baths : Other",0,7.5,7.5,1
732490,73,"Sanitary ware and parts thereof, of iron or steel : Other, including parts",0,25,25,1
732510,73,Other cast articles of iron or steel : Of nonmalleable cast iron,0,25,25,1
732591,73,Other cast articles of iron or steel : Other : Grinding balls and similar articles for mills,2.9,27.9,25,1
732599,73,Other cast articles of iron or steel : Other : Other,1.4,26.4,25,2
732611,73,"Other articles of iron or steel : Forged or stamped, but not further worked : Grinding balls and similar articles for mills",0,25,25,1
732619,73,"Other articles of iron or steel : Forged or stamped, but not further worked : Other",2.9,27.9,25,1
732620,73,Other articles of iron or steel : Articles of iron or steel wire,3.9,28.9,25,1
732690,73,Other articles of iron or steel : Other,3.2,28.2,25,6
760110,76,"Unwrought aluminium : Aluminium, not alloyed",1.3,26.3,25,2
760120,76,Unwrought aluminium : Aluminium alloys,1.6,26.6,25,3
760200,76,Aluminium waste and scrap,0,25,25,1
760310,76,Aluminium powders and flakes : Powders of nonlamellar structure,5,30,25,1
760320,76,Aluminium powders and flakes : Powders of lamellar structure; flakes,3.9,28.9,25,1
760410,76,"Aluminium bars, rods and profiles : Of aluminium, not alloyed",3.5,28.5,25,3
760421,76,"Aluminium bars, rods and profiles : Of aluminium alloys : Hollow profiles",1.5,26.5,25,1
760429,76,"Aluminium bars, rods and profiles : Of aluminium alloys : Other",3.5,28.5,25,3
760511,76,"Aluminium wire : Of aluminium, not alloyed : Of which the maximum crosssectional dimension exceeds 7 mm",2.6,27.6,25,1
760519,76,"Aluminium wire : Of aluminium, not alloyed : Other",4.2,29.2,25,1
760521,76,Aluminium wire : Of aluminium alloys : Of which the maximum crosssectional dimension exceeds 7 mm,2.6,27.6,25,1
760529,76,Aluminium wire : Of aluminium alloys : Other,4.2,29.2,25,1
760611,76,"Aluminium plates, sheets and strip, of a thickness exceeding 0,2 mm : Rectangular (including square) : Of aluminium, not alloyed",2.9,27.9,25,2
760612,76,"Aluminium plates, sheets and strip, of a thickness exceeding 0,2 mm : Rectangular (including square) : Of aluminium alloys",4.8,29.8,25,2
760691,76,"Aluminium plates, sheets and strip, of a thickness exceeding 0,2 mm : Other : Of aluminium, not alloyed",2.9,27.9,25,2
760692,76,"Aluminium plates, sheets and strip, of a thickness exceeding 0,2 mm : Other : Of aluminium alloys",4.8,29.8,25,2
760711,76,"Aluminium foil (whether or not printed or backed with paper, paperboard, plastics or similar backing materials) of a thickness (excluding any backing) not exceeding 0,2 mm : Not backed : Rolled but not further worked",4.7,29.7,25,3
760719,76,"Aluminium foil (whether or not printed or backed with paper, paperboard, plastics or similar backing materials) of a thickness (excluding any backing) not exceeding 0,2 mm : Not backed : Other",4.7,18,25,3
760720,76,"Aluminium foil (whether or not printed or backed with paper, paperboard, plastics or similar backing materials) of a thickness (excluding any backing) not exceeding 0,2 mm : Backed",1.9,18.1,25,2
760810,76,"Aluminium tubes and pipes : Of aluminium, not alloyed",5.7,30.7,25,1
760820,76,Aluminium tubes and pipes : Of aluminium alloys,5.7,30.7,25,1
760900,76,"Aluminium tube or pipe fittings (for example, couplings, elbows, sleeves)",5.7,30.7,25,1
761010,76,"Aluminium structures (excluding prefabricated buildings of heading 9406) and parts of structures (for example, bridges and bridgesections, towers, lattice masts, roofs, roofing frameworks, doors and windows and their frames and thresholds for doors, balustrades, pillars and columns); aluminium plates, rods, profiles, tubes and the like, prepared for use in structures : Doors, windows and their frames and thresholds for doors",5.7,13.2,7.5,1
761090,76,"Aluminium structures (excluding prefabricated buildings of heading 9406) and parts of structures (for example, bridges and bridgesections, towers, lattice masts, roofs, roofing frameworks, doors and windows and their frames and thresholds for doors, balustrades, pillars and columns); aluminium plates, rods, profiles, tubes and the like, prepared for use in structures : Other",5.7,30.7,25,1
761100,76,"Aluminium reservoirs, tanks, vats and similar containers, for any material (other than compressed or liquefied gas), of a capacity exceeding 300 litres, whether or not lined or heatinsulated, but not fitted with mechanical or thermal equipment",2.6,27.6,25,1
761210,76,"Aluminium casks, drums, cans, boxes and similar containers (including rigid or collapsible tubular containers), for any material (other than compressed or liquefied gas), of a capacity not exceeding 300 litres, whether or not lined or heatinsulated, but not fitted with mechanical or thermal equipment : Collapsible tubular containers",2.4,27.4,25,1
761290,76,"Aluminium casks, drums, cans, boxes and similar containers (including rigid or collapsible tubular containers), for any material (other than compressed or liquefied gas), of a capacity not exceeding 300 litres, whether or not lined or heatinsulated, but not fitted with mechanical or thermal equipment : Other",2.9,27.9,25,2
761300,76,Aluminium containers for compressed or liquefied gas,5,30,25,1
761410,76,"Stranded wire, cables, plaited bands and the like, of aluminium, not electrically insulated : With steel core",4.9,29.9,25,2
761490,76,"Stranded wire, cables, plaited bands and the like, of aluminium, not electrically insulated : Other",5.2,30.2,25,3
761510,76,"Table, kitchen or other household articles and parts thereof, of aluminium; pot scourers and scouring or polishing pads, gloves and the like, of aluminium; sanitary ware and parts thereof, of aluminium : Table, kitchen or other household articles and parts thereof; pot scourers and scouring or polishing pads, gloves and the like",3.1,8.1,7.5,6
761520,76,"Table, kitchen or other household articles and parts thereof, of aluminium; pot scourers and scouring or polishing pads, gloves and the like, of aluminium; sanitary ware and parts thereof, of aluminium : Sanitary ware and parts thereof",3.8,28.8,25,1
761610,76,"Other articles of aluminium : Nails, tacks, staples (other than those of heading 8305), screws, bolts, nuts, screw hooks, rivets, cotters, cotter pins, washers and similar articles",5.5,30.5,25,5
761691,76,"Other articles of aluminium : Other : Cloth, grill, netting and fencing, of aluminium wire",2.5,27.5,25,1
761699,76,Other articles of aluminium : Other : Other,1.3,26.3,25,2
820110,82,"Hand tools, the following: spades, shovels, mattocks, picks, hoes, forks and rakes; axes, billhooks and similar hewing tools; secateurs and pruners of any kind; scythes, sickles, hay knives, hedge shears, timber wedges and other tools of a kind used in agriculture, horticulture or forestry : Spades and shovels",0,25,25,1
820130,82,"Hand tools, the following: spades, shovels, mattocks, picks, hoes, forks and rakes; axes, billhooks and similar hewing tools; secateurs and pruners of any kind; scythes, sickles, hay knives, hedge shears, timber wedges and other tools of a kind used in agriculture, horticulture or forestry : Mattocks, picks, hoes and rakes",0,25,25,1
820140,82,"Hand tools, the following: spades, shovels, mattocks, picks, hoes, forks and rakes; axes, billhooks and similar hewing tools; secateurs and pruners of any kind; scythes, sickles, hay knives, hedge shears, timber wedges and other tools of a kind used in agriculture, horticulture or forestry : Axes, billhooks and similar hewing tools",3.1,28.1,25,2
820150,82,"Hand tools, the following: spades, shovels, mattocks, picks, hoes, forks and rakes; axes, billhooks and similar hewing tools; secateurs and pruners of any kind; scythes, sickles, hay knives, hedge shears, timber wedges and other tools of a kind used in agriculture, horticulture or forestry : Secateurs and similar onehanded pruners and shears (including poultry shears)",2.8,27.8,25,1
820160,82,"Hand tools, the following: spades, shovels, mattocks, picks, hoes, forks and rakes; axes, billhooks and similar hewing tools; secateurs and pruners of any kind; scythes, sickles, hay knives, hedge shears, timber wedges and other tools of a kind used in agriculture, horticulture or forestry : Hedge shears, twohanded pruning shears and similar twohanded shears",2.8,27.8,25,1
820190,82,"Hand tools, the following: spades, shovels, mattocks, picks, hoes, forks and rakes; axes, billhooks and similar hewing tools; secateurs and pruners of any kind; scythes, sickles, hay knives, hedge shears, timber wedges and other tools of a kind used in agriculture, horticulture or forestry : Other hand tools of a kind used in agriculture, horticulture or forestry",1.7,26.7,25,3
820210,82,"Handsaws; blades for saws of all kinds (including slitting, slotting or toothless saw blades) : Handsaws",0,25,25,1
820220,82,"Handsaws; blades for saws of all kinds (including slitting, slotting or toothless saw blades) : Bandsaw blades",0,25,25,1
820231,82,"Handsaws; blades for saws of all kinds (including slitting, slotting or toothless saw blades) : Circular saw blades (including slitting or slotting saw blades) : With working part of steel",0,25,25,1
820239,82,"Handsaws; blades for saws of all kinds (including slitting, slotting or toothless saw blades) : Circular saw blades (including slitting or slotting saw blades) : Other, including parts",0,25,25,1
820240,82,"Handsaws; blades for saws of all kinds (including slitting, slotting or toothless saw blades) : Chainsaw blades",3.6,28.6,25,2
820291,82,"Handsaws; blades for saws of all kinds (including slitting, slotting or toothless saw blades) : Other saw blades : Straight saw blades, for working metal",0,25,25,2
820299,82,"Handsaws; blades for saws of all kinds (including slitting, slotting or toothless saw blades) : Other saw blades : Other",0,25,25,1
820310,82,"Files, rasps, pliers (including cutting pliers), pincers, tweezers, metalcutting shears, pipecutters, bolt croppers, perforating punches and similar hand tools : Files, rasps and similar tools",0,25,25,3
820320,82,"Files, rasps, pliers (including cutting pliers), pincers, tweezers, metalcutting shears, pipecutters, bolt croppers, perforating punches and similar hand tools : Pliers (including cutting pliers), pincers, tweezers and similar tools",6.5,31.5,25,4
820330,82,"Files, rasps, pliers (including cutting pliers), pincers, tweezers, metalcutting shears, pipecutters, bolt croppers, perforating punches and similar hand tools : Metalcutting shears and similar tools",0,25,25,1
820340,82,"Files, rasps, pliers (including cutting pliers), pincers, tweezers, metalcutting shears, pipecutters, bolt croppers, perforating punches and similar hand tools : Pipecutters, bolt croppers, perforating punches and similar tools",4.7,29.6,25,2
820411,82,"Handoperated spanners and wrenches (including torque meter wrenches but not including tap wrenches); interchangeable spanner sockets, with or without handles : Handoperated spanners and wrenches : Nonadjustable",9,34,25,1
820412,82,"Handoperated spanners and wrenches (including torque meter wrenches but not including tap wrenches); interchangeable spanner sockets, with or without handles : Handoperated spanners and wrenches : Adjustable",9,34,25,1
820420,82,"Handoperated spanners and wrenches (including torque meter wrenches but not including tap wrenches); interchangeable spanner sockets, with or without handles : Interchangeable spanner sockets, with or without handles",9,34,25,1
820510,82,"Hand tools (including glaziers' diamonds), not elsewhere specified or included; blowlamps; vices, clamps and the like, other than accessories for and parts of machinetools or waterjet cutting machines; anvils; portable forges; hand or pedaloperated grinding wheels with frameworks : Drilling, threading or tapping tools",6.2,31.2,25,1
820520,82,"Hand tools (including glaziers' diamonds), not elsewhere specified or included; blowlamps; vices, clamps and the like, other than accessories for and parts of machinetools or waterjet cutting machines; anvils; portable forges; hand or pedaloperated grinding wheels with frameworks : Hammers and sledge hammers",3.1,28.1,25,2
820530,82,"Hand tools (including glaziers' diamonds), not elsewhere specified or included; blowlamps; vices, clamps and the like, other than accessories for and parts of machinetools or waterjet cutting machines; anvils; portable forges; hand or pedaloperated grinding wheels with frameworks : Planes, chisels, gouges and similar cutting tools for working wood",5.3,30.4,25,2
820540,82,"Hand tools (including glaziers' diamonds), not elsewhere specified or included; blowlamps; vices, clamps and the like, other than accessories for and parts of machinetools or waterjet cutting machines; anvils; portable forges; hand or pedaloperated grinding wheels with frameworks : Screwdrivers",6.2,31.2,25,1
820551,82,"Hand tools (including glaziers' diamonds), not elsewhere specified or included; blowlamps; vices, clamps and the like, other than accessories for and parts of machinetools or waterjet cutting machines; anvils; portable forges; hand or pedaloperated grinding wheels with frameworks : Other hand tools (including glaziers' diamonds) : Household tools",2.5,27.5,25,5
820559,82,"Hand tools (including glaziers' diamonds), not elsewhere specified or included; blowlamps; vices, clamps and the like, other than accessories for and parts of machinetools or waterjet cutting machines; anvils; portable forges; hand or pedaloperated grinding wheels with frameworks : Other hand tools (including glaziers' diamonds) : Other",3.1,28.1,25,8
820560,82,"Hand tools (including glaziers' diamonds), not elsewhere specified or included; blowlamps; vices, clamps and the like, other than accessories for and parts of machinetools or waterjet cutting machines; anvils; portable forges; hand or pedaloperated grinding wheels with frameworks : Blowlamps",2.9,27.9,25,1
820570,82,"Hand tools (including glaziers' diamonds), not elsewhere specified or included; blowlamps; vices, clamps and the like, other than accessories for and parts of machinetools or waterjet cutting machines; anvils; portable forges; hand or pedaloperated grinding wheels with frameworks : Vices, clamps and the like",5,30,25,1
820590,82,"Hand tools (including glaziers' diamonds), not elsewhere specified or included; blowlamps; vices, clamps and the like, other than accessories for and parts of machinetools or waterjet cutting machines; anvils; portable forges; hand or pedaloperated grinding wheels with frameworks : Other, including sets of articles of two or more subheadings of this heading",0,25,25,2
820600,82,"Tools of two or more of headings 8202 to 8205, put up in sets for retail sale",,25,25,1
820713,82,"Interchangeable tools for hand tools, whether or not poweroperated, or for machine tools (for example, for pressing, stamping, punching, tapping, threading, drilling, boring, broaching, milling, turning or screw driving), including dies for drawing or extruding metal, and rockdrilling or earthboring tools : Rockdrilling or earthboring tools : With working part of cermets",3.6,28.6,25,1
820719,82,"Interchangeable tools for hand tools, whether or not poweroperated, or for machine tools (for example, for pressing, stamping, punching, tapping, threading, drilling, boring, broaching, milling, turning or screw driving), including dies for drawing or extruding metal, and rockdrilling or earthboring tools : Rockdrilling or earthboring tools : Other, including parts",4,28.9,25,2
820720,82,"Interchangeable tools for hand tools, whether or not poweroperated, or for machine tools (for example, for pressing, stamping, punching, tapping, threading, drilling, boring, broaching, milling, turning or screw driving), including dies for drawing or extruding metal, and rockdrilling or earthboring tools : Dies for drawing or extruding metal",3.9,28.9,25,1
820730,82,"Interchangeable tools for hand tools, whether or not poweroperated, or for machine tools (for example, for pressing, stamping, punching, tapping, threading, drilling, boring, broaching, milling, turning or screw driving), including dies for drawing or extruding metal, and rockdrilling or earthboring tools : Tools for pressing, stamping or punching",4.3,29.3,25,2
820740,82,"Interchangeable tools for hand tools, whether or not poweroperated, or for machine tools (for example, for pressing, stamping, punching, tapping, threading, drilling, boring, broaching, milling, turning or screw driving), including dies for drawing or extruding metal, and rockdrilling or earthboring tools : Tools for tapping or threading",5.3,30.3,25,2
820750,82,"Interchangeable tools for hand tools, whether or not poweroperated, or for machine tools (for example, for pressing, stamping, punching, tapping, threading, drilling, boring, broaching, milling, turning or screw driving), including dies for drawing or extruding metal, and rockdrilling or earthboring tools : Tools for drilling, other than for rockdrilling",5.4,30.4,25,4
820760,82,"Interchangeable tools for hand tools, whether or not poweroperated, or for machine tools (for example, for pressing, stamping, punching, tapping, threading, drilling, boring, broaching, milling, turning or screw driving), including dies for drawing or extruding metal, and rockdrilling or earthboring tools : Tools for boring or broaching",4.8,29.8,25,1
820770,82,"Interchangeable tools for hand tools, whether or not poweroperated, or for machine tools (for example, for pressing, stamping, punching, tapping, threading, drilling, boring, broaching, milling, turning or screw driving), including dies for drawing or extruding metal, and rockdrilling or earthboring tools : Tools for milling",4,28.9,25,2
820780,82,"Interchangeable tools for hand tools, whether or not poweroperated, or for machine tools (for example, for pressing, stamping, punching, tapping, threading, drilling, boring, broaching, milling, turning or screw driving), including dies for drawing or extruding metal, and rockdrilling or earthboring tools : Tools for turning",4.3,29.3,25,2
820790,82,"Interchangeable tools for hand tools, whether or not poweroperated, or for machine tools (for example, for pressing, stamping, punching, tapping, threading, drilling, boring, broaching, milling, turning or screw driving), including dies for drawing or extruding metal, and rockdrilling or earthboring tools : Other interchangeable tools",3.9,28.9,25,5
820810,82,"Knives and cutting blades, for machines or for mechanical appliances : For metalworking",0,25,25,1
820820,82,"Knives and cutting blades, for machines or for mechanical appliances : For woodworking",0,25,25,1
820830,82,"Knives and cutting blades, for machines or for mechanical appliances : For kitchen appliances or for machines used by the food industry",0,25,25,1
820840,82,"Knives and cutting blades, for machines or for mechanical appliances : For agricultural, horticultural or forestry machines",0,25,25,2
820890,82,"Knives and cutting blades, for machines or for mechanical appliances : Other",0,25,25,2
820900,82,"Plates, sticks, tips and the like for tools, unmounted, of cermets",4.6,29.6,25,1
821000,82,"Handoperated mechanical appliances, weighing 10 kg or less, used in the preparation, conditioning or serving of food or drink",3.7,28.7,25,1
821110,82,"Knives with cutting blades, serrated or not (including pruning knives), other than knives of heading 8208, and blades therefor : Sets of assorted articles",,0,0,1
821191,82,"Knives with cutting blades, serrated or not (including pruning knives), other than knives of heading 8208, and blades therefor : Other : Table knives having fixed blades",5.2,10.5,7.5,7
821192,82,"Knives with cutting blades, serrated or not (including pruning knives), other than knives of heading 8208, and blades therefor : Other : Other knives having fixed blades",4.9,10.6,7.5,4
821193,82,"Knives with cutting blades, serrated or not (including pruning knives), other than knives of heading 8208, and blades therefor : Other : Knives having other than fixed blades",5.4,30.4,25,1
821194,82,"Knives with cutting blades, serrated or not (including pruning knives), other than knives of heading 8208, and blades therefor : Other : Blades",3.8,28.8,25,2
821195,82,"Knives with cutting blades, serrated or not (including pruning knives), other than knives of heading 8208, and blades therefor : Other : Handles of base metal",5.5,30.5,25,3
821210,82,Razors and razor blades (including razor blade blanks in strips) : Razors,0,7.5,7.5,1
821220,82,"Razors and razor blades (including razor blade blanks in strips) : Safety razor blades, including razor blade blanks in strips",0,7.5,7.5,1
821290,82,Razors and razor blades (including razor blade blanks in strips) : Other parts,0,7.5,7.5,1
821300,82,"Scissors, tailors' shears and similar shears, and blades therefor",5.1,5.1,0,3
821410,82,"Other articles of cutlery (for example, hair clippers, butchers' or kitchen cleavers, choppers and mincing knives, paperknives); manicure or pedicure sets and instruments (including nail files) : Paperknives, letter openers, erasing knives, pencil sharpeners and blades therefor",4.2,4.2,0,1
821420,82,"Other articles of cutlery (for example, hair clippers, butchers' or kitchen cleavers, choppers and mincing knives, paperknives); manicure or pedicure sets and instruments (including nail files) : Manicure or pedicure sets and instruments (including nail files)",2.7,5.2,7.5,3
821490,82,"Other articles of cutlery (for example, hair clippers, butchers' or kitchen cleavers, choppers and mincing knives, paperknives); manicure or pedicure sets and instruments (including nail files) : Other",3.7,6.2,7.5,3
821510,82,"Spoons, forks, ladles, skimmers, cakeservers, fishknives, butterknives, sugar tongs and similar kitchen or tableware : Sets of assorted articles containing at least one article plated with precious metal",,7.5,7.5,1
821520,82,"Spoons, forks, ladles, skimmers, cakeservers, fishknives, butterknives, sugar tongs and similar kitchen or tableware : Other sets of assorted articles",,25,25,1
821591,82,"Spoons, forks, ladles, skimmers, cakeservers, fishknives, butterknives, sugar tongs and similar kitchen or tableware : Other : Plated with precious metal",2.3,9.8,7.5,3
821599,82,"Spoons, forks, ladles, skimmers, cakeservers, fishknives, butterknives, sugar tongs and similar kitchen or tableware : Other : Other",5.9,10.8,25,13
830110,83,"Padlocks and locks (key, combination or electrically operated), of base metal; clasps and frames with clasps, incorporating locks, of base metal; keys for any of the foregoing articles, of base metal : Padlocks",4.1,9.1,7.5,6
830120,83,"Padlocks and locks (key, combination or electrically operated), of base metal; clasps and frames with clasps, incorporating locks, of base metal; keys for any of the foregoing articles, of base metal : Locks of a kind used for motor vehicles",5.7,30.7,25,1
830130,83,"Padlocks and locks (key, combination or electrically operated), of base metal; clasps and frames with clasps, incorporating locks, of base metal; keys for any of the foregoing articles, of base metal : Locks of a kind used for furniture",5.7,13.2,7.5,1
830140,83,"Padlocks and locks (key, combination or electrically operated), of base metal; clasps and frames with clasps, incorporating locks, of base metal; keys for any of the foregoing articles, of base metal : Other locks",4.4,8.1,7.5,2
830150,83,"Padlocks and locks (key, combination or electrically operated), of base metal; clasps and frames with clasps, incorporating locks, of base metal; keys for any of the foregoing articles, of base metal : Clasps and frames with clasps, incorporating locks",3.1,10.6,7.5,1
830160,83,"Padlocks and locks (key, combination or electrically operated), of base metal; clasps and frames with clasps, incorporating locks, of base metal; keys for any of the foregoing articles, of base metal : Parts",2.8,10.3,7.5,1
830170,83,"Padlocks and locks (key, combination or electrically operated), of base metal; clasps and frames with clasps, incorporating locks, of base metal; keys for any of the foregoing articles, of base metal : Keys presented separately",4.5,12,7.5,1
830210,83,"Basemetal mountings, fittings and similar articles suitable for furniture, doors, staircases, windows, blinds, coachwork, saddlery, trunks, chests, caskets or the like; basemetal hatracks, hatpegs, brackets and similar fixtures; castors with mountings of base metal; automatic door closers of base metal : Hinges",3,22.1,25,3
830220,83,"Basemetal mountings, fittings and similar articles suitable for furniture, doors, staircases, windows, blinds, coachwork, saddlery, trunks, chests, caskets or the like; basemetal hatracks, hatpegs, brackets and similar fixtures; castors with mountings of base metal; automatic door closers of base metal : Castors",5.7,30.7,25,1
830230,83,"Basemetal mountings, fittings and similar articles suitable for furniture, doors, staircases, windows, blinds, coachwork, saddlery, trunks, chests, caskets or the like; basemetal hatracks, hatpegs, brackets and similar fixtures; castors with mountings of base metal; automatic door closers of base metal : Other mountings, fittings and similar articles suitable for motor vehicles",2.8,27.8,25,2
830241,83,"Basemetal mountings, fittings and similar articles suitable for furniture, doors, staircases, windows, blinds, coachwork, saddlery, trunks, chests, caskets or the like; basemetal hatracks, hatpegs, brackets and similar fixtures; castors with mountings of base metal; automatic door closers of base metal : Other mountings, fittings and similar articles : Suitable for buildings",3.8,28.8,25,3
830242,83,"Basemetal mountings, fittings and similar articles suitable for furniture, doors, staircases, windows, blinds, coachwork, saddlery, trunks, chests, caskets or the like; basemetal hatracks, hatpegs, brackets and similar fixtures; castors with mountings of base metal; automatic door closers of base metal : Other mountings, fittings and similar articles : Other, suitable for furniture",3.6,11.2,7.5,2
830249,83,"Basemetal mountings, fittings and similar articles suitable for furniture, doors, staircases, windows, blinds, coachwork, saddlery, trunks, chests, caskets or the like; basemetal hatracks, hatpegs, brackets and similar fixtures; castors with mountings of base metal; automatic door closers of base metal : Other mountings, fittings and similar articles : Other",4.2,29.2,25,4
830250,83,"Basemetal mountings, fittings and similar articles suitable for furniture, doors, staircases, windows, blinds, coachwork, saddlery, trunks, chests, caskets or the like; basemetal hatracks, hatpegs, brackets and similar fixtures; castors with mountings of base metal; automatic door closers of base metal : Hatracks, hatpegs, brackets and similar fixtures",0,25,25,1
830260,83,"Basemetal mountings, fittings and similar articles suitable for furniture, doors, staircases, windows, blinds, coachwork, saddlery, trunks, chests, caskets or the like; basemetal hatracks, hatpegs, brackets and similar fixtures; castors with mountings of base metal; automatic door closers of base metal : Automatic door closers",3.5,28.5,25,2
830300,83,"Armoured or reinforced safes, strongboxes and doors and safe deposit lockers for strongrooms, cash or deed boxes and the like, of base metal",3.8,28.8,25,1
830400,83,"Filing cabinets, cardindex cabinets, paper trays, paper rests, pen trays, officestamp stands and similar office or desk equipment, of base metal, other than office furniture of heading 9403",3.9,3.9,0,1
830510,83,"Fittings for looseleaf binders or files, letter clips, letter corners, paper clips, indexing tags and similar office articles, of base metal; staples in strips (for example, for offices, upholstery, packaging), of base metal : Fittings for looseleaf binders or files",2.9,10.4,7.5,1
830520,83,"Fittings for looseleaf binders or files, letter clips, letter corners, paper clips, indexing tags and similar office articles, of base metal; staples in strips (for example, for offices, upholstery, packaging), of base metal : Staples in strips",0,7.5,7.5,1
830590,83,"Fittings for looseleaf binders or files, letter clips, letter corners, paper clips, indexing tags and similar office articles, of base metal; staples in strips (for example, for offices, upholstery, packaging), of base metal : Other, including parts",2.9,6.6,7.5,2
830610,83,"Bells, gongs and the like, nonelectric, of base metal; statuettes and other ornaments, of base metal; photograph, picture or similar frames, of base metal; mirrors of base metal : Bells, gongs and the like",5.8,5.8,0,1
830621,83,"Bells, gongs and the like, nonelectric, of base metal; statuettes and other ornaments, of base metal; photograph, picture or similar frames, of base metal; mirrors of base metal : Statuettes and other ornaments : Plated with precious metal",4.5,12,7.5,1
830629,83,"Bells, gongs and the like, nonelectric, of base metal; statuettes and other ornaments, of base metal; photograph, picture or similar frames, of base metal; mirrors of base metal : Statuettes and other ornaments : Other",0,0,0,1
830630,83,"Bells, gongs and the like, nonelectric, of base metal; statuettes and other ornaments, of base metal; photograph, picture or similar frames, of base metal; mirrors of base metal : Photograph, picture or similar frames; mirrors",2.7,27.7,25,1
830710,83,"Flexible tubing of base metal, with or without fittings : Of iron or steel",3.8,28.8,25,2
830790,83,"Flexible tubing of base metal, with or without fittings : Of other base metal",3.8,28.8,25,2
830810,83,"Clasps, frames with clasps, buckles, buckleclasps, hooks, eyes, eyelets and the like, of base metal, of a kind used for clothing or clothing accessories, footwear, jewellery, wrist watches, books, awnings, leather goods, travel goods or saddlery or for other made up articles; tubular or bifurcated rivets, of base metal; beads and spangles, of base metal : Hooks, eyes and eyelets",2.9,27.9,25,1
830820,83,"Clasps, frames with clasps, buckles, buckleclasps, hooks, eyes, eyelets and the like, of base metal, of a kind used for clothing or clothing accessories, footwear, jewellery, wrist watches, books, awnings, leather goods, travel goods or saddlery or for other made up articles; tubular or bifurcated rivets, of base metal; beads and spangles, of base metal : Tubular or bifurcated rivets",0,25,25,2
830890,83,"Clasps, frames with clasps, buckles, buckleclasps, hooks, eyes, eyelets and the like, of base metal, of a kind used for clothing or clothing accessories, footwear, jewellery, wrist watches, books, awnings, leather goods, travel goods or saddlery or for other made up articles; tubular or bifurcated rivets, of base metal; beads and spangles, of base metal : Other, including parts",2.2,27.2,25,3
830910,83,"Stoppers, caps and lids (including crown corks, screw caps and pouring stoppers), capsules for bottles, threaded bungs, bung covers, seals and other packing accessories, of base metal : Crown corks",0,25,25,1
830990,83,"Stoppers, caps and lids (including crown corks, screw caps and pouring stoppers), capsules for bottles, threaded bungs, bung covers, seals and other packing accessories, of base metal : Other",2.6,27.6,25,1
831000,83,"Signplates, nameplates, addressplates and similar plates, numbers, letters and other symbols, of base metal, excluding those of heading 9405",0,25,25,1
831110,83,"Wire, rods, tubes, plates, electrodes and similar products, of base metal or of metal carbides, coated or cored with flux material, of a kind used for soldering, brazing, welding or deposition of metal or of metal carbides; wire and rods, of agglomerated base metal powder, used for metal spraying : Coated electrodes of base metal, for electric arcwelding",0,25,25,1
831120,83,"Wire, rods, tubes, plates, electrodes and similar products, of base metal or of metal carbides, coated or cored with flux material, of a kind used for soldering, brazing, welding or deposition of metal or of metal carbides; wire and rods, of agglomerated base metal powder, used for metal spraying : Cored wire of base metal, for electric arcwelding",0,25,25,1
831130,83,"Wire, rods, tubes, plates, electrodes and similar products, of base metal or of metal carbides, coated or cored with flux material, of a kind used for soldering, brazing, welding or deposition of metal or of metal carbides; wire and rods, of agglomerated base metal powder, used for metal spraying : Coated rods and cored wire, of base metal, for soldering, brazing or welding by flame",0,25,25,2
831190,83,"Wire, rods, tubes, plates, electrodes and similar products, of base metal or of metal carbides, coated or cored with flux material, of a kind used for soldering, brazing, welding or deposition of metal or of metal carbides; wire and rods, of agglomerated base metal powder, used for metal spraying : Other",0,25,25,1
840110,84,"Nuclear reactors; fuel elements (cartridges), nonirradiated, for nuclear reactors; machinery and apparatus for isotopic separation : Nuclear reactors (Euratom)",3.3,28.3,25,1
840120,84,"Nuclear reactors; fuel elements (cartridges), nonirradiated, for nuclear reactors; machinery and apparatus for isotopic separation : Machinery and apparatus for isotopic separation, and parts thereof (Euratom)",2.6,27.6,25,1
840130,84,"Nuclear reactors; fuel elements (cartridges), nonirradiated, for nuclear reactors; machinery and apparatus for isotopic separation : Fuel elements (cartridges), nonirradiated (Euratom)",3.3,28.3,25,1
840140,84,"Nuclear reactors; fuel elements (cartridges), nonirradiated, for nuclear reactors; machinery and apparatus for isotopic separation : Parts of nuclear reactors (Euratom)",3.3,28.3,25,1
840211,84,Steam or other vapour generating boilers (other than central heating hot water boilers capable also of producing low pressure steam); superheated water boilers : Steam or other vapour generating boilers : Watertube boilers with a steam production exceeding 45 tonnes per hour,5.2,30.2,25,1
840212,84,Steam or other vapour generating boilers (other than central heating hot water boilers capable also of producing low pressure steam); superheated water boilers : Steam or other vapour generating boilers : Watertube boilers with a steam production not exceeding 45 tonnes per hour,4.3,29.3,25,1
840219,84,"Steam or other vapour generating boilers (other than central heating hot water boilers capable also of producing low pressure steam); superheated water boilers : Steam or other vapour generating boilers : Other vapour generating boilers, including hybrid boilers",5.2,30.2,25,1
840220,84,Steam or other vapour generating boilers (other than central heating hot water boilers capable also of producing low pressure steam); superheated water boilers : Superheated water boilers,3.3,28.3,25,1
840290,84,Steam or other vapour generating boilers (other than central heating hot water boilers capable also of producing low pressure steam); superheated water boilers : Parts,4.3,29.3,25,1
840310,84,Central heating boilers other than those of heading 8402 : Boilers,0,7.5,7.5,1
840390,84,Central heating boilers other than those of heading 8402 : Parts,0,7.5,7.5,1
840410,84,"Auxiliary plant for use with boilers of heading 8402 or 8403 (for example, economisers, superheaters, soot removers, gas recoverers); condensers for steam or other vapour power units : Auxiliary plant for use with boilers of heading 8402 or 8403",3.5,28.5,25,1
840420,84,"Auxiliary plant for use with boilers of heading 8402 or 8403 (for example, economisers, superheaters, soot removers, gas recoverers); condensers for steam or other vapour power units : Condensers for steam or other vapour power units",5,30,25,1
840490,84,"Auxiliary plant for use with boilers of heading 8402 or 8403 (for example, economisers, superheaters, soot removers, gas recoverers); condensers for steam or other vapour power units : Parts",3.5,28.5,25,1
840510,84,"Producer gas or water gas generators, with or without their purifiers; acetylene gas generators and similar water process gas generators, with or without their purifiers : Producer gas or water gas generators, with or without their purifiers; acetylene gas generators and similar water process gas generators, with or without their purifiers",0,25,25,1
840590,84,"Producer gas or water gas generators, with or without their purifiers; acetylene gas generators and similar water process gas generators, with or without their purifiers : Parts",0,25,25,1
840610,84,Steam turbines and other vapour turbines : Turbines for marine propulsion,3.4,28.4,25,2
840681,84,Steam turbines and other vapour turbines : Other turbines : Of an output exceeding 40 MW,3.4,28.4,25,2
840682,84,Steam turbines and other vapour turbines : Other turbines : Of an output not exceeding 40 MW,3.4,28.4,25,2
840690,84,Steam turbines and other vapour turbines : Parts,2.5,27.5,25,8
840710,84,Sparkignition reciprocating or rotary internal combustion piston engines : Aircraft engines,0,25,25,1
840721,84,Sparkignition reciprocating or rotary internal combustion piston engines : Marine propulsion engines : Outboard motors,0,25,25,1
840729,84,Sparkignition reciprocating or rotary internal combustion piston engines : Marine propulsion engines : Other,0,25,25,1
840731,84,Sparkignition reciprocating or rotary internal combustion piston engines : Reciprocating piston engines of a kind used for the propulsion of vehicles of Chapter 87 : Of a cylinder capacity not exceeding 50 cm³,0,25,25,1
840732,84,Sparkignition reciprocating or rotary internal combustion piston engines : Reciprocating piston engines of a kind used for the propulsion of vehicles of Chapter 87 : Of a cylinder capacity exceeding 50 cm³ but not exceeding 250 cm³,0,25,25,3
840733,84,Sparkignition reciprocating or rotary internal combustion piston engines : Reciprocating piston engines of a kind used for the propulsion of vehicles of Chapter 87 : Of a cylinder capacity exceeding 250 cm³ but not exceeding 1000 cm³,0.6,25.6,25,4
840734,84,Sparkignition reciprocating or rotary internal combustion piston engines : Reciprocating piston engines of a kind used for the propulsion of vehicles of Chapter 87 : Of a cylinder capacity exceeding 1000 cm³,1.3,26.3,25,8
840790,84,Sparkignition reciprocating or rotary internal combustion piston engines : Other engines,0,25,25,2
840810,84,Compressionignition internal combustion piston engines (diesel or semidiesel engines) : Marine propulsion engines,2.5,27.5,25,1
840820,84,Compressionignition internal combustion piston engines (diesel or semidiesel engines) : Engines of a kind used for the propulsion of vehicles of Chapter 87,1.7,26.7,25,3
840890,84,Compressionignition internal combustion piston engines (diesel or semidiesel engines) : Other engines,0,25,25,2
840910,84,Parts suitable for use solely or principally with the engines of heading 8407 or 8408 : For aircraft engines,0,25,25,1
840991,84,Parts suitable for use solely or principally with the engines of heading 8407 or 8408 : Other : Suitable for use solely or principally with sparkignition internal combustion piston engines,2,27,25,5
840999,84,Parts suitable for use solely or principally with the engines of heading 8407 or 8408 : Other : Other,1.3,26.3,25,4
841011,84,"Hydraulic turbines, water wheels, and regulators therefor : Hydraulic turbines and water wheels : Of a power not exceeding 1000 kW",3.8,28.8,25,1
841012,84,"Hydraulic turbines, water wheels, and regulators therefor : Hydraulic turbines and water wheels : Of a power exceeding 1000 kW but not exceeding 10000 kW",3.8,28.8,25,1
841013,84,"Hydraulic turbines, water wheels, and regulators therefor : Hydraulic turbines and water wheels : Of a power exceeding 10000 kW",3.8,28.8,25,1
841090,84,"Hydraulic turbines, water wheels, and regulators therefor : Parts, including regulators",3.8,28.8,25,1
841111,84,"Turbojets, turbopropellers and other gas turbines : Turbojets : Of a thrust not exceeding 25 kN",0,25,25,2
841112,84,"Turbojets, turbopropellers and other gas turbines : Turbojets : Of a thrust exceeding 25 kN",0,25,25,2
841121,84,"Turbojets, turbopropellers and other gas turbines : Turbopropellers : Of a power not exceeding 1100 kW",0,25,25,2
841122,84,"Turbojets, turbopropellers and other gas turbines : Turbopropellers : Of a power exceeding 1100 kW",0,25,25,2
841181,84,"Turbojets, turbopropellers and other gas turbines : Other gas turbines : Of a power not exceeding 5000 kW",1.3,26.3,25,2
841182,84,"Turbojets, turbopropellers and other gas turbines : Other gas turbines : Of a power exceeding 5000 kW",1.3,26.3,25,2
841191,84,"Turbojets, turbopropellers and other gas turbines : Parts : Of turbojets or turbopropellers",0,25,25,2
841199,84,"Turbojets, turbopropellers and other gas turbines : Parts : Other",1.2,26.2,25,2
841210,84,Other engines and motors : Reaction engines other than turbojets,0,25,25,1
841221,84,Other engines and motors : Hydraulic power engines and motors : Linear acting (cylinders),0,25,25,1
841229,84,Other engines and motors : Hydraulic power engines and motors : Other,0,25,25,2
841231,84,Other engines and motors : Pneumatic power engines and motors : Linear acting (cylinders),0,25,25,1
841239,84,Other engines and motors : Pneumatic power engines and motors : Other,0,25,25,1
841280,84,Other engines and motors : Other,0,25,25,2
841290,84,Other engines and motors : Parts,0,25,25,2
841311,84,"Pumps for liquids, whether or not fitted with a measuring device; liquid elevators : Pumps fitted or designed to be fitted with a measuring device : Pumps for dispensing fuel or lubricants, of the type used in filling stations or in garages",0,25,25,1
841319,84,"Pumps for liquids, whether or not fitted with a measuring device; liquid elevators : Pumps fitted or designed to be fitted with a measuring device : Other",0,25,25,1
841320,84,"Pumps for liquids, whether or not fitted with a measuring device; liquid elevators : Handpumps, other than those of subheading 841311 or 841319",0,25,25,1
841330,84,"Pumps for liquids, whether or not fitted with a measuring device; liquid elevators : Fuel, lubricating or cooling medium pumps for internal combustion piston engines",2.5,27.5,25,2
841340,84,"Pumps for liquids, whether or not fitted with a measuring device; liquid elevators : Concrete pumps",0,25,25,1
841350,84,"Pumps for liquids, whether or not fitted with a measuring device; liquid elevators : Other reciprocating positive displacement pumps",0,25,25,1
841360,84,"Pumps for liquids, whether or not fitted with a measuring device; liquid elevators : Other rotary positive displacement pumps",0,25,25,1
841370,84,"Pumps for liquids, whether or not fitted with a measuring device; liquid elevators : Other centrifugal pumps",0,25,25,2
841381,84,"Pumps for liquids, whether or not fitted with a measuring device; liquid elevators : Other pumps; liquid elevators : Pumps",0,25,25,1
841382,84,"Pumps for liquids, whether or not fitted with a measuring device; liquid elevators : Other pumps; liquid elevators : Liquid elevators",0,25,25,1
841391,84,"Pumps for liquids, whether or not fitted with a measuring device; liquid elevators : Parts : Of pumps",0.8,25.8,25,3
841392,84,"Pumps for liquids, whether or not fitted with a measuring device; liquid elevators : Parts : Of liquid elevators",0,25,25,1
841410,84,"Air or vacuum pumps, air or other gas compressors and fans; ventilating or recycling hoods incorporating a fan, whether or not fitted with filters : Vacuum pumps",2.5,27.5,25,1
841420,84,"Air or vacuum pumps, air or other gas compressors and fans; ventilating or recycling hoods incorporating a fan, whether or not fitted with filters : Hand or footoperated air pumps",3.7,28.7,25,1
841430,84,"Air or vacuum pumps, air or other gas compressors and fans; ventilating or recycling hoods incorporating a fan, whether or not fitted with filters : Compressors of a kind used in refrigerating equipment",0,25,25,2
841440,84,"Air or vacuum pumps, air or other gas compressors and fans; ventilating or recycling hoods incorporating a fan, whether or not fitted with filters : Air compressors mounted on a wheeled chassis for towing",2.7,27.7,25,1
841451,84,"Air or vacuum pumps, air or other gas compressors and fans; ventilating or recycling hoods incorporating a fan, whether or not fitted with filters : Fans : Table, floor, wall, window, ceiling or roof fans, with a selfcontained electric motor of an output not exceeding 125 W",4.7,4.7,0,2
841459,84,"Air or vacuum pumps, air or other gas compressors and fans; ventilating or recycling hoods incorporating a fan, whether or not fitted with filters : Fans : Other",1.1,26.1,25,4
841460,84,"Air or vacuum pumps, air or other gas compressors and fans; ventilating or recycling hoods incorporating a fan, whether or not fitted with filters : Hoods having a maximum horizontal side not exceeding 120 cm",0,25,25,1
841470,84,Gas-tight biological safety cabinets,0,25,25,1
841480,84,"Air or vacuum pumps, air or other gas compressors and fans; ventilating or recycling hoods incorporating a fan, whether or not fitted with filters : Other",0.9,25.9,25,4
841490,84,"Air or vacuum pumps, air or other gas compressors and fans; ventilating or recycling hoods incorporating a fan, whether or not fitted with filters : Parts",1.2,26.2,25,4
841510,84,"Airconditioning machines, comprising a motordriven fan and elements for changing the temperature and humidity, including those machines in which the humidity cannot be separately regulated : Of a kind designed to be fixed to a window, wall, ceiling or floor, selfcontained or “splitsystem”",1.1,26.1,25,3
841520,84,"Airconditioning machines, comprising a motordriven fan and elements for changing the temperature and humidity, including those machines in which the humidity cannot be separately regulated : Of a kind used for persons, in motor vehicles",1.4,26.4,25,1
841581,84,"Airconditioning machines, comprising a motordriven fan and elements for changing the temperature and humidity, including those machines in which the humidity cannot be separately regulated : Other : Incorporating a refrigerating unit and a valve for reversal of the cooling/heat cycle (reversible heat pumps)",1,26,25,1
841582,84,"Airconditioning machines, comprising a motordriven fan and elements for changing the temperature and humidity, including those machines in which the humidity cannot be separately regulated : Other : Other, incorporating a refrigerating unit",2.2,27.2,25,1
841583,84,"Airconditioning machines, comprising a motordriven fan and elements for changing the temperature and humidity, including those machines in which the humidity cannot be separately regulated : Other : Not incorporating a refrigerating unit",1.4,26.4,25,1
841590,84,"Airconditioning machines, comprising a motordriven fan and elements for changing the temperature and humidity, including those machines in which the humidity cannot be separately regulated : Parts",1.4,8.9,7.5,2
841610,84,"Furnace burners for liquid fuel, for pulverised solid fuel or for gas; mechanical stokers, including their mechanical grates, mechanical ash dischargers and similar appliances : Furnace burners for liquid fuel",0,7.5,7.5,1
841620,84,"Furnace burners for liquid fuel, for pulverised solid fuel or for gas; mechanical stokers, including their mechanical grates, mechanical ash dischargers and similar appliances : Other furnace burners, including combination burners",0,7.5,7.5,1
841630,84,"Furnace burners for liquid fuel, for pulverised solid fuel or for gas; mechanical stokers, including their mechanical grates, mechanical ash dischargers and similar appliances : Mechanical stokers, including their mechanical grates, mechanical ash dischargers and similar appliances",0,25,25,1
841690,84,"Furnace burners for liquid fuel, for pulverised solid fuel or for gas; mechanical stokers, including their mechanical grates, mechanical ash dischargers and similar appliances : Parts",0,25,25,1
841710,84,"Industrial or laboratory furnaces and ovens, including incinerators, nonelectric : Furnaces and ovens for the roasting, melting or other heat treatment of ores, pyrites or of metals",2.9,27.9,25,1
841720,84,"Industrial or laboratory furnaces and ovens, including incinerators, nonelectric : Bakery ovens, including biscuit ovens",3.5,11,7.5,1
841780,84,"Industrial or laboratory furnaces and ovens, including incinerators, nonelectric : Other",3.9,28.9,25,1
841790,84,"Industrial or laboratory furnaces and ovens, including incinerators, nonelectric : Parts",3.9,28.9,25,1
841810,84,"Refrigerators, freezers and other refrigerating or freezing equipment, electric or other; heat pumps other than airconditioning machines of heading 8415 : Combined refrigeratorfreezers, fitted with separate external doors",0,25,25,1
841821,84,"Refrigerators, freezers and other refrigerating or freezing equipment, electric or other; heat pumps other than airconditioning machines of heading 8415 : Refrigerators, household type : Compressiontype",0,25,25,1
841829,84,"Refrigerators, freezers and other refrigerating or freezing equipment, electric or other; heat pumps other than airconditioning machines of heading 8415 : Refrigerators, household type : Other",1.4,26.4,25,2
841830,84,"Refrigerators, freezers and other refrigerating or freezing equipment, electric or other; heat pumps other than airconditioning machines of heading 8415 : Freezers of the chest type, not exceeding 800 litres capacity",0,25,25,1
841840,84,"Refrigerators, freezers and other refrigerating or freezing equipment, electric or other; heat pumps other than airconditioning machines of heading 8415 : Freezers of the upright type, not exceeding 900 litres capacity",0,25,25,1
841850,84,"Refrigerators, freezers and other refrigerating or freezing equipment, electric or other; heat pumps other than airconditioning machines of heading 8415 : Other furniture (chests, cabinets, display counters, showcases and the like) for storage and display, incorporating refrigerating or freezing equipment",0,25,25,1
841861,84,"Refrigerators, freezers and other refrigerating or freezing equipment, electric or other; heat pumps other than airconditioning machines of heading 8415 : Other refrigerating or freezing equipment; heat pumps : Heat pumps other than air conditioning machines of heading 8415",0,25,25,1
841869,84,"Refrigerators, freezers and other refrigerating or freezing equipment, electric or other; heat pumps other than airconditioning machines of heading 8415 : Other refrigerating or freezing equipment; heat pumps : Other",0,25,25,1
841891,84,"Refrigerators, freezers and other refrigerating or freezing equipment, electric or other; heat pumps other than airconditioning machines of heading 8415 : Parts : Furniture designed to receive refrigerating or freezing equipment",0,25,25,1
841899,84,"Refrigerators, freezers and other refrigerating or freezing equipment, electric or other; heat pumps other than airconditioning machines of heading 8415 : Parts : Other",0,25,25,2
841911,84,"Machinery, plant or laboratory equipment, whether or not electrically heated (excluding furnaces, ovens and other equipment of heading 8514), for the treatment of materials by a process involving a change of temperature such as heating, cooking, roasting, distilling, rectifying, sterilising, pasteurising, steaming, drying, evaporating, vaporising, condensing or cooling, other than machinery or plant of a kind used for domestic purposes; instantaneous or storage water heaters, nonelectric : Instantaneous or storage water heaters, nonelectric : Instantaneous gas water heaters",0,25,25,1
841912,84,Solar water heaters,0,25,25,1
841919,84,"Machinery, plant or laboratory equipment, whether or not electrically heated (excluding furnaces, ovens and other equipment of heading 8514), for the treatment of materials by a process involving a change of temperature such as heating, cooking, roasting, distilling, rectifying, sterilising, pasteurising, steaming, drying, evaporating, vaporising, condensing or cooling, other than machinery or plant of a kind used for domestic purposes; instantaneous or storage water heaters, nonelectric : Instantaneous or storage water heaters, nonelectric : Other",0,25,25,1
841920,84,"Machinery, plant or laboratory equipment, whether or not electrically heated (excluding furnaces, ovens and other equipment of heading 8514), for the treatment of materials by a process involving a change of temperature such as heating, cooking, roasting, distilling, rectifying, sterilising, pasteurising, steaming, drying, evaporating, vaporising, condensing or cooling, other than machinery or plant of a kind used for domestic purposes; instantaneous or storage water heaters, nonelectric : Medical, surgical or laboratory sterilisers",0,0,0,1
841933,84,"Lyophilisation apparatus, freeze drying units and spray dryers:",0,25,25,2
841934,84,"Other, for agricultural products",0,25,25,1
841935,84,"Other, for wood, paper pulp, paper or paperboard",0,25,25,2
841939,84,"Machinery, plant or laboratory equipment, whether or not electrically heated (excluding furnaces, ovens and other equipment of heading 8514), for the treatment of materials by a process involving a change of temperature such as heating, cooking, roasting, distilling, rectifying, sterilising, pasteurising, steaming, drying, evaporating, vaporising, condensing or cooling, other than machinery or plant of a kind used for domestic purposes; instantaneous or storage water heaters, nonelectric : Dryers : Other",0,25,25,1
841940,84,"Machinery, plant or laboratory equipment, whether or not electrically heated (excluding furnaces, ovens and other equipment of heading 8514), for the treatment of materials by a process involving a change of temperature such as heating, cooking, roasting, distilling, rectifying, sterilising, pasteurising, steaming, drying, evaporating, vaporising, condensing or cooling, other than machinery or plant of a kind used for domestic purposes; instantaneous or storage water heaters, nonelectric : Distilling or rectifying plant",0,25,25,1
841950,84,"Machinery, plant or laboratory equipment, whether or not electrically heated (excluding furnaces, ovens and other equipment of heading 8514), for the treatment of materials by a process involving a change of temperature such as heating, cooking, roasting, distilling, rectifying, sterilising, pasteurising, steaming, drying, evaporating, vaporising, condensing or cooling, other than machinery or plant of a kind used for domestic purposes; instantaneous or storage water heaters, nonelectric : Heatexchange units",2.1,27.1,25,2
841960,84,"Machinery, plant or laboratory equipment, whether or not electrically heated (excluding furnaces, ovens and other equipment of heading 8514), for the treatment of materials by a process involving a change of temperature such as heating, cooking, roasting, distilling, rectifying, sterilising, pasteurising, steaming, drying, evaporating, vaporising, condensing or cooling, other than machinery or plant of a kind used for domestic purposes; instantaneous or storage water heaters, nonelectric : Machinery for liquefying air or other gases",2.1,27.1,25,2
841981,84,"Machinery, plant or laboratory equipment, whether or not electrically heated (excluding furnaces, ovens and other equipment of heading 8514), for the treatment of materials by a process involving a change of temperature such as heating, cooking, roasting, distilling, rectifying, sterilising, pasteurising, steaming, drying, evaporating, vaporising, condensing or cooling, other than machinery or plant of a kind used for domestic purposes; instantaneous or storage water heaters, nonelectric : Other machinery, plant and equipment : For making hot drinks or for cooking or heating food",0,7.5,7.5,2
841989,84,"Machinery, plant or laboratory equipment, whether or not electrically heated (excluding furnaces, ovens and other equipment of heading 8514), for the treatment of materials by a process involving a change of temperature such as heating, cooking, roasting, distilling, rectifying, sterilising, pasteurising, steaming, drying, evaporating, vaporising, condensing or cooling, other than machinery or plant of a kind used for domestic purposes; instantaneous or storage water heaters, nonelectric : Other machinery, plant and equipment : Other",1.4,26.4,25,3
841990,84,"Machinery, plant or laboratory equipment, whether or not electrically heated (excluding furnaces, ovens and other equipment of heading 8514), for the treatment of materials by a process involving a change of temperature such as heating, cooking, roasting, distilling, rectifying, sterilising, pasteurising, steaming, drying, evaporating, vaporising, condensing or cooling, other than machinery or plant of a kind used for domestic purposes; instantaneous or storage water heaters, nonelectric : Parts",0.7,25.7,25,6
842010,84,"Calendering or other rolling machines, other than for metals or glass, and cylinders therefor : Calendering or other rolling machines",1.2,20.3,25,3
842091,84,"Calendering or other rolling machines, other than for metals or glass, and cylinders therefor : Parts : Cylinders",0.9,25.9,25,3
842099,84,"Calendering or other rolling machines, other than for metals or glass, and cylinders therefor : Parts : Other",1.2,26.2,25,3
842111,84,"Centrifuges, including centrifugal dryers; filtering or purifying machinery and apparatus, for liquids or gases : Centrifuges, including centrifugal dryers : Cream separators",0,25,25,1
842112,84,"Centrifuges, including centrifugal dryers; filtering or purifying machinery and apparatus, for liquids or gases : Centrifuges, including centrifugal dryers : Clothes dryers",0,7.5,7.5,1
842119,84,"Centrifuges, including centrifugal dryers; filtering or purifying machinery and apparatus, for liquids or gases : Centrifuges, including centrifugal dryers : Other",1.3,26.3,25,1
842121,84,"Centrifuges, including centrifugal dryers; filtering or purifying machinery and apparatus, for liquids or gases : Filtering or purifying machinery and apparatus for liquids : For filtering or purifying water",0,25,25,1
842122,84,"Centrifuges, including centrifugal dryers; filtering or purifying machinery and apparatus, for liquids or gases : Filtering or purifying machinery and apparatus for liquids : For filtering or purifying beverages other than water",0,25,25,1
842123,84,"Centrifuges, including centrifugal dryers; filtering or purifying machinery and apparatus, for liquids or gases : Filtering or purifying machinery and apparatus for liquids : Oil or petrol filters for internal combustion engines",2.5,27.5,25,1
842129,84,"Centrifuges, including centrifugal dryers; filtering or purifying machinery and apparatus, for liquids or gases : Filtering or purifying machinery and apparatus for liquids : Other",0,25,25,1
842131,84,"Centrifuges, including centrifugal dryers; filtering or purifying machinery and apparatus, for liquids or gases : Filtering or purifying machinery and apparatus for gases : Intake air filters for internal combustion engines",2.5,27.5,25,1
842132,84,"Catalytic converters or particulate filters, whether or not combined, for purifying or filtering exhaust gases from internal combustion engines",0,25,25,1
842139,84,"Centrifuges, including centrifugal dryers; filtering or purifying machinery and apparatus, for liquids or gases : Filtering or purifying machinery and apparatus for gases : Other",0,25,25,1
842191,84,"Centrifuges, including centrifugal dryers; filtering or purifying machinery and apparatus, for liquids or gases : Parts : Of centrifuges, including centrifugal dryers",0,13.3,25,3
842199,84,"Centrifuges, including centrifugal dryers; filtering or purifying machinery and apparatus, for liquids or gases : Parts : Other",0,25,25,1
842211,84,"Dishwashing machines; machinery for cleaning or drying bottles or other containers; machinery for filling, closing, sealing or labelling bottles, cans, boxes, bags or other containers; machinery for capsuling bottles, jars, tubes and similar containers; other packing or wrapping machinery (including heatshrink wrapping machinery); machinery for aerating beverages : Dishwashing machines : Of the household type",2.4,9.9,7.5,1
842219,84,"Dishwashing machines; machinery for cleaning or drying bottles or other containers; machinery for filling, closing, sealing or labelling bottles, cans, boxes, bags or other containers; machinery for capsuling bottles, jars, tubes and similar containers; other packing or wrapping machinery (including heatshrink wrapping machinery); machinery for aerating beverages : Dishwashing machines : Other",0,25,25,1
842220,84,"Dishwashing machines; machinery for cleaning or drying bottles or other containers; machinery for filling, closing, sealing or labelling bottles, cans, boxes, bags or other containers; machinery for capsuling bottles, jars, tubes and similar containers; other packing or wrapping machinery (including heatshrink wrapping machinery); machinery for aerating beverages : Machinery for cleaning or drying bottles or other containers",0,25,25,1
842230,84,"Dishwashing machines; machinery for cleaning or drying bottles or other containers; machinery for filling, closing, sealing or labelling bottles, cans, boxes, bags or other containers; machinery for capsuling bottles, jars, tubes and similar containers; other packing or wrapping machinery (including heatshrink wrapping machinery); machinery for aerating beverages : Machinery for filling, closing, sealing or labelling bottles, cans, boxes, bags or other containers; machinery for capsuling bottles, jars, tubes and similar containers; machinery for aerating beverages",0,25,25,2
842240,84,"Dishwashing machines; machinery for cleaning or drying bottles or other containers; machinery for filling, closing, sealing or labelling bottles, cans, boxes, bags or other containers; machinery for capsuling bottles, jars, tubes and similar containers; other packing or wrapping machinery (including heatshrink wrapping machinery); machinery for aerating beverages : Other packing or wrapping machinery (including heatshrink wrapping machinery)",0,25,25,2
842290,84,"Dishwashing machines; machinery for cleaning or drying bottles or other containers; machinery for filling, closing, sealing or labelling bottles, cans, boxes, bags or other containers; machinery for capsuling bottles, jars, tubes and similar containers; other packing or wrapping machinery (including heatshrink wrapping machinery); machinery for aerating beverages : Parts",0,16.3,25,6
842310,84,"Weighing machinery (excluding balances of a sensitivity of 5 cg or better), including weightoperated counting or checking machines; weighing machine weights of all kinds : Personal weighing machines, including baby scales; household scales",0,0,0,1
842320,84,"Weighing machinery (excluding balances of a sensitivity of 5 cg or better), including weightoperated counting or checking machines; weighing machine weights of all kinds : Scales for continuous weighing of goods on conveyors",1.4,26.4,25,2
842330,84,"Weighing machinery (excluding balances of a sensitivity of 5 cg or better), including weightoperated counting or checking machines; weighing machine weights of all kinds : Constant weight scales and scales for discharging a predetermined weight of material into a bag or container, including hopper scales",0,25,25,1
842381,84,"Weighing machinery (excluding balances of a sensitivity of 5 cg or better), including weightoperated counting or checking machines; weighing machine weights of all kinds : Other weighing machinery : Having a maximum weighing capacity not exceeding 30 kg",0,25,25,1
842382,84,"Weighing machinery (excluding balances of a sensitivity of 5 cg or better), including weightoperated counting or checking machines; weighing machine weights of all kinds : Other weighing machinery : Having a maximum weighing capacity exceeding 30 kg but not exceeding 5000 kg",0,25,25,1
842389,84,"Weighing machinery (excluding balances of a sensitivity of 5 cg or better), including weightoperated counting or checking machines; weighing machine weights of all kinds : Other weighing machinery : Other",1.4,26.4,25,2
842390,84,"Weighing machinery (excluding balances of a sensitivity of 5 cg or better), including weightoperated counting or checking machines; weighing machine weights of all kinds : Weighing machine weights of all kinds; parts of weighing machinery",1.4,26.4,25,2
842410,84,"Mechanical appliances (whether or not handoperated) for projecting, dispersing or spraying liquids or powders; fire extinguishers, whether or not charged; spray guns and similar appliances; steam or sandblasting machines and similar jet projecting machines : Fire extinguishers, whether or not charged",0,7.5,7.5,1
842420,84,"Mechanical appliances (whether or not handoperated) for projecting, dispersing or spraying liquids or powders; fire extinguishers, whether or not charged; spray guns and similar appliances; steam or sandblasting machines and similar jet projecting machines : Spray guns and similar appliances",1.4,26.4,25,2
842430,84,"Mechanical appliances (whether or not handoperated) for projecting, dispersing or spraying liquids or powders; fire extinguishers, whether or not charged; spray guns and similar appliances; steam or sandblasting machines and similar jet projecting machines : Steam or sandblasting machines and similar jet projecting machines",0,25,25,2
842441,84,"Mechanical appliances (whether or not handoperated) for projecting, dispersing or spraying liquids or powders; fire extinguishers, whether or not charged; spray guns and similar appliances; steam or sandblasting machines and similar jet projecting machines : Agricultural or horticultural sprayers : Portable sprayers",1.2,26.2,25,2
842449,84,"Mechanical appliances (whether or not handoperated) for projecting, dispersing or spraying liquids or powders; fire extinguishers, whether or not charged; spray guns and similar appliances; steam or sandblasting machines and similar jet projecting machines : Agricultural or horticultural sprayers : Other",2.4,27.4,25,1
842482,84,"Mechanical appliances (whether or not handoperated) for projecting, dispersing or spraying liquids or powders; fire extinguishers, whether or not charged; spray guns and similar appliances; steam or sandblasting machines and similar jet projecting machines : Other appliances : Agricultural or horticultural",2.4,27.4,25,1
842489,84,"Mechanical appliances (whether or not handoperated) for projecting, dispersing or spraying liquids or powders; fire extinguishers, whether or not charged; spray guns and similar appliances; steam or sandblasting machines and similar jet projecting machines : Other appliances : Other",0.9,25.9,25,2
842490,84,"Mechanical appliances (whether or not handoperated) for projecting, dispersing or spraying liquids or powders; fire extinguishers, whether or not charged; spray guns and similar appliances; steam or sandblasting machines and similar jet projecting machines : Parts",0.7,17,25,4
842511,84,Pulley tackle and hoists other than skip hoists; winches and capstans; jacks : Pulley tackle and hoists other than skip hoists or hoists of a kind used for raising vehicles : Powered by electric motor,0,25,25,1
842519,84,Pulley tackle and hoists other than skip hoists; winches and capstans; jacks : Pulley tackle and hoists other than skip hoists or hoists of a kind used for raising vehicles : Other,0,25,25,1
842531,84,Pulley tackle and hoists other than skip hoists; winches and capstans; jacks : Winches; capstans : Powered by electric motor,0,25,25,1
842539,84,Pulley tackle and hoists other than skip hoists; winches and capstans; jacks : Winches; capstans : Other,0,25,25,1
842541,84,Pulley tackle and hoists other than skip hoists; winches and capstans; jacks : Jacks; hoists of a kind used for raising vehicles : Builtin jacking systems of a type used in garages,0,25,25,1
842542,84,"Pulley tackle and hoists other than skip hoists; winches and capstans; jacks : Jacks; hoists of a kind used for raising vehicles : Other jacks and hoists, hydraulic",0,25,25,1
842549,84,Pulley tackle and hoists other than skip hoists; winches and capstans; jacks : Jacks; hoists of a kind used for raising vehicles : Other,0,25,25,1
842611,84,"Ships' derricks; cranes, including cable cranes; mobile lifting frames, straddle carriers and works trucks fitted with a crane : Overhead travelling cranes, transporter cranes, gantry cranes, bridge cranes, mobile lifting frames and straddle carriers : Overhead travelling cranes on fixed support",0,0,0,1
842612,84,"Ships' derricks; cranes, including cable cranes; mobile lifting frames, straddle carriers and works trucks fitted with a crane : Overhead travelling cranes, transporter cranes, gantry cranes, bridge cranes, mobile lifting frames and straddle carriers : Mobile lifting frames on tyres and straddle carriers",0,0,0,1
842619,84,"Ships' derricks; cranes, including cable cranes; mobile lifting frames, straddle carriers and works trucks fitted with a crane : Overhead travelling cranes, transporter cranes, gantry cranes, bridge cranes, mobile lifting frames and straddle carriers : Other",0,25,25,1
842620,84,"Ships' derricks; cranes, including cable cranes; mobile lifting frames, straddle carriers and works trucks fitted with a crane : Tower cranes",0,0,0,1
842630,84,"Ships' derricks; cranes, including cable cranes; mobile lifting frames, straddle carriers and works trucks fitted with a crane : Portal or pedestal jib cranes",0,25,25,1
842641,84,"Ships' derricks; cranes, including cable cranes; mobile lifting frames, straddle carriers and works trucks fitted with a crane : Other machinery, selfpropelled : On tyres",0,25,25,1
842649,84,"Ships' derricks; cranes, including cable cranes; mobile lifting frames, straddle carriers and works trucks fitted with a crane : Other machinery, selfpropelled : Other",0,25,25,1
842691,84,"Ships' derricks; cranes, including cable cranes; mobile lifting frames, straddle carriers and works trucks fitted with a crane : Other machinery : Designed for mounting on road vehicles",0,25,25,1
842699,84,"Ships' derricks; cranes, including cable cranes; mobile lifting frames, straddle carriers and works trucks fitted with a crane : Other machinery : Other",0,25,25,1
842710,84,Forklift trucks; other works trucks fitted with lifting or handling equipment : Selfpropelled trucks powered by an electric motor,0,25,25,2
842720,84,Forklift trucks; other works trucks fitted with lifting or handling equipment : Other selfpropelled trucks,0,25,25,2
842790,84,Forklift trucks; other works trucks fitted with lifting or handling equipment : Other trucks,0,25,25,1
842810,84,"Other lifting, handling, loading or unloading machinery (for example, lifts, escalators, conveyors, teleferics) : Lifts and skip hoists",0,7.5,7.5,1
842820,84,"Other lifting, handling, loading or unloading machinery (for example, lifts, escalators, conveyors, teleferics) : Pneumatic elevators and conveyors",0,25,25,1
842831,84,"Other lifting, handling, loading or unloading machinery (for example, lifts, escalators, conveyors, teleferics) : Other continuousaction elevators and conveyors, for goods or materials : Specially designed for underground use",0,25,25,1
842832,84,"Other lifting, handling, loading or unloading machinery (for example, lifts, escalators, conveyors, teleferics) : Other continuousaction elevators and conveyors, for goods or materials : Other, bucket type",0,25,25,1
842833,84,"Other lifting, handling, loading or unloading machinery (for example, lifts, escalators, conveyors, teleferics) : Other continuousaction elevators and conveyors, for goods or materials : Other, belt type",0,25,25,1
842839,84,"Other lifting, handling, loading or unloading machinery (for example, lifts, escalators, conveyors, teleferics) : Other continuousaction elevators and conveyors, for goods or materials : Other",0,25,25,1
842840,84,"Other lifting, handling, loading or unloading machinery (for example, lifts, escalators, conveyors, teleferics) : Escalators and moving walkways",0,25,25,1
842860,84,"Other lifting, handling, loading or unloading machinery (for example, lifts, escalators, conveyors, teleferics) : Teleferics, chairlifts, skidraglines; traction mechanisms for funiculars",0,7.5,7.5,1
842870,84,Industrial robots,0,25,25,1
842890,84,"Other lifting, handling, loading or unloading machinery (for example, lifts, escalators, conveyors, teleferics) : Other machinery",0,25,25,1
842911,84,"Selfpropelled bulldozers, angledozers, graders, levellers, scrapers, mechanical shovels, excavators, shovel loaders, tamping machines and roadrollers : Bulldozers and angledozers : Track laying",0,25,25,1
842919,84,"Selfpropelled bulldozers, angledozers, graders, levellers, scrapers, mechanical shovels, excavators, shovel loaders, tamping machines and roadrollers : Bulldozers and angledozers : Other",0,25,25,1
842920,84,"Selfpropelled bulldozers, angledozers, graders, levellers, scrapers, mechanical shovels, excavators, shovel loaders, tamping machines and roadrollers : Graders and levellers",0,25,25,1
842930,84,"Selfpropelled bulldozers, angledozers, graders, levellers, scrapers, mechanical shovels, excavators, shovel loaders, tamping machines and roadrollers : Scrapers",0,25,25,1
842940,84,"Selfpropelled bulldozers, angledozers, graders, levellers, scrapers, mechanical shovels, excavators, shovel loaders, tamping machines and roadrollers : Tamping machines and roadrollers",0,25,25,1
842951,84,"Selfpropelled bulldozers, angledozers, graders, levellers, scrapers, mechanical shovels, excavators, shovel loaders, tamping machines and roadrollers : Mechanical shovels, excavators and shovel loaders : Frontend shovel loaders",0,25,25,2
842952,84,"Selfpropelled bulldozers, angledozers, graders, levellers, scrapers, mechanical shovels, excavators, shovel loaders, tamping machines and roadrollers : Mechanical shovels, excavators and shovel loaders : Machinery with a 360° revolving superstructure",0,25,25,2
842959,84,"Selfpropelled bulldozers, angledozers, graders, levellers, scrapers, mechanical shovels, excavators, shovel loaders, tamping machines and roadrollers : Mechanical shovels, excavators and shovel loaders : Other",0,25,25,2
843010,84,"Other moving, grading, levelling, scraping, excavating, tamping, compacting, extracting or boring machinery, for earth, minerals or ores; piledrivers and pile extractors; snowploughs and snowblowers : Piledrivers and pile extractors",0,25,25,1
843020,84,"Other moving, grading, levelling, scraping, excavating, tamping, compacting, extracting or boring machinery, for earth, minerals or ores; piledrivers and pile extractors; snowploughs and snowblowers : Snowploughs and snowblowers",0,7.5,7.5,1
843031,84,"Other moving, grading, levelling, scraping, excavating, tamping, compacting, extracting or boring machinery, for earth, minerals or ores; piledrivers and pile extractors; snowploughs and snowblowers : Coal or rock cutters and tunnelling machinery : Selfpropelled",0,25,25,1
843039,84,"Other moving, grading, levelling, scraping, excavating, tamping, compacting, extracting or boring machinery, for earth, minerals or ores; piledrivers and pile extractors; snowploughs and snowblowers : Coal or rock cutters and tunnelling machinery : Other",0,25,25,1
843041,84,"Other moving, grading, levelling, scraping, excavating, tamping, compacting, extracting or boring machinery, for earth, minerals or ores; piledrivers and pile extractors; snowploughs and snowblowers : Other boring or sinking machinery : Selfpropelled",0,25,25,1
843049,84,"Other moving, grading, levelling, scraping, excavating, tamping, compacting, extracting or boring machinery, for earth, minerals or ores; piledrivers and pile extractors; snowploughs and snowblowers : Other boring or sinking machinery : Other",0,25,25,2
843050,84,"Other moving, grading, levelling, scraping, excavating, tamping, compacting, extracting or boring machinery, for earth, minerals or ores; piledrivers and pile extractors; snowploughs and snowblowers : Other machinery, selfpropelled",0,25,25,2
843061,84,"Other moving, grading, levelling, scraping, excavating, tamping, compacting, extracting or boring machinery, for earth, minerals or ores; piledrivers and pile extractors; snowploughs and snowblowers : Other machinery, not selfpropelled : Tamping or compacting machinery",0,25,25,1
843069,84,"Other moving, grading, levelling, scraping, excavating, tamping, compacting, extracting or boring machinery, for earth, minerals or ores; piledrivers and pile extractors; snowploughs and snowblowers : Other machinery, not selfpropelled : Other",0,25,25,1
843110,84,Parts suitable for use solely or principally with the machinery of headings 8425 to 8430 : Of machinery of heading 8425,0,25,25,1
843120,84,Parts suitable for use solely or principally with the machinery of headings 8425 to 8430 : Of machinery of heading 8427,0,25,25,1
843131,84,"Parts suitable for use solely or principally with the machinery of headings 8425 to 8430 : Of machinery of heading 8428 : Of lifts, skip hoists or escalators",0,25,25,1
843139,84,Parts suitable for use solely or principally with the machinery of headings 8425 to 8430 : Of machinery of heading 8428 : Other,0,25,25,1
843141,84,"Parts suitable for use solely or principally with the machinery of headings 8425 to 8430 : Of machinery of heading 8426, 8429 or 8430 : Buckets, shovels, grabs and grips",0,25,25,1
843142,84,"Parts suitable for use solely or principally with the machinery of headings 8425 to 8430 : Of machinery of heading 8426, 8429 or 8430 : Bulldozer or angledozer blades",0,25,25,1
843143,84,"Parts suitable for use solely or principally with the machinery of headings 8425 to 8430 : Of machinery of heading 8426, 8429 or 8430 : Parts for boring or sinking machinery of subheading 843041 or 843049",0,25,25,2
843149,84,"Parts suitable for use solely or principally with the machinery of headings 8425 to 8430 : Of machinery of heading 8426, 8429 or 8430 : Other",0,25,25,2
843210,84,"Agricultural, horticultural or forestry machinery for soil preparation or cultivation; lawn or sportsground rollers : Ploughs",0,25,25,1
843221,84,"Agricultural, horticultural or forestry machinery for soil preparation or cultivation; lawn or sportsground rollers : Harrows, scarifiers, cultivators, weeders and hoes : Disc harrows",0,25,25,1
843229,84,"Agricultural, horticultural or forestry machinery for soil preparation or cultivation; lawn or sportsground rollers : Harrows, scarifiers, cultivators, weeders and hoes : Other",0,25,25,1
843231,84,"Agricultural, horticultural or forestry machinery for soil preparation or cultivation; lawn or sportsground rollers : Seeders, planters and transplanters : Notill direct seeders, planters and transplanters",0,25,25,1
843239,84,"Agricultural, horticultural or forestry machinery for soil preparation or cultivation; lawn or sportsground rollers : Seeders, planters and transplanters : Other",0,25,25,1
843241,84,"Agricultural, horticultural or forestry machinery for soil preparation or cultivation; lawn or sportsground rollers : Manure spreaders and fertiliser distributors : Manure spreaders",0,25,25,1
843242,84,"Agricultural, horticultural or forestry machinery for soil preparation or cultivation; lawn or sportsground rollers : Manure spreaders and fertiliser distributors : Fertiliser distributors",0,25,25,1
843280,84,"Agricultural, horticultural or forestry machinery for soil preparation or cultivation; lawn or sportsground rollers : Other machinery",0,25,25,1
843290,84,"Agricultural, horticultural or forestry machinery for soil preparation or cultivation; lawn or sportsground rollers : Parts",0,25,25,1
843311,84,"Harvesting or threshing machinery, including straw or fodder balers; grass or hay mowers; machines for cleaning, sorting or grading eggs, fruit or other agricultural produce, other than machinery of heading 8437 : Mowers for lawns, parks or sports grounds : Powered, with the cutting device rotating in a horizontal plane",0,7.5,7.5,1
843319,84,"Harvesting or threshing machinery, including straw or fodder balers; grass or hay mowers; machines for cleaning, sorting or grading eggs, fruit or other agricultural produce, other than machinery of heading 8437 : Mowers for lawns, parks or sports grounds : Other",0,7.5,7.5,1
843320,84,"Harvesting or threshing machinery, including straw or fodder balers; grass or hay mowers; machines for cleaning, sorting or grading eggs, fruit or other agricultural produce, other than machinery of heading 8437 : Other mowers, including cutter bars for tractor mounting",0,25,25,1
843330,84,"Harvesting or threshing machinery, including straw or fodder balers; grass or hay mowers; machines for cleaning, sorting or grading eggs, fruit or other agricultural produce, other than machinery of heading 8437 : Other haymaking machinery",0,25,25,1
843340,84,"Harvesting or threshing machinery, including straw or fodder balers; grass or hay mowers; machines for cleaning, sorting or grading eggs, fruit or other agricultural produce, other than machinery of heading 8437 : Straw or fodder balers, including pickup balers",0,25,25,1
843351,84,"Harvesting or threshing machinery, including straw or fodder balers; grass or hay mowers; machines for cleaning, sorting or grading eggs, fruit or other agricultural produce, other than machinery of heading 8437 : Other harvesting machinery; threshing machinery : Combine harvesterthreshers",0,25,25,1
843352,84,"Harvesting or threshing machinery, including straw or fodder balers; grass or hay mowers; machines for cleaning, sorting or grading eggs, fruit or other agricultural produce, other than machinery of heading 8437 : Other harvesting machinery; threshing machinery : Other threshing machinery",0,25,25,1
843353,84,"Harvesting or threshing machinery, including straw or fodder balers; grass or hay mowers; machines for cleaning, sorting or grading eggs, fruit or other agricultural produce, other than machinery of heading 8437 : Other harvesting machinery; threshing machinery : Root or tuber harvesting machines",0,25,25,1
843359,84,"Harvesting or threshing machinery, including straw or fodder balers; grass or hay mowers; machines for cleaning, sorting or grading eggs, fruit or other agricultural produce, other than machinery of heading 8437 : Other harvesting machinery; threshing machinery : Other",0,25,25,1
843360,84,"Harvesting or threshing machinery, including straw or fodder balers; grass or hay mowers; machines for cleaning, sorting or grading eggs, fruit or other agricultural produce, other than machinery of heading 8437 : Machines for cleaning, sorting or grading eggs, fruit or other agricultural produce",0,25,25,1
843390,84,"Harvesting or threshing machinery, including straw or fodder balers; grass or hay mowers; machines for cleaning, sorting or grading eggs, fruit or other agricultural produce, other than machinery of heading 8437 : Parts",0,25,25,2
843410,84,Milking machines and dairy machinery : Milking machines,0,7.5,7.5,1
843420,84,Milking machines and dairy machinery : Dairy machinery,0,25,25,1
843490,84,Milking machines and dairy machinery : Parts,0,25,25,1
843510,84,"Presses, crushers and similar machinery used in the manufacture of wine, cider, fruit juices or similar beverages : Machinery",0,7.5,7.5,1
843590,84,"Presses, crushers and similar machinery used in the manufacture of wine, cider, fruit juices or similar beverages : Parts",0,7.5,7.5,1
843610,84,"Other agricultural, horticultural, forestry, poultrykeeping or beekeeping machinery, including germination plant fitted with mechanical or thermal equipment; poultry incubators and brooders : Machinery for preparing animal feedingstuffs",0,25,25,1
843621,84,"Other agricultural, horticultural, forestry, poultrykeeping or beekeeping machinery, including germination plant fitted with mechanical or thermal equipment; poultry incubators and brooders : Poultrykeeping machinery; poultry incubators and brooders : Poultry incubators and brooders",0,25,25,1
843629,84,"Other agricultural, horticultural, forestry, poultrykeeping or beekeeping machinery, including germination plant fitted with mechanical or thermal equipment; poultry incubators and brooders : Poultrykeeping machinery; poultry incubators and brooders : Other",0,25,25,1
843680,84,"Other agricultural, horticultural, forestry, poultrykeeping or beekeeping machinery, including germination plant fitted with mechanical or thermal equipment; poultry incubators and brooders : Other machinery",0,25,25,1
843691,84,"Other agricultural, horticultural, forestry, poultrykeeping or beekeeping machinery, including germination plant fitted with mechanical or thermal equipment; poultry incubators and brooders : Parts : Of poultrykeeping machinery or poultry incubators and brooders",0,25,25,1
843699,84,"Other agricultural, horticultural, forestry, poultrykeeping or beekeeping machinery, including germination plant fitted with mechanical or thermal equipment; poultry incubators and brooders : Parts : Other",0,25,25,1
843710,84,"Machines for cleaning, sorting or grading seed, grain or dried leguminous vegetables; machinery used in the milling industry or for the working of cereals or dried leguminous vegetables, other than farmtype machinery : Machines for cleaning, sorting or grading seed, grain or dried leguminous vegetables",0,25,25,1
843780,84,"Machines for cleaning, sorting or grading seed, grain or dried leguminous vegetables; machinery used in the milling industry or for the working of cereals or dried leguminous vegetables, other than farmtype machinery : Other machinery",0,25,25,1
843790,84,"Machines for cleaning, sorting or grading seed, grain or dried leguminous vegetables; machinery used in the milling industry or for the working of cereals or dried leguminous vegetables, other than farmtype machinery : Parts",0,25,25,1
843810,84,"Machinery, not specified or included elsewhere in this chapter, for the industrial preparation or manufacture of food or drink, other than machinery for the extraction or preparation of animal or fixed vegetable fats or oils : Bakery machinery and machinery for the manufacture of macaroni, spaghetti or similar products",0,7.5,7.5,1
843820,84,"Machinery, not specified or included elsewhere in this chapter, for the industrial preparation or manufacture of food or drink, other than machinery for the extraction or preparation of animal or fixed vegetable fats or oils : Machinery for the manufacture of confectionery, cocoa or chocolate",0,7.5,7.5,1
843830,84,"Machinery, not specified or included elsewhere in this chapter, for the industrial preparation or manufacture of food or drink, other than machinery for the extraction or preparation of animal or fixed vegetable fats or oils : Machinery for sugar manufacture",0,7.5,7.5,1
843840,84,"Machinery, not specified or included elsewhere in this chapter, for the industrial preparation or manufacture of food or drink, other than machinery for the extraction or preparation of animal or fixed vegetable fats or oils : Brewery machinery",2.3,9.8,7.5,1
843850,84,"Machinery, not specified or included elsewhere in this chapter, for the industrial preparation or manufacture of food or drink, other than machinery for the extraction or preparation of animal or fixed vegetable fats or oils : Machinery for the preparation of meat or poultry",2.8,27.8,25,1
843860,84,"Machinery, not specified or included elsewhere in this chapter, for the industrial preparation or manufacture of food or drink, other than machinery for the extraction or preparation of animal or fixed vegetable fats or oils : Machinery for the preparation of fruits, nuts or vegetables",0,25,25,1
843880,84,"Machinery, not specified or included elsewhere in this chapter, for the industrial preparation or manufacture of food or drink, other than machinery for the extraction or preparation of animal or fixed vegetable fats or oils : Other machinery",0,25,25,1
843890,84,"Machinery, not specified or included elsewhere in this chapter, for the industrial preparation or manufacture of food or drink, other than machinery for the extraction or preparation of animal or fixed vegetable fats or oils : Parts",1.4,17.6,25,2
843910,84,Machinery for making pulp of fibrous cellulosic material or for making or finishing paper or paperboard : Machinery for making pulp of fibrous cellulosic material,0,25,25,1
843920,84,Machinery for making pulp of fibrous cellulosic material or for making or finishing paper or paperboard : Machinery for making paper or paperboard,0,25,25,1
843930,84,Machinery for making pulp of fibrous cellulosic material or for making or finishing paper or paperboard : Machinery for finishing paper or paperboard,0,25,25,1
843991,84,Machinery for making pulp of fibrous cellulosic material or for making or finishing paper or paperboard : Parts : Of machinery for making pulp of fibrous cellulosic material,0,25,25,2
843999,84,Machinery for making pulp of fibrous cellulosic material or for making or finishing paper or paperboard : Parts : Other,0,25,25,2
844010,84,"Bookbinding machinery, including booksewing machines : Machinery",0,7.5,7.5,1
844090,84,"Bookbinding machinery, including booksewing machines : Parts",0,7.5,7.5,1
844110,84,"Other machinery for making up paper pulp, paper or paperboard, including cutting machines of all kinds : Cutting machines",0,25,25,1
844120,84,"Other machinery for making up paper pulp, paper or paperboard, including cutting machines of all kinds : Machines for making bags, sacks or envelopes",0,25,25,1
844130,84,"Other machinery for making up paper pulp, paper or paperboard, including cutting machines of all kinds : Machines for making cartons, boxes, cases, tubes, drums or similar containers, other than by moulding",0,25,25,1
844140,84,"Other machinery for making up paper pulp, paper or paperboard, including cutting machines of all kinds : Machines for moulding articles in paper pulp, paper or paperboard",0,25,25,1
844180,84,"Other machinery for making up paper pulp, paper or paperboard, including cutting machines of all kinds : Other machinery",0,25,25,1
844190,84,"Other machinery for making up paper pulp, paper or paperboard, including cutting machines of all kinds : Parts",0,25,25,1
844230,84,"Machinery, apparatus and equipment (other than the machines of headings 8456 to 8465) for preparing or making plates, cylinders or other printing components; plates, cylinders and other printing components; plates, cylinders and lithographic stones, prepared for printing purposes (for example, planed, grained or polished) : Machinery, apparatus and equipment",0,25,25,1
844240,84,"Machinery, apparatus and equipment (other than the machines of headings 8456 to 8465) for preparing or making plates, cylinders or other printing components; plates, cylinders and other printing components; plates, cylinders and lithographic stones, prepared for printing purposes (for example, planed, grained or polished) : Parts of the foregoing machinery, apparatus or equipment",0,25,25,1
844250,84,"Machinery, apparatus and equipment (other than the machines of headings 8456 to 8465) for preparing or making plates, cylinders or other printing components; plates, cylinders and other printing components; plates, cylinders and lithographic stones, prepared for printing purposes (for example, planed, grained or polished) : Plates, cylinders and other printing components; plates, cylinders and lithographic stones, prepared for printing purposes (for example, planed, grained or polished)",0,16.3,25,2
844311,84,"Printing machinery used for printing by means of plates, cylinders and other printing components of heading 8442; other printers, copying machines and facsimile machines, whether or not combined; parts and accessories thereof : Printing machinery used for printing by means of plates, cylinders and other printing components of heading 8442 : Offset printing machinery, reel fed",1.6,26.6,25,2
844312,84,"Printing machinery used for printing by means of plates, cylinders and other printing components of heading 8442; other printers, copying machines and facsimile machines, whether or not combined; parts and accessories thereof : Printing machinery used for printing by means of plates, cylinders and other printing components of heading 8442 : Offset printing machinery, sheet fed, office type (using sheets with one side not exceeding 22 cm and the other side not exceeding 36 cm in the unfolded state)",0,25,25,1
844313,84,"Printing machinery used for printing by means of plates, cylinders and other printing components of heading 8442; other printers, copying machines and facsimile machines, whether or not combined; parts and accessories thereof : Printing machinery used for printing by means of plates, cylinders and other printing components of heading 8442 : Other offset printing machinery",0,25,25,1
844314,84,"Printing machinery used for printing by means of plates, cylinders and other printing components of heading 8442; other printers, copying machines and facsimile machines, whether or not combined; parts and accessories thereof : Printing machinery used for printing by means of plates, cylinders and other printing components of heading 8442 : Letterpress printing machinery, reel fed, excluding flexographic printing",2.2,27.2,25,1
844315,84,"Printing machinery used for printing by means of plates, cylinders and other printing components of heading 8442; other printers, copying machines and facsimile machines, whether or not combined; parts and accessories thereof : Printing machinery used for printing by means of plates, cylinders and other printing components of heading 8442 : Letterpress printing machinery, other than reel fed, excluding flexographic printing",0,25,25,1
844316,84,"Printing machinery used for printing by means of plates, cylinders and other printing components of heading 8442; other printers, copying machines and facsimile machines, whether or not combined; parts and accessories thereof : Printing machinery used for printing by means of plates, cylinders and other printing components of heading 8442 : Flexographic printing machinery",2.2,27.2,25,1
844317,84,"Printing machinery used for printing by means of plates, cylinders and other printing components of heading 8442; other printers, copying machines and facsimile machines, whether or not combined; parts and accessories thereof : Printing machinery used for printing by means of plates, cylinders and other printing components of heading 8442 : Gravure printing machinery",2.2,27.2,25,1
844319,84,"Printing machinery used for printing by means of plates, cylinders and other printing components of heading 8442; other printers, copying machines and facsimile machines, whether or not combined; parts and accessories thereof : Printing machinery used for printing by means of plates, cylinders and other printing components of heading 8442 : Other",1.3,17.6,25,2
844331,84,"Printing machinery used for printing by means of plates, cylinders and other printing components of heading 8442; other printers, copying machines and facsimile machines, whether or not combined; parts and accessories thereof : Other printers, copying machines and facsimile machines, whether or not combined : Machines which perform two or more of the functions of printing, copying or facsimile transmission, capable of connecting to an automatic dataprocessing machine or to a network",0,7.5,7.5,1
844332,84,"Printing machinery used for printing by means of plates, cylinders and other printing components of heading 8442; other printers, copying machines and facsimile machines, whether or not combined; parts and accessories thereof : Other printers, copying machines and facsimile machines, whether or not combined : Other, capable of connecting to an automatic dataprocessing machine or to a network",0,7.5,7.5,2
844339,84,"Printing machinery used for printing by means of plates, cylinders and other printing components of heading 8442; other printers, copying machines and facsimile machines, whether or not combined; parts and accessories thereof : Other printers, copying machines and facsimile machines, whether or not combined : Other",0,16.4,25,7
844391,84,"Printing machinery used for printing by means of plates, cylinders and other printing components of heading 8442; other printers, copying machines and facsimile machines, whether or not combined; parts and accessories thereof : Parts and accessories : Parts and accessories of printing machinery used for printing by means of plates, cylinders and other printing components of heading 8442",0,13.3,25,3
844399,84,"Printing machinery used for printing by means of plates, cylinders and other printing components of heading 8442; other printers, copying machines and facsimile machines, whether or not combined; parts and accessories thereof : Parts and accessories : Other",0,20.6,25,8
844400,84,"Machines for extruding, drawing, texturing or cutting manmade textile materials",0,25,25,1
844511,84,"Machines for preparing textile fibres; spinning, doubling or twisting machines and other machinery for producing textile yarns; textile reeling or winding (including weftwinding) machines and machines for preparing textile yarns for use on the machines of heading 8446 or 8447 : Machines for preparing textile fibres : Carding machines",0,7.5,7.5,1
844512,84,"Machines for preparing textile fibres; spinning, doubling or twisting machines and other machinery for producing textile yarns; textile reeling or winding (including weftwinding) machines and machines for preparing textile yarns for use on the machines of heading 8446 or 8447 : Machines for preparing textile fibres : Combing machines",0,7.5,7.5,1
844513,84,"Machines for preparing textile fibres; spinning, doubling or twisting machines and other machinery for producing textile yarns; textile reeling or winding (including weftwinding) machines and machines for preparing textile yarns for use on the machines of heading 8446 or 8447 : Machines for preparing textile fibres : Drawing or roving machines",0,7.5,7.5,1
844519,84,"Machines for preparing textile fibres; spinning, doubling or twisting machines and other machinery for producing textile yarns; textile reeling or winding (including weftwinding) machines and machines for preparing textile yarns for use on the machines of heading 8446 or 8447 : Machines for preparing textile fibres : Other",3.3,10.8,7.5,1
844520,84,"Machines for preparing textile fibres; spinning, doubling or twisting machines and other machinery for producing textile yarns; textile reeling or winding (including weftwinding) machines and machines for preparing textile yarns for use on the machines of heading 8446 or 8447 : Textile spinning machines",0,7.5,7.5,1
844530,84,"Machines for preparing textile fibres; spinning, doubling or twisting machines and other machinery for producing textile yarns; textile reeling or winding (including weftwinding) machines and machines for preparing textile yarns for use on the machines of heading 8446 or 8447 : Textile doubling or twisting machines",0,7.5,7.5,1
844540,84,"Machines for preparing textile fibres; spinning, doubling or twisting machines and other machinery for producing textile yarns; textile reeling or winding (including weftwinding) machines and machines for preparing textile yarns for use on the machines of heading 8446 or 8447 : Textile winding (including weftwinding) or reeling machines",3.7,11.2,7.5,1
844590,84,"Machines for preparing textile fibres; spinning, doubling or twisting machines and other machinery for producing textile yarns; textile reeling or winding (including weftwinding) machines and machines for preparing textile yarns for use on the machines of heading 8446 or 8447 : Other",3.7,11.2,7.5,1
844610,84,Weaving machines (looms) : For weaving fabrics of a width not exceeding 30 cm,0,7.5,7.5,1
844621,84,"Weaving machines (looms) : For weaving fabrics of a width exceeding 30 cm, shuttle type : Power looms",1.9,5.6,7.5,2
844629,84,"Weaving machines (looms) : For weaving fabrics of a width exceeding 30 cm, shuttle type : Other",0,7.5,7.5,1
844630,84,"Weaving machines (looms) : For weaving fabrics of a width exceeding 30 cm, shuttleless type",1.9,18.1,25,2
844711,84,"Knitting machines, stitchbonding machines and machines for making gimped yarn, tulle, lace, embroidery, trimmings, braid or net and machines for tufting : Circular knitting machines : With cylinder diameter not exceeding 165 mm",0,7.5,7.5,2
844712,84,"Knitting machines, stitchbonding machines and machines for making gimped yarn, tulle, lace, embroidery, trimmings, braid or net and machines for tufting : Circular knitting machines : With cylinder diameter exceeding 165 mm",0,7.5,7.5,2
844720,84,"Knitting machines, stitchbonding machines and machines for making gimped yarn, tulle, lace, embroidery, trimmings, braid or net and machines for tufting : Flat knitting machines; stitchbonding machines",0.7,8.2,7.5,4
844790,84,"Knitting machines, stitchbonding machines and machines for making gimped yarn, tulle, lace, embroidery, trimmings, braid or net and machines for tufting : Other",0,7.5,7.5,3
844811,84,"Auxiliary machinery for use with machines of heading 8444, 8445, 8446 or 8447 (for example, dobbies, jacquards, automatic stop motions, shuttle changing mechanisms); parts and accessories suitable for use solely or principally with the machines of this heading or of heading 8444, 8445, 8446 or 8447 (for example, spindles and spindle flyers, card clothing, combs, extruding nipples, shuttles, healds and healdframes, hosiery needles) : Auxiliary machinery for machines of heading 8444, 8445, 8446 or 8447 : Dobbies and jacquards; cardreducing, copying, punching or assembling machines for use therewith",0,7.5,7.5,1
844819,84,"Auxiliary machinery for use with machines of heading 8444, 8445, 8446 or 8447 (for example, dobbies, jacquards, automatic stop motions, shuttle changing mechanisms); parts and accessories suitable for use solely or principally with the machines of this heading or of heading 8444, 8445, 8446 or 8447 (for example, spindles and spindle flyers, card clothing, combs, extruding nipples, shuttles, healds and healdframes, hosiery needles) : Auxiliary machinery for machines of heading 8444, 8445, 8446 or 8447 : Other",0,7.5,7.5,1
844820,84,"Auxiliary machinery for use with machines of heading 8444, 8445, 8446 or 8447 (for example, dobbies, jacquards, automatic stop motions, shuttle changing mechanisms); parts and accessories suitable for use solely or principally with the machines of this heading or of heading 8444, 8445, 8446 or 8447 (for example, spindles and spindle flyers, card clothing, combs, extruding nipples, shuttles, healds and healdframes, hosiery needles) : Parts and accessories of machines of heading 8444 or of their auxiliary machinery",3.5,11,7.5,2
844831,84,"Auxiliary machinery for use with machines of heading 8444, 8445, 8446 or 8447 (for example, dobbies, jacquards, automatic stop motions, shuttle changing mechanisms); parts and accessories suitable for use solely or principally with the machines of this heading or of heading 8444, 8445, 8446 or 8447 (for example, spindles and spindle flyers, card clothing, combs, extruding nipples, shuttles, healds and healdframes, hosiery needles) : Parts and accessories of machines of heading 8445 or of their auxiliary machinery : Card clothing",3.3,10.8,7.5,1
844832,84,"Auxiliary machinery for use with machines of heading 8444, 8445, 8446 or 8447 (for example, dobbies, jacquards, automatic stop motions, shuttle changing mechanisms); parts and accessories suitable for use solely or principally with the machines of this heading or of heading 8444, 8445, 8446 or 8447 (for example, spindles and spindle flyers, card clothing, combs, extruding nipples, shuttles, healds and healdframes, hosiery needles) : Parts and accessories of machines of heading 8445 or of their auxiliary machinery : Of machines for preparing textile fibres, other than card clothing",0,7.5,7.5,1
844833,84,"Auxiliary machinery for use with machines of heading 8444, 8445, 8446 or 8447 (for example, dobbies, jacquards, automatic stop motions, shuttle changing mechanisms); parts and accessories suitable for use solely or principally with the machines of this heading or of heading 8444, 8445, 8446 or 8447 (for example, spindles and spindle flyers, card clothing, combs, extruding nipples, shuttles, healds and healdframes, hosiery needles) : Parts and accessories of machines of heading 8445 or of their auxiliary machinery : Spindles, spindle flyers, spinning rings and ring travellers",3.3,10.8,7.5,1
844839,84,"Auxiliary machinery for use with machines of heading 8444, 8445, 8446 or 8447 (for example, dobbies, jacquards, automatic stop motions, shuttle changing mechanisms); parts and accessories suitable for use solely or principally with the machines of this heading or of heading 8444, 8445, 8446 or 8447 (for example, spindles and spindle flyers, card clothing, combs, extruding nipples, shuttles, healds and healdframes, hosiery needles) : Parts and accessories of machines of heading 8445 or of their auxiliary machinery : Other",1.2,8.7,7.5,3
844842,84,"Auxiliary machinery for use with machines of heading 8444, 8445, 8446 or 8447 (for example, dobbies, jacquards, automatic stop motions, shuttle changing mechanisms); parts and accessories suitable for use solely or principally with the machines of this heading or of heading 8444, 8445, 8446 or 8447 (for example, spindles and spindle flyers, card clothing, combs, extruding nipples, shuttles, healds and healdframes, hosiery needles) : Parts and accessories of weaving machines (looms) or of their auxiliary machinery : Reeds for looms, healds and healdframes",3.7,11.2,7.5,1
844849,84,"Auxiliary machinery for use with machines of heading 8444, 8445, 8446 or 8447 (for example, dobbies, jacquards, automatic stop motions, shuttle changing mechanisms); parts and accessories suitable for use solely or principally with the machines of this heading or of heading 8444, 8445, 8446 or 8447 (for example, spindles and spindle flyers, card clothing, combs, extruding nipples, shuttles, healds and healdframes, hosiery needles) : Parts and accessories of weaving machines (looms) or of their auxiliary machinery : Other",1.9,9.3,7.5,2
844851,84,"Auxiliary machinery for use with machines of heading 8444, 8445, 8446 or 8447 (for example, dobbies, jacquards, automatic stop motions, shuttle changing mechanisms); parts and accessories suitable for use solely or principally with the machines of this heading or of heading 8444, 8445, 8446 or 8447 (for example, spindles and spindle flyers, card clothing, combs, extruding nipples, shuttles, healds and healdframes, hosiery needles) : Parts and accessories of machines of heading 8447 or of their auxiliary machinery : Sinkers, needles and other articles used in forming stitches",0,11.9,25,4
844859,84,"Auxiliary machinery for use with machines of heading 8444, 8445, 8446 or 8447 (for example, dobbies, jacquards, automatic stop motions, shuttle changing mechanisms); parts and accessories suitable for use solely or principally with the machines of this heading or of heading 8444, 8445, 8446 or 8447 (for example, spindles and spindle flyers, card clothing, combs, extruding nipples, shuttles, healds and healdframes, hosiery needles) : Parts and accessories of machines of heading 8447 or of their auxiliary machinery : Other",0,7.5,7.5,2
844900,84,"Machinery for the manufacture or finishing of felt or nonwovens in the piece or in shapes, including machinery for making felt hats; blocks for making hats",1.3,8.8,7.5,2
845011,84,"Household or laundrytype washing machines, including machines which both wash and dry : Machines, each of a dry linen capacity not exceeding 10 kg : Fullyautomatic machines",1.4,8.9,7.5,1
845012,84,"Household or laundrytype washing machines, including machines which both wash and dry : Machines, each of a dry linen capacity not exceeding 10 kg : Other machines, with builtin centrifugal drier",2.6,2.6,0,1
845019,84,"Household or laundrytype washing machines, including machines which both wash and dry : Machines, each of a dry linen capacity not exceeding 10 kg : Other",1.8,1.8,0,1
845020,84,"Household or laundrytype washing machines, including machines which both wash and dry : Machines, each of a dry linen capacity exceeding 10 kg",1,8.5,7.5,1
845090,84,"Household or laundrytype washing machines, including machines which both wash and dry : Parts",2.6,10.1,7.5,3
845110,84,"Machinery (other than machines of heading 8450) for washing, cleaning, wringing, drying, ironing, pressing (including fusing presses), bleaching, dyeing, dressing, finishing, coating or impregnating textile yarns, fabrics or madeup textile articles and machines for applying the paste to the base fabric or other support used in the manufacture of floor coverings such as linoleum; machines for reeling, unreeling, folding, cutting or pinking textile fabrics : Drycleaning machines",0,25,25,1
845121,84,"Machinery (other than machines of heading 8450) for washing, cleaning, wringing, drying, ironing, pressing (including fusing presses), bleaching, dyeing, dressing, finishing, coating or impregnating textile yarns, fabrics or madeup textile articles and machines for applying the paste to the base fabric or other support used in the manufacture of floor coverings such as linoleum; machines for reeling, unreeling, folding, cutting or pinking textile fabrics : Drying machines : Each of a dry linen capacity not exceeding 10 kg",3.4,28.4,25,1
845129,84,"Machinery (other than machines of heading 8450) for washing, cleaning, wringing, drying, ironing, pressing (including fusing presses), bleaching, dyeing, dressing, finishing, coating or impregnating textile yarns, fabrics or madeup textile articles and machines for applying the paste to the base fabric or other support used in the manufacture of floor coverings such as linoleum; machines for reeling, unreeling, folding, cutting or pinking textile fabrics : Drying machines : Other",2.6,27.6,25,1
845130,84,"Machinery (other than machines of heading 8450) for washing, cleaning, wringing, drying, ironing, pressing (including fusing presses), bleaching, dyeing, dressing, finishing, coating or impregnating textile yarns, fabrics or madeup textile articles and machines for applying the paste to the base fabric or other support used in the manufacture of floor coverings such as linoleum; machines for reeling, unreeling, folding, cutting or pinking textile fabrics : Ironing machines and presses (including fusing presses)",0,25,25,1
845140,84,"Machinery (other than machines of heading 8450) for washing, cleaning, wringing, drying, ironing, pressing (including fusing presses), bleaching, dyeing, dressing, finishing, coating or impregnating textile yarns, fabrics or madeup textile articles and machines for applying the paste to the base fabric or other support used in the manufacture of floor coverings such as linoleum; machines for reeling, unreeling, folding, cutting or pinking textile fabrics : Washing, bleaching or dyeing machines",3.5,28.5,25,1
845150,84,"Machinery (other than machines of heading 8450) for washing, cleaning, wringing, drying, ironing, pressing (including fusing presses), bleaching, dyeing, dressing, finishing, coating or impregnating textile yarns, fabrics or madeup textile articles and machines for applying the paste to the base fabric or other support used in the manufacture of floor coverings such as linoleum; machines for reeling, unreeling, folding, cutting or pinking textile fabrics : Machines for reeling, unreeling, folding, cutting or pinking textile fabrics",0,25,25,1
845180,84,"Machinery (other than machines of heading 8450) for washing, cleaning, wringing, drying, ironing, pressing (including fusing presses), bleaching, dyeing, dressing, finishing, coating or impregnating textile yarns, fabrics or madeup textile articles and machines for applying the paste to the base fabric or other support used in the manufacture of floor coverings such as linoleum; machines for reeling, unreeling, folding, cutting or pinking textile fabrics : Other machinery",3.5,28.5,25,1
845190,84,"Machinery (other than machines of heading 8450) for washing, cleaning, wringing, drying, ironing, pressing (including fusing presses), bleaching, dyeing, dressing, finishing, coating or impregnating textile yarns, fabrics or madeup textile articles and machines for applying the paste to the base fabric or other support used in the manufacture of floor coverings such as linoleum; machines for reeling, unreeling, folding, cutting or pinking textile fabrics : Parts",3.5,28.5,25,3
845210,84,"Sewing machines, other than booksewing machines of heading 8440; furniture, bases and covers specially designed for sewing machines; sewing machine needles : Sewing machines of the household type",0,7.5,7.5,1
845221,84,"Sewing machines, other than booksewing machines of heading 8440; furniture, bases and covers specially designed for sewing machines; sewing machine needles : Other sewing machines : Automatic units",0,7.5,7.5,2
845229,84,"Sewing machines, other than booksewing machines of heading 8440; furniture, bases and covers specially designed for sewing machines; sewing machine needles : Other sewing machines : Other",0,16.3,25,2
845230,84,"Sewing machines, other than booksewing machines of heading 8440; furniture, bases and covers specially designed for sewing machines; sewing machine needles : Sewing machine needles",0,7.5,7.5,1
845290,84,"Sewing machines, other than booksewing machines of heading 8440; furniture, bases and covers specially designed for sewing machines; sewing machine needles : Furniture, bases and covers for sewing machines and parts thereof; other parts of sewing machines",1.3,8.8,7.5,2
845310,84,"Machinery for preparing, tanning or working hides, skins or leather or for making or repairing footwear or other articles of hides, skins or leather, other than sewing machines : Machinery for preparing, tanning or working hides, skins or leather",0,7.5,7.5,1
845320,84,"Machinery for preparing, tanning or working hides, skins or leather or for making or repairing footwear or other articles of hides, skins or leather, other than sewing machines : Machinery for making or repairing footwear",0,7.5,7.5,1
845380,84,"Machinery for preparing, tanning or working hides, skins or leather or for making or repairing footwear or other articles of hides, skins or leather, other than sewing machines : Other machinery",0,7.5,7.5,1
845390,84,"Machinery for preparing, tanning or working hides, skins or leather or for making or repairing footwear or other articles of hides, skins or leather, other than sewing machines : Parts",0,7.5,7.5,2
845410,84,"Converters, ladles, ingot moulds and casting machines, of a kind used in metallurgy or in metal foundries : Converters",0,25,25,1
845420,84,"Converters, ladles, ingot moulds and casting machines, of a kind used in metallurgy or in metal foundries : Ingot moulds and ladles",0,25,25,1
845430,84,"Converters, ladles, ingot moulds and casting machines, of a kind used in metallurgy or in metal foundries : Casting machines",0,25,25,1
845490,84,"Converters, ladles, ingot moulds and casting machines, of a kind used in metallurgy or in metal foundries : Parts",0,25,25,1
845510,84,Metalrolling mills and rolls therefor : Tube mills,0,25,25,1
845521,84,Metalrolling mills and rolls therefor : Other rolling mills : Hot or combination hot and cold,0,25,25,1
845522,84,Metalrolling mills and rolls therefor : Other rolling mills : Cold,0,25,25,1
845530,84,Metalrolling mills and rolls therefor : Rolls for rolling mills,0,25,25,1
845590,84,Metalrolling mills and rolls therefor : Other parts,0,25,25,2
845611,84,"Machine tools for working any material by removal of material, by laser or other light or photon beam, ultrasonic, electrodischarge, electrochemical, electron beam, ionicbeam or plasma arc processes; waterjet cutting machines : Operated by laser or other light or photon beam processes : Operated by laser",2,27,25,3
845612,84,"Machine tools for working any material by removal of material, by laser or other light or photon beam, ultrasonic, electrodischarge, electrochemical, electron beam, ionicbeam or plasma arc processes; waterjet cutting machines : Operated by laser or other light or photon beam processes : Operated by other light or photon beam processes",2,27,25,3
845620,84,"Machine tools for working any material by removal of material, by laser or other light or photon beam, ultrasonic, electrodischarge, electrochemical, electron beam, ionicbeam or plasma arc processes; waterjet cutting machines : Operated by ultrasonic processes",3,27.9,25,2
845630,84,"Machine tools for working any material by removal of material, by laser or other light or photon beam, ultrasonic, electrodischarge, electrochemical, electron beam, ionicbeam or plasma arc processes; waterjet cutting machines : Operated by electrodischarge processes",3,27.9,25,2
845640,84,"Machine tools for working any material by removal of material, by laser or other light or photon beam, ultrasonic, electrodischarge, electrochemical, electron beam, ionicbeam or plasma arc processes; waterjet cutting machines : Operated by plasma arc processes",2.9,27.9,25,2
845650,84,"Machine tools for working any material by removal of material, by laser or other light or photon beam, ultrasonic, electrodischarge, electrochemical, electron beam, ionicbeam or plasma arc processes; waterjet cutting machines : Waterjet cutting machines",2.5,27.5,25,1
845690,84,"Machine tools for working any material by removal of material, by laser or other light or photon beam, ultrasonic, electrodischarge, electrochemical, electron beam, ionicbeam or plasma arc processes; waterjet cutting machines : Other",2.9,27.9,25,2
845710,84,"Machining centres, unit construction machines (single station) and multistation transfer machines, for working metal : Machining centres",4.2,29.2,25,1
845720,84,"Machining centres, unit construction machines (single station) and multistation transfer machines, for working metal : Unit construction machines (single station)",3.3,28.3,25,1
845730,84,"Machining centres, unit construction machines (single station) and multistation transfer machines, for working metal : Multistation transfer machines",3.3,28.3,25,1
845811,84,Lathes (including turning centres) for removing metal : Horizontal lathes : Numerically controlled,4.4,29.4,25,1
845819,84,Lathes (including turning centres) for removing metal : Horizontal lathes : Other,4.4,29.4,25,1
845891,84,Lathes (including turning centres) for removing metal : Other lathes : Numerically controlled,4.3,29.3,25,2
845899,84,Lathes (including turning centres) for removing metal : Other lathes : Other,4.3,29.3,25,2
845910,84,"Machine tools (including waytype unit head machines) for drilling, boring, milling, threading or tapping by removing metal, other than lathes (including turning centres) of heading 8458 : Waytype unit head machines",3.3,28.3,25,1
845921,84,"Machine tools (including waytype unit head machines) for drilling, boring, milling, threading or tapping by removing metal, other than lathes (including turning centres) of heading 8458 : Other drilling machines : Numerically controlled",4.2,29.2,25,1
845929,84,"Machine tools (including waytype unit head machines) for drilling, boring, milling, threading or tapping by removing metal, other than lathes (including turning centres) of heading 8458 : Other drilling machines : Other",4.2,29.2,25,1
845931,84,"Machine tools (including waytype unit head machines) for drilling, boring, milling, threading or tapping by removing metal, other than lathes (including turning centres) of heading 8458 : Other boringmilling machines : Numerically controlled",4.2,29.2,25,1
845939,84,"Machine tools (including waytype unit head machines) for drilling, boring, milling, threading or tapping by removing metal, other than lathes (including turning centres) of heading 8458 : Other boringmilling machines : Other",4.2,29.2,25,1
845941,84,"Machine tools (including waytype unit head machines) for drilling, boring, milling, threading or tapping by removing metal, other than lathes (including turning centres) of heading 8458 : Other boring machines : Numerically controlled",4.2,29.2,25,1
845949,84,"Machine tools (including waytype unit head machines) for drilling, boring, milling, threading or tapping by removing metal, other than lathes (including turning centres) of heading 8458 : Other boring machines : Other",4.2,29.2,25,1
845951,84,"Machine tools (including waytype unit head machines) for drilling, boring, milling, threading or tapping by removing metal, other than lathes (including turning centres) of heading 8458 : Milling machines, kneetype : Numerically controlled",4.2,29.2,25,1
845959,84,"Machine tools (including waytype unit head machines) for drilling, boring, milling, threading or tapping by removing metal, other than lathes (including turning centres) of heading 8458 : Milling machines, kneetype : Other",4.2,29.2,25,1
845961,84,"Machine tools (including waytype unit head machines) for drilling, boring, milling, threading or tapping by removing metal, other than lathes (including turning centres) of heading 8458 : Other milling machines : Numerically controlled",4.2,29.2,25,1
845969,84,"Machine tools (including waytype unit head machines) for drilling, boring, milling, threading or tapping by removing metal, other than lathes (including turning centres) of heading 8458 : Other milling machines : Other",4.2,29.2,25,1
845970,84,"Machine tools (including waytype unit head machines) for drilling, boring, milling, threading or tapping by removing metal, other than lathes (including turning centres) of heading 8458 : Other threading or tapping machines",4.2,29.2,25,2
846012,84,"Machine tools for deburring, sharpening, grinding, honing, lapping, polishing or otherwise finishing metal or cermets by means of grinding stones, abrasives or polishing products, other than gear cutting, gear grinding or gear finishing machines of heading 8461 : Flatsurface grinding machines : Numerically controlled",4.4,29.4,25,1
846019,84,"Machine tools for deburring, sharpening, grinding, honing, lapping, polishing or otherwise finishing metal or cermets by means of grinding stones, abrasives or polishing products, other than gear cutting, gear grinding or gear finishing machines of heading 8461 : Flatsurface grinding machines : Other",4.4,29.4,25,1
846022,84,"Machine tools for deburring, sharpening, grinding, honing, lapping, polishing or otherwise finishing metal or cermets by means of grinding stones, abrasives or polishing products, other than gear cutting, gear grinding or gear finishing machines of heading 8461 : Other grinding machines : Centreless grinding machines, numerically controlled",4.4,29.4,25,1
846023,84,"Machine tools for deburring, sharpening, grinding, honing, lapping, polishing or otherwise finishing metal or cermets by means of grinding stones, abrasives or polishing products, other than gear cutting, gear grinding or gear finishing machines of heading 8461 : Other grinding machines : Other cylindrical grinding machines, numerically controlled",4.4,29.4,25,1
846024,84,"Machine tools for deburring, sharpening, grinding, honing, lapping, polishing or otherwise finishing metal or cermets by means of grinding stones, abrasives or polishing products, other than gear cutting, gear grinding or gear finishing machines of heading 8461 : Other grinding machines : Other, numerically controlled",4.4,29.4,25,1
846029,84,"Machine tools for deburring, sharpening, grinding, honing, lapping, polishing or otherwise finishing metal or cermets by means of grinding stones, abrasives or polishing products, other than gear cutting, gear grinding or gear finishing machines of heading 8461 : Other grinding machines : Other",4.4,29.4,25,1
846031,84,"Machine tools for deburring, sharpening, grinding, honing, lapping, polishing or otherwise finishing metal or cermets by means of grinding stones, abrasives or polishing products, other than gear cutting, gear grinding or gear finishing machines of heading 8461 : Sharpening (tool or cutter grinding) machines : Numerically controlled",4.4,29.4,25,1
846039,84,"Machine tools for deburring, sharpening, grinding, honing, lapping, polishing or otherwise finishing metal or cermets by means of grinding stones, abrasives or polishing products, other than gear cutting, gear grinding or gear finishing machines of heading 8461 : Sharpening (tool or cutter grinding) machines : Other",4.4,29.4,25,1
846040,84,"Machine tools for deburring, sharpening, grinding, honing, lapping, polishing or otherwise finishing metal or cermets by means of grinding stones, abrasives or polishing products, other than gear cutting, gear grinding or gear finishing machines of heading 8461 : Honing or lapping machines",4.4,29.4,25,2
846090,84,"Machine tools for deburring, sharpening, grinding, honing, lapping, polishing or otherwise finishing metal or cermets by means of grinding stones, abrasives or polishing products, other than gear cutting, gear grinding or gear finishing machines of heading 8461 : Other",4.4,29.4,25,2
846120,84,"Machine tools for planing, shaping, slotting, broaching, gear cutting, gear grinding or gear finishing, sawing, cuttingoff and other machine tools working by removing metal or cermets, not elsewhere specified or included : Shaping or slotting machines",4.4,29.4,25,2
846130,84,"Machine tools for planing, shaping, slotting, broaching, gear cutting, gear grinding or gear finishing, sawing, cuttingoff and other machine tools working by removing metal or cermets, not elsewhere specified or included : Broaching machines",4.4,29.4,25,2
846140,84,"Machine tools for planing, shaping, slotting, broaching, gear cutting, gear grinding or gear finishing, sawing, cuttingoff and other machine tools working by removing metal or cermets, not elsewhere specified or included : Gearcutting, geargrinding or gearfinishing machines",5.1,30.1,25,2
846150,84,"Machine tools for planing, shaping, slotting, broaching, gear cutting, gear grinding or gear finishing, sawing, cuttingoff and other machine tools working by removing metal or cermets, not elsewhere specified or included : Sawing or cuttingoff machines",4.4,29.4,25,2
846190,84,"Machine tools for planing, shaping, slotting, broaching, gear cutting, gear grinding or gear finishing, sawing, cuttingoff and other machine tools working by removing metal or cermets, not elsewhere specified or included : Other",4.4,29.4,25,2
846211,84,"Headers and upsetters, including cold headers",4.4,29.4,25,1
846219,84,"Headers and upsetters, including cold headers",4.4,29.4,25,1
846222,84,"Other, valued under $3,025 each",4.4,29.4,25,1
846223,84,Numerically controlled press brakes,4.4,29.4,25,1
846224,84,Numerically controlled panel benders,4.4,29.4,25,1
846225,84,Numerically controlled roll forming machines,4.4,29.4,25,1
846226,84,"Other numerically controlled bending, folding, straightening or flattening machines",4.4,29.4,25,1
846229,84,"Machine tools (including presses) for working metal by forging, hammering or diestamping; machine tools (including presses) for working metal by bending, folding, straightening, flattening, shearing, punching or notching; presses for working metal or metal carbides, not specified above : Bending, folding, straightening or flattening machines (including presses) : Other",4.4,29.4,25,1
846232,84,Slitting lines and cut-to-length lines:,4.4,29.4,25,2
846233,84,Numerically controlled shearing machines,4.4,29.4,25,1
846239,84,"Machine tools (including presses) for working metal by forging, hammering or diestamping; machine tools (including presses) for working metal by bending, folding, straightening, flattening, shearing, punching or notching; presses for working metal or metal carbides, not specified above : Shearing machines (including presses), other than combined punching and shearing machines : Other",4.4,29.4,25,1
846242,84,Numerically controlled,4.4,29.4,25,1
846249,84,"Machine tools (including presses) for working metal by forging, hammering or diestamping; machine tools (including presses) for working metal by bending, folding, straightening, flattening, shearing, punching or notching; presses for working metal or metal carbides, not specified above : Punching or notching machines (including presses), including combined punching and shearing machines : Other",4.4,29.4,25,1
846251,84,Numerically controlled,4.4,29.4,25,1
846259,84,"Other, valued under $3,025 each",4.4,29.4,25,1
846261,84,Hydraulic presses:,4.4,29.4,25,2
846262,84,Mechanical presses:,4.4,29.4,25,2
846263,84,Servo-presses:,4.4,29.4,25,2
846269,84,Other:,4.4,29.4,25,2
846290,84,Other:,4.4,29.4,25,2
846310,84,"Other machine tools for working metal or cermets, without removing material : Drawbenches for bars, tubes, profiles, wire or the like",4.4,29.4,25,1
846320,84,"Other machine tools for working metal or cermets, without removing material : Threadrolling machines",4.4,29.4,25,1
846330,84,"Other machine tools for working metal or cermets, without removing material : Machines for working wire",4.4,29.4,25,1
846390,84,"Other machine tools for working metal or cermets, without removing material : Other",4.4,29.4,25,1
846410,84,"Machine tools for working stone, ceramics, concrete, asbestoscement or like mineral materials or for cold working glass : Sawing machines",0,25,25,1
846420,84,"Machine tools for working stone, ceramics, concrete, asbestoscement or like mineral materials or for cold working glass : Grinding or polishing machines",2,27,25,1
846490,84,"Machine tools for working stone, ceramics, concrete, asbestoscement or like mineral materials or for cold working glass : Other",2,27,25,1
846510,84,"Machine tools (including machines for nailing, stapling, glueing or otherwise assembling) for working wood, cork, bone, hard rubber, hard plastics or similar hard materials : Machines which can carry out different types of machining operations without tool change between such operations",2.4,27.4,25,1
846520,84,"Machine tools (including machines for nailing, stapling, glueing or otherwise assembling) for working wood, cork, bone, hard rubber, hard plastics or similar hard materials : Machining centres",2.8,27.8,25,3
846591,84,"Machine tools (including machines for nailing, stapling, glueing or otherwise assembling) for working wood, cork, bone, hard rubber, hard plastics or similar hard materials : Other : Sawing machines",3,28,25,1
846592,84,"Machine tools (including machines for nailing, stapling, glueing or otherwise assembling) for working wood, cork, bone, hard rubber, hard plastics or similar hard materials : Other : Planing, milling or moulding (by cutting) machines",3,28,25,1
846593,84,"Machine tools (including machines for nailing, stapling, glueing or otherwise assembling) for working wood, cork, bone, hard rubber, hard plastics or similar hard materials : Other : Grinding, sanding or polishing machines",3,28,25,1
846594,84,"Machine tools (including machines for nailing, stapling, glueing or otherwise assembling) for working wood, cork, bone, hard rubber, hard plastics or similar hard materials : Other : Bending or assembling machines",2.9,27.9,25,1
846595,84,"Machine tools (including machines for nailing, stapling, glueing or otherwise assembling) for working wood, cork, bone, hard rubber, hard plastics or similar hard materials : Other : Drilling or morticing machines",3,28,25,1
846596,84,"Machine tools (including machines for nailing, stapling, glueing or otherwise assembling) for working wood, cork, bone, hard rubber, hard plastics or similar hard materials : Other : Splitting, slicing or paring machines",2.4,9.9,7.5,1
846599,84,"Machine tools (including machines for nailing, stapling, glueing or otherwise assembling) for working wood, cork, bone, hard rubber, hard plastics or similar hard materials : Other : Other",2.4,27.4,25,1
846610,84,"Parts and accessories suitable for use solely or principally with the machines of headings 8456 to 8465, including work or tool holders, selfopening dieheads, dividing heads and other special attachments for the machines; tool holders for any type of tool for working in the hand : Tool holders and selfopening dieheads",3.9,28.9,25,1
846620,84,"Parts and accessories suitable for use solely or principally with the machines of headings 8456 to 8465, including work or tool holders, selfopening dieheads, dividing heads and other special attachments for the machines; tool holders for any type of tool for working in the hand : Work holders",4.2,29.2,25,2
846630,84,"Parts and accessories suitable for use solely or principally with the machines of headings 8456 to 8465, including work or tool holders, selfopening dieheads, dividing heads and other special attachments for the machines; tool holders for any type of tool for working in the hand : Dividing heads and other special attachments for machines",4.9,29.9,25,3
846691,84,"Parts and accessories suitable for use solely or principally with the machines of headings 8456 to 8465, including work or tool holders, selfopening dieheads, dividing heads and other special attachments for the machines; tool holders for any type of tool for working in the hand : Other : For machines of heading 8464",0,25,25,2
846692,84,"Parts and accessories suitable for use solely or principally with the machines of headings 8456 to 8465, including work or tool holders, selfopening dieheads, dividing heads and other special attachments for the machines; tool holders for any type of tool for working in the hand : Other : For machines of heading 8465",2.4,27.4,25,2
846693,84,"Parts and accessories suitable for use solely or principally with the machines of headings 8456 to 8465, including work or tool holders, selfopening dieheads, dividing heads and other special attachments for the machines; tool holders for any type of tool for working in the hand : Other : For machines of headings 8456 to 8461",2.6,27.6,25,8
846694,84,"Parts and accessories suitable for use solely or principally with the machines of headings 8456 to 8465, including work or tool holders, selfopening dieheads, dividing heads and other special attachments for the machines; tool holders for any type of tool for working in the hand : Other : For machines of heading 8462 or 8463",2.4,27.4,25,4
846711,84,"Tools for working in the hand, pneumatic, hydraulic or with selfcontained electric or nonelectric motor : Pneumatic : Rotary type (including combined rotarypercussion)",2.3,27.3,25,2
846719,84,"Tools for working in the hand, pneumatic, hydraulic or with selfcontained electric or nonelectric motor : Pneumatic : Other",2.3,18.5,25,2
846721,84,"Tools for working in the hand, pneumatic, hydraulic or with selfcontained electric or nonelectric motor : With selfcontained electric motor : Drills of all kinds",1.7,1.7,0,1
846722,84,"Tools for working in the hand, pneumatic, hydraulic or with selfcontained electric or nonelectric motor : With selfcontained electric motor : Saws",0,0,0,1
846729,84,"Tools for working in the hand, pneumatic, hydraulic or with selfcontained electric or nonelectric motor : With selfcontained electric motor : Other",0,7.5,7.5,1
846781,84,"Tools for working in the hand, pneumatic, hydraulic or with selfcontained electric or nonelectric motor : Other tools : Chainsaws",0,7.5,7.5,1
846789,84,"Tools for working in the hand, pneumatic, hydraulic or with selfcontained electric or nonelectric motor : Other tools : Other",0,7.5,7.5,2
846791,84,"Tools for working in the hand, pneumatic, hydraulic or with selfcontained electric or nonelectric motor : Parts : Of chainsaws",0,7.5,7.5,1
846792,84,"Tools for working in the hand, pneumatic, hydraulic or with selfcontained electric or nonelectric motor : Parts : Of pneumatic tools",0,7.5,7.5,1
846799,84,"Tools for working in the hand, pneumatic, hydraulic or with selfcontained electric or nonelectric motor : Parts : Other",0,25,25,1
846810,84,"Machinery and apparatus for soldering, brazing or welding, whether or not capable of cutting, other than those of heading 8515; gasoperated surface tempering machines and appliances : Handheld blow pipes",2.9,10.4,7.5,1
846820,84,"Machinery and apparatus for soldering, brazing or welding, whether or not capable of cutting, other than those of heading 8515; gasoperated surface tempering machines and appliances : Other gasoperated machinery and apparatus",1.9,26.9,25,2
846880,84,"Machinery and apparatus for soldering, brazing or welding, whether or not capable of cutting, other than those of heading 8515; gasoperated surface tempering machines and appliances : Other machinery and apparatus",1.4,26.4,25,2
846890,84,"Machinery and apparatus for soldering, brazing or welding, whether or not capable of cutting, other than those of heading 8515; gasoperated surface tempering machines and appliances : Parts",1.4,26.4,25,2
847010,84,"Calculating machines and pocketsize datarecording, reproducing and displaying machines with calculating functions; accounting machines, postagefranking machines, ticketissuing machines and similar machines, incorporating a calculating device; cash registers : Electronic calculators capable of operation without an external source of electric power and pocketsize datarecording, reproducing and displaying machines with calculating functions",0,25,25,1
847021,84,"Calculating machines and pocketsize datarecording, reproducing and displaying machines with calculating functions; accounting machines, postagefranking machines, ticketissuing machines and similar machines, incorporating a calculating device; cash registers : Other electronic calculating machines : Incorporating a printing device",0,25,25,1
847029,84,"Calculating machines and pocketsize datarecording, reproducing and displaying machines with calculating functions; accounting machines, postagefranking machines, ticketissuing machines and similar machines, incorporating a calculating device; cash registers : Other electronic calculating machines : Other",0,25,25,1
847030,84,"Calculating machines and pocketsize datarecording, reproducing and displaying machines with calculating functions; accounting machines, postagefranking machines, ticketissuing machines and similar machines, incorporating a calculating device; cash registers : Other calculating machines",0,25,25,1
847050,84,"Calculating machines and pocketsize datarecording, reproducing and displaying machines with calculating functions; accounting machines, postagefranking machines, ticketissuing machines and similar machines, incorporating a calculating device; cash registers : Cash registers",0,7.5,7.5,1
847090,84,"Calculating machines and pocketsize datarecording, reproducing and displaying machines with calculating functions; accounting machines, postagefranking machines, ticketissuing machines and similar machines, incorporating a calculating device; cash registers : Other",0,25,25,1
847130,84,"Automatic dataprocessing machines and units thereof; magnetic or optical readers, machines for transcribing data onto data media in coded form and machines for processing such data, not elsewhere specified or included : Portable automatic dataprocessing machines, weighing not more than 10 kg, consisting of at least a central processing unit, a keyboard and a display",0,0,0,1
847141,84,"Automatic dataprocessing machines and units thereof; magnetic or optical readers, machines for transcribing data onto data media in coded form and machines for processing such data, not elsewhere specified or included : Other automatic dataprocessing machines : Comprising in the same housing at least a central processing unit and an input and output unit, whether or not combined",0,7.5,7.5,1
847149,84,"Automatic dataprocessing machines and units thereof; magnetic or optical readers, machines for transcribing data onto data media in coded form and machines for processing such data, not elsewhere specified or included : Other automatic dataprocessing machines : Other, presented in the form of systems",0,7.5,7.5,1
847150,84,"Automatic dataprocessing machines and units thereof; magnetic or optical readers, machines for transcribing data onto data media in coded form and machines for processing such data, not elsewhere specified or included : Processing units other than those of subheading 847141 or 847149, whether or not containing in the same housing one or two of the following types of unit: storage units, input units, output units",0,25,25,1
847160,84,"Automatic dataprocessing machines and units thereof; magnetic or optical readers, machines for transcribing data onto data media in coded form and machines for processing such data, not elsewhere specified or included : Input or output units, whether or not containing storage units in the same housing",0,16.5,25,5
847170,84,"Automatic dataprocessing machines and units thereof; magnetic or optical readers, machines for transcribing data onto data media in coded form and machines for processing such data, not elsewhere specified or included : Storage units",0,25,25,7
847180,84,"Automatic dataprocessing machines and units thereof; magnetic or optical readers, machines for transcribing data onto data media in coded form and machines for processing such data, not elsewhere specified or included : Other units of automatic dataprocessing machines",0,25,25,3
847190,84,"Automatic dataprocessing machines and units thereof; magnetic or optical readers, machines for transcribing data onto data media in coded form and machines for processing such data, not elsewhere specified or included : Other",0,25,25,1
847210,84,"Other office machines (for example, hectograph or stencil duplicating machines, addressing machines, automatic banknote dispensers, coinsorting machines, coincounting or wrapping machines, pencilsharpening machines, perforating or stapling machines) : Duplicating machines",0,25,25,1
847230,84,"Other office machines (for example, hectograph or stencil duplicating machines, addressing machines, automatic banknote dispensers, coinsorting machines, coincounting or wrapping machines, pencilsharpening machines, perforating or stapling machines) : Machines for sorting or folding mail or for inserting mail in envelopes or bands, machines for opening, closing or sealing mail and machines for affixing or cancelling postage stamps",1.8,26.8,25,1
847290,84,"Other office machines (for example, hectograph or stencil duplicating machines, addressing machines, automatic banknote dispensers, coinsorting machines, coincounting or wrapping machines, pencilsharpening machines, perforating or stapling machines) : Other",0,17.9,25,6
847321,84,"Parts and accessories (other than covers, carrying cases and the like) suitable for use solely or principally with machines of headings 8470 to 8472 : Parts and accessories of the machines of heading 8470 : Of the electronic calculating machines of subheading 847010, 847021 or 847029",0,25,25,1
847329,84,"Parts and accessories (other than covers, carrying cases and the like) suitable for use solely or principally with machines of headings 8470 to 8472 : Parts and accessories of the machines of heading 8470 : Other",0,25,25,1
847330,84,"Parts and accessories (other than covers, carrying cases and the like) suitable for use solely or principally with machines of headings 8470 to 8472 : Parts and accessories of the machines of heading 8471",0,25,25,4
847340,84,"Parts and accessories (other than covers, carrying cases and the like) suitable for use solely or principally with machines of headings 8470 to 8472 : Parts and accessories of the machines of heading 8472",0.5,25.5,25,4
847350,84,"Parts and accessories (other than covers, carrying cases and the like) suitable for use solely or principally with machines of headings 8470 to 8472 : Parts and accessories equally suitable for use with machines of two or more of the headings 8470 to 8472",0,25,25,3
847410,84,"Machinery for sorting, screening, separating, washing, crushing, grinding, mixing or kneading earth, stone, ores or other mineral substances, in solid (including powder or paste) form; machinery for agglomerating, shaping or moulding solid mineral fuels, ceramic paste, unhardened cements, plastering materials or other mineral products in powder or paste form; machines for forming foundry moulds of sand : Sorting, screening, separating or washing machines",0,25,25,1
847420,84,"Machinery for sorting, screening, separating, washing, crushing, grinding, mixing or kneading earth, stone, ores or other mineral substances, in solid (including powder or paste) form; machinery for agglomerating, shaping or moulding solid mineral fuels, ceramic paste, unhardened cements, plastering materials or other mineral products in powder or paste form; machines for forming foundry moulds of sand : Crushing or grinding machines",0,25,25,1
847431,84,"Machinery for sorting, screening, separating, washing, crushing, grinding, mixing or kneading earth, stone, ores or other mineral substances, in solid (including powder or paste) form; machinery for agglomerating, shaping or moulding solid mineral fuels, ceramic paste, unhardened cements, plastering materials or other mineral products in powder or paste form; machines for forming foundry moulds of sand : Mixing or kneading machines : Concrete or mortar mixers",0,25,25,1
847432,84,"Machinery for sorting, screening, separating, washing, crushing, grinding, mixing or kneading earth, stone, ores or other mineral substances, in solid (including powder or paste) form; machinery for agglomerating, shaping or moulding solid mineral fuels, ceramic paste, unhardened cements, plastering materials or other mineral products in powder or paste form; machines for forming foundry moulds of sand : Mixing or kneading machines : Machines for mixing mineral substances with bitumen",0,25,25,1
847439,84,"Machinery for sorting, screening, separating, washing, crushing, grinding, mixing or kneading earth, stone, ores or other mineral substances, in solid (including powder or paste) form; machinery for agglomerating, shaping or moulding solid mineral fuels, ceramic paste, unhardened cements, plastering materials or other mineral products in powder or paste form; machines for forming foundry moulds of sand : Mixing or kneading machines : Other",0,25,25,1
847480,84,"Machinery for sorting, screening, separating, washing, crushing, grinding, mixing or kneading earth, stone, ores or other mineral substances, in solid (including powder or paste) form; machinery for agglomerating, shaping or moulding solid mineral fuels, ceramic paste, unhardened cements, plastering materials or other mineral products in powder or paste form; machines for forming foundry moulds of sand : Other machinery",0,25,25,1
847490,84,"Machinery for sorting, screening, separating, washing, crushing, grinding, mixing or kneading earth, stone, ores or other mineral substances, in solid (including powder or paste) form; machinery for agglomerating, shaping or moulding solid mineral fuels, ceramic paste, unhardened cements, plastering materials or other mineral products in powder or paste form; machines for forming foundry moulds of sand : Parts",0,25,25,1
847510,84,"Machines for assembling electric or electronic lamps, tubes or valves or flashbulbs, in glass envelopes; machines for manufacturing or hot working glass or glassware : Machines for assembling electric or electronic lamps, tubes or valves or flashbulbs, in glass envelopes",0,25,25,1
847521,84,"Machines for assembling electric or electronic lamps, tubes or valves or flashbulbs, in glass envelopes; machines for manufacturing or hot working glass or glassware : Machines for manufacturing or hot working glass or glassware : Machines for making optical fibres and preforms thereof",0,25,25,1
847529,84,"Machines for assembling electric or electronic lamps, tubes or valves or flashbulbs, in glass envelopes; machines for manufacturing or hot working glass or glassware : Machines for manufacturing or hot working glass or glassware : Other",0,25,25,1
847590,84,"Machines for assembling electric or electronic lamps, tubes or valves or flashbulbs, in glass envelopes; machines for manufacturing or hot working glass or glassware : Parts",0,25,25,2
847621,84,"Automatic goodsvending machines (for example, postage stamp, cigarette, food or beverage machines), including moneychanging machines : Automatic beveragevending machines : Incorporating heating or refrigerating devices",0,25,25,1
847629,84,"Automatic goodsvending machines (for example, postage stamp, cigarette, food or beverage machines), including moneychanging machines : Automatic beveragevending machines : Other",0,25,25,1
847681,84,"Automatic goodsvending machines (for example, postage stamp, cigarette, food or beverage machines), including moneychanging machines : Other machines : Incorporating heating or refrigerating devices",0,25,25,1
847689,84,"Automatic goodsvending machines (for example, postage stamp, cigarette, food or beverage machines), including moneychanging machines : Other machines : Other",0,7.5,7.5,1
847690,84,"Automatic goodsvending machines (for example, postage stamp, cigarette, food or beverage machines), including moneychanging machines : Parts",0,25,25,1
847710,84,"Machinery for working rubber or plastics or for the manufacture of products from these materials, not specified or included elsewhere in this chapter : Injectionmoulding machines",1,26,25,3
847720,84,"Machinery for working rubber or plastics or for the manufacture of products from these materials, not specified or included elsewhere in this chapter : Extruders",3.1,28.1,25,1
847730,84,"Machinery for working rubber or plastics or for the manufacture of products from these materials, not specified or included elsewhere in this chapter : Blowmoulding machines",3.1,28.1,25,1
847740,84,"Machinery for working rubber or plastics or for the manufacture of products from these materials, not specified or included elsewhere in this chapter : Vacuummoulding machines and other thermoforming machines",3.1,28.1,25,1
847751,84,"Machinery for working rubber or plastics or for the manufacture of products from these materials, not specified or included elsewhere in this chapter : Other machinery for moulding or otherwise forming : For moulding or retreading pneumatic tyres or for moulding or otherwise forming inner tubes",3.1,28.1,25,1
847759,84,"Machinery for working rubber or plastics or for the manufacture of products from these materials, not specified or included elsewhere in this chapter : Other machinery for moulding or otherwise forming : Other",3.1,28.1,25,1
847780,84,"Machinery for working rubber or plastics or for the manufacture of products from these materials, not specified or included elsewhere in this chapter : Other machinery",3.1,28.1,25,1
847790,84,"Machinery for working rubber or plastics or for the manufacture of products from these materials, not specified or included elsewhere in this chapter : Parts",3.1,28.1,25,4
847810,84,"Machinery for preparing or making up tobacco, not specified or included elsewhere in this chapter : Machinery",0,7.5,7.5,1
847890,84,"Machinery for preparing or making up tobacco, not specified or included elsewhere in this chapter : Parts",0,7.5,7.5,1
847910,84,"Machines and mechanical appliances having individual functions, not specified or included elsewhere in this chapter : Machinery for public works, building or the like",0,25,25,1
847920,84,"Machines and mechanical appliances having individual functions, not specified or included elsewhere in this chapter : Machinery for the extraction or preparation of animal or fixed vegetable fats or oils",0,25,25,1
847930,84,"Machines and mechanical appliances having individual functions, not specified or included elsewhere in this chapter : Presses for the manufacture of particle board or fibre building board of wood or other ligneous materials and other machinery for treating wood or cork",0,25,25,1
847940,84,"Machines and mechanical appliances having individual functions, not specified or included elsewhere in this chapter : Rope or cablemaking machines",0,25,25,1
847950,84,"Machines and mechanical appliances having individual functions, not specified or included elsewhere in this chapter : Industrial robots, not elsewhere specified or included",2.5,27.5,25,1
847960,84,"Machines and mechanical appliances having individual functions, not specified or included elsewhere in this chapter : Evaporative air coolers",2.8,27.8,25,1
847971,84,"Machines and mechanical appliances having individual functions, not specified or included elsewhere in this chapter : Passenger boarding bridges : Of a kind used in airports",0,25,25,1
847979,84,"Machines and mechanical appliances having individual functions, not specified or included elsewhere in this chapter : Passenger boarding bridges : Other",0,7.5,7.5,1
847981,84,"Machines and mechanical appliances having individual functions, not specified or included elsewhere in this chapter : Other machines and mechanical appliances : For treating metal, including electric wire coilwinders",0,25,25,1
847982,84,"Machines and mechanical appliances having individual functions, not specified or included elsewhere in this chapter : Other machines and mechanical appliances : Mixing, kneading, crushing, grinding, screening, sifting, homogenising, emulsifying or stirring machines",0,25,25,1
847983,84,Cold isostatic presses,2.5,27.5,25,1
847989,84,"Machines and mechanical appliances having individual functions, not specified or included elsewhere in this chapter : Other machines and mechanical appliances : Other",1,21.6,25,8
847990,84,"Machines and mechanical appliances having individual functions, not specified or included elsewhere in this chapter : Parts",0,10,25,7
848010,84,"Moulding boxes for metal foundry; mould bases; moulding patterns; moulds for metal (other than ingot moulds), metal carbides, glass, mineral materials, rubber or plastics : Moulding boxes for metal foundry",3.8,28.8,25,1
848020,84,"Moulding boxes for metal foundry; mould bases; moulding patterns; moulds for metal (other than ingot moulds), metal carbides, glass, mineral materials, rubber or plastics : Mould bases",3.4,28.4,25,1
848030,84,"Moulding boxes for metal foundry; mould bases; moulding patterns; moulds for metal (other than ingot moulds), metal carbides, glass, mineral materials, rubber or plastics : Moulding patterns",2.8,27.8,25,1
848041,84,"Moulding boxes for metal foundry; mould bases; moulding patterns; moulds for metal (other than ingot moulds), metal carbides, glass, mineral materials, rubber or plastics : Moulds for metal or metal carbides : Injection or compression types",3.1,28.1,25,1
848049,84,"Moulding boxes for metal foundry; mould bases; moulding patterns; moulds for metal (other than ingot moulds), metal carbides, glass, mineral materials, rubber or plastics : Moulds for metal or metal carbides : Other",3.1,28.1,25,1
848050,84,"Moulding boxes for metal foundry; mould bases; moulding patterns; moulds for metal (other than ingot moulds), metal carbides, glass, mineral materials, rubber or plastics : Moulds for glass",0,25,25,1
848060,84,"Moulding boxes for metal foundry; mould bases; moulding patterns; moulds for metal (other than ingot moulds), metal carbides, glass, mineral materials, rubber or plastics : Moulds for mineral materials",0,7.5,7.5,1
848071,84,"Moulding boxes for metal foundry; mould bases; moulding patterns; moulds for metal (other than ingot moulds), metal carbides, glass, mineral materials, rubber or plastics : Moulds for rubber or plastics : Injection or compression types",1,26,25,3
848079,84,"Moulding boxes for metal foundry; mould bases; moulding patterns; moulds for metal (other than ingot moulds), metal carbides, glass, mineral materials, rubber or plastics : Moulds for rubber or plastics : Other",1.6,26.6,25,2
848110,84,"Taps, cocks, valves and similar appliances for pipes, boiler shells, tanks, vats or the like, including pressurereducing valves and thermostatically controlled valves : Pressurereducing valves",2,27,25,1
848120,84,"Taps, cocks, valves and similar appliances for pipes, boiler shells, tanks, vats or the like, including pressurereducing valves and thermostatically controlled valves : Valves for oleohydraulic or pneumatic transmissions",2,27,25,1
848130,84,"Taps, cocks, valves and similar appliances for pipes, boiler shells, tanks, vats or the like, including pressurereducing valves and thermostatically controlled valves : Check (nonreturn) valves",3.7,28.7,25,3
848140,84,"Taps, cocks, valves and similar appliances for pipes, boiler shells, tanks, vats or the like, including pressurereducing valves and thermostatically controlled valves : Safety or relief valves",2,27,25,1
848180,84,"Taps, cocks, valves and similar appliances for pipes, boiler shells, tanks, vats or the like, including pressurereducing valves and thermostatically controlled valves : Other appliances",3.6,28.6,25,4
848190,84,"Taps, cocks, valves and similar appliances for pipes, boiler shells, tanks, vats or the like, including pressurereducing valves and thermostatically controlled valves : Parts",2.8,14.6,25,4
848210,84,Ball or roller bearings : Ball bearings,5.7,30.7,25,2
848220,84,"Ball or roller bearings : Tapered roller bearings, including cone and tapered roller assemblies",5.8,30.8,25,1
848230,84,Ball or roller bearings : Spherical roller bearings,5.8,30.8,25,1
848240,84,Ball or roller bearings : Needle roller bearings,5.8,30.8,25,1
848250,84,Ball or roller bearings : Other cylindrical roller bearings,5.8,30.8,25,1
848280,84,"Ball or roller bearings : Other, including combined ball/roller bearings",5.8,30.8,25,1
848291,84,"Ball or roller bearings : Parts : Balls, needles and rollers",4.4,29.4,25,1
848299,84,Ball or roller bearings : Parts : Other,7.2,32.2,25,6
848310,84,"Transmission shafts (including cam shafts and crank shafts) and cranks; bearing housings and plain shaft bearings; gears and gearing; ball or roller screws; gear boxes and other speed changers, including torque converters; flywheels and pulleys, including pulley blocks; clutches and shaft couplings (including universal joints) : Transmission shafts (including cam shafts and crank shafts) and cranks",1.7,26.7,25,3
848320,84,"Transmission shafts (including cam shafts and crank shafts) and cranks; bearing housings and plain shaft bearings; gears and gearing; ball or roller screws; gear boxes and other speed changers, including torque converters; flywheels and pulleys, including pulley blocks; clutches and shaft couplings (including universal joints) : Bearing housings, incorporating ball or roller bearings",4.5,29.5,25,2
848330,84,"Transmission shafts (including cam shafts and crank shafts) and cranks; bearing housings and plain shaft bearings; gears and gearing; ball or roller screws; gear boxes and other speed changers, including torque converters; flywheels and pulleys, including pulley blocks; clutches and shaft couplings (including universal joints) : Bearing housings, not incorporating ball or roller bearings; plain shaft bearings",4.5,29.5,25,2
848340,84,"Transmission shafts (including cam shafts and crank shafts) and cranks; bearing housings and plain shaft bearings; gears and gearing; ball or roller screws; gear boxes and other speed changers, including torque converters; flywheels and pulleys, including pulley blocks; clutches and shaft couplings (including universal joints) : Gears and gearing, other than toothed wheels, chain sprockets and other transmission elements presented separately; ball or roller screws; gear boxes and other speed changers, including torque converters",2.1,27.1,25,6
848350,84,"Transmission shafts (including cam shafts and crank shafts) and cranks; bearing housings and plain shaft bearings; gears and gearing; ball or roller screws; gear boxes and other speed changers, including torque converters; flywheels and pulleys, including pulley blocks; clutches and shaft couplings (including universal joints) : Flywheels and pulleys, including pulley blocks",3.8,28.8,25,3
848360,84,"Transmission shafts (including cam shafts and crank shafts) and cranks; bearing housings and plain shaft bearings; gears and gearing; ball or roller screws; gear boxes and other speed changers, including torque converters; flywheels and pulleys, including pulley blocks; clutches and shaft couplings (including universal joints) : Clutches and shaft couplings (including universal joints)",2.8,27.8,25,2
848390,84,"Transmission shafts (including cam shafts and crank shafts) and cranks; bearing housings and plain shaft bearings; gears and gearing; ball or roller screws; gear boxes and other speed changers, including torque converters; flywheels and pulleys, including pulley blocks; clutches and shaft couplings (including universal joints) : Toothed wheels, chain sprockets and other transmission elements presented separately; parts",3.8,28.8,25,6
848410,84,"Gaskets and similar joints of metal sheeting combined with other material or of two or more layers of metal; sets or assortments of gaskets and similar joints, dissimilar in composition, put up in pouches, envelopes or similar packings; mechanical seals : Gaskets and similar joints of metal sheeting combined with other material or of two or more layers of metal",2.5,27.5,25,1
848420,84,"Gaskets and similar joints of metal sheeting combined with other material or of two or more layers of metal; sets or assortments of gaskets and similar joints, dissimilar in composition, put up in pouches, envelopes or similar packings; mechanical seals : Mechanical seals",3.9,28.9,25,1
848490,84,"Gaskets and similar joints of metal sheeting combined with other material or of two or more layers of metal; sets or assortments of gaskets and similar joints, dissimilar in composition, put up in pouches, envelopes or similar packings; mechanical seals : Other",2.5,27.5,25,1
848510,84,By metal deposit,2.5,27.5,25,1
848520,84,By plastics or rubber deposit,3.1,28.1,25,1
848530,84,"By plaster, cement, ceramics or glass deposit",2.5,27.5,25,1
848580,84,Other,2.5,27.5,25,1
848590,84,Parts:,1.6,26.6,25,2
848610,84,"Machines and apparatus of a kind used solely or principally for the manufacture of semiconductor boules or wafers, semiconductor devices, electronic integrated circuits or flat panel displays; machines and apparatus specified in note 9(C) to this chapter; parts and accessories : Machines and apparatus for the manufacture of boules or wafers",0,25,25,1
848620,84,"Machines and apparatus of a kind used solely or principally for the manufacture of semiconductor boules or wafers, semiconductor devices, electronic integrated circuits or flat panel displays; machines and apparatus specified in note 9(C) to this chapter; parts and accessories : Machines and apparatus for the manufacture of semiconductor devices or of electronic integrated circuits",0,25,25,1
848630,84,"Machines and apparatus of a kind used solely or principally for the manufacture of semiconductor boules or wafers, semiconductor devices, electronic integrated circuits or flat panel displays; machines and apparatus specified in note 9(C) to this chapter; parts and accessories : Machines and apparatus for the manufacture of flat panel displays",0,25,25,1
848640,84,"Machines and apparatus of a kind used solely or principally for the manufacture of semiconductor boules or wafers, semiconductor devices, electronic integrated circuits or flat panel displays; machines and apparatus specified in note 9(C) to this chapter; parts and accessories : Machines and apparatus specified in note 9(C) to this chapter",0,25,25,1
848690,84,"Machines and apparatus of a kind used solely or principally for the manufacture of semiconductor boules or wafers, semiconductor devices, electronic integrated circuits or flat panel displays; machines and apparatus specified in note 9(C) to this chapter; parts and accessories : Parts and accessories",0,25,25,1
848710,84,"Machinery parts, not containing electrical connectors, insulators, coils, contacts or other electrical features, not specified or included elsewhere in this chapter : Ships' or boats' propellers and blades therefor",0,25,25,1
848790,84,"Machinery parts, not containing electrical connectors, insulators, coils, contacts or other electrical features, not specified or included elsewhere in this chapter : Other",3.9,28.9,25,1
850110,85,"Electric motors and generators (excluding generating sets) : Motors of an output not exceeding 37,5 W",4.6,29.6,25,3
850120,85,"Electric motors and generators (excluding generating sets) : Universal AC/DC motors of an output exceeding 37,5 W",3.3,28.3,25,4
850131,85,Electric motors and generators (excluding generating sets) : Other DC motors; DC generators : Of an output not exceeding 750 W,3,28,25,5
850132,85,Electric motors and generators (excluding generating sets) : Other DC motors; DC generators : Of an output exceeding 750 W but not exceeding 75 kW,1.2,26.2,25,4
850133,85,Electric motors and generators (excluding generating sets) : Other DC motors; DC generators : Of an output exceeding 75 kW but not exceeding 375 kW,2,27,25,4
850134,85,Electric motors and generators (excluding generating sets) : Other DC motors; DC generators : Of an output exceeding 375 kW,2.4,27.4,25,2
850140,85,"Electric motors and generators (excluding generating sets) : Other AC motors, singlephase",3.6,28.6,25,4
850151,85,"Electric motors and generators (excluding generating sets) : Other AC motors, multiphase : Of an output not exceeding 750 W",2.7,27.7,25,4
850152,85,"Electric motors and generators (excluding generating sets) : Other AC motors, multiphase : Of an output exceeding 750 W but not exceeding 75 kW",1.9,26.9,25,2
850153,85,"Electric motors and generators (excluding generating sets) : Other AC motors, multiphase : Of an output exceeding 75 kW",2.3,27.3,25,3
850161,85,Electric motors and generators (excluding generating sets) : AC generators (alternators) : Of an output not exceeding 75 kVA,2.5,27.5,25,1
850162,85,Electric motors and generators (excluding generating sets) : AC generators (alternators) : Of an output exceeding 75 kVA but not exceeding 375 kVA,2.5,27.5,25,1
850163,85,Electric motors and generators (excluding generating sets) : AC generators (alternators) : Of an output exceeding 375 kVA but not exceeding 750 kVA,2.5,27.5,25,1
850164,85,Electric motors and generators (excluding generating sets) : AC generators (alternators) : Of an output exceeding 750 kVA,2.4,27.4,25,1
850171,85,Of an output not exceeding 50 W,2.5,27.5,25,1
850172,85,Of an output exceeding 50 W:,2.3,27.3,25,4
850180,85,Photovoltaic AC generators:,2.5,27.5,25,4
850211,85,Electric generating sets and rotary converters : Generating sets with compressionignition internal combustion piston engines (diesel or semidiesel engines) : Of an output not exceeding 75 kVA,2.5,27.5,25,1
850212,85,Electric generating sets and rotary converters : Generating sets with compressionignition internal combustion piston engines (diesel or semidiesel engines) : Of an output exceeding 75 kVA but not exceeding 375 kVA,2.5,27.5,25,1
850213,85,Electric generating sets and rotary converters : Generating sets with compressionignition internal combustion piston engines (diesel or semidiesel engines) : Of an output exceeding 375 kVA,2,27,25,1
850220,85,Electric generating sets and rotary converters : Generating sets with sparkignition internal combustion piston engines,2,27,25,1
850231,85,Electric generating sets and rotary converters : Other generating sets : Windpowered,2.5,27.5,25,1
850239,85,Electric generating sets and rotary converters : Other generating sets : Other,2.5,27.5,25,1
850240,85,Electric generating sets and rotary converters : Electric rotary converters,3,28,25,1
850300,85,Parts suitable for use solely or principally with the machines of heading 8501 or 8502,3.1,28.1,25,7
850410,85,"Electrical transformers, static converters (for example, rectifiers) and inductors : Ballasts for discharge lamps or tubes",3,10.5,7.5,1
850421,85,"Electrical transformers, static converters (for example, rectifiers) and inductors : Liquid dielectric transformers : Having a power handling capacity not exceeding 650 kVA",0,25,25,1
850422,85,"Electrical transformers, static converters (for example, rectifiers) and inductors : Liquid dielectric transformers : Having a power handling capacity exceeding 650 kVA but not exceeding 10000 kVA",0,25,25,1
850423,85,"Electrical transformers, static converters (for example, rectifiers) and inductors : Liquid dielectric transformers : Having a power handling capacity exceeding 10000 kVA",1.6,26.6,25,1
850431,85,"Electrical transformers, static converters (for example, rectifiers) and inductors : Other transformers : Having a power handling capacity not exceeding 1 kVA",2.7,27.7,25,3
850432,85,"Electrical transformers, static converters (for example, rectifiers) and inductors : Other transformers : Having a power handling capacity exceeding 1 kVA but not exceeding 16 kVA",2.4,27.4,25,1
850433,85,"Electrical transformers, static converters (for example, rectifiers) and inductors : Other transformers : Having a power handling capacity exceeding 16 kVA but not exceeding 500 kVA",1.6,26.6,25,1
850434,85,"Electrical transformers, static converters (for example, rectifiers) and inductors : Other transformers : Having a power handling capacity exceeding 500 kVA",1.6,26.6,25,1
850440,85,"Electrical transformers, static converters (for example, rectifiers) and inductors : Static converters",0,25,25,5
850450,85,"Electrical transformers, static converters (for example, rectifiers) and inductors : Other inductors",0,25,25,2
850490,85,"Electrical transformers, static converters (for example, rectifiers) and inductors : Parts",0,25,25,5
850511,85,"Electromagnets; permanent magnets and articles intended to become permanent magnets after magnetisation; electromagnetic or permanent magnet chucks, clamps and similar holding devices; electromagnetic couplings, clutches and brakes; electromagnetic lifting heads : Permanent magnets and articles intended to become permanent magnets after magnetisation : Of metal",2.1,27.1,25,1
850519,85,"Electromagnets; permanent magnets and articles intended to become permanent magnets after magnetisation; electromagnetic or permanent magnet chucks, clamps and similar holding devices; electromagnetic couplings, clutches and brakes; electromagnetic lifting heads : Permanent magnets and articles intended to become permanent magnets after magnetisation : Other",4.9,29.9,25,3
850520,85,"Electromagnets; permanent magnets and articles intended to become permanent magnets after magnetisation; electromagnetic or permanent magnet chucks, clamps and similar holding devices; electromagnetic couplings, clutches and brakes; electromagnetic lifting heads : Electromagnetic couplings, clutches and brakes",3.1,28.1,25,1
850590,85,"Electromagnets; permanent magnets and articles intended to become permanent magnets after magnetisation; electromagnetic or permanent magnet chucks, clamps and similar holding devices; electromagnetic couplings, clutches and brakes; electromagnetic lifting heads : Other, including parts",0.3,25.3,25,4
850610,85,Primary cells and primary batteries : Manganese dioxide,2.7,27.7,25,1
850630,85,Primary cells and primary batteries : Mercuric oxide,2.7,27.7,25,2
850640,85,Primary cells and primary batteries : Silver oxide,2.7,27.7,25,2
850650,85,Primary cells and primary batteries : Lithium,2.7,27.7,25,1
850660,85,Primary cells and primary batteries : Airzinc,2.7,27.7,25,1
850680,85,Primary cells and primary batteries : Other primary cells and primary batteries,2.7,27.7,25,1
850690,85,Primary cells and primary batteries : Parts,2.7,27.7,25,1
850710,85,"Electric accumulators, including separators therefor, whether or not rectangular (including square) : Leadacid, of a kind used for starting piston engines",3.5,28.5,25,1
850720,85,"Electric accumulators, including separators therefor, whether or not rectangular (including square) : Other leadacid accumulators",3.5,28.5,25,2
850730,85,"Electric accumulators, including separators therefor, whether or not rectangular (including square) : Nickelcadmium",2.5,18.8,25,2
850750,85,"Electric accumulators, including separators therefor, whether or not rectangular (including square) : Nickelmetal hydride",3.4,28.4,25,1
850760,85,"Electric accumulators, including separators therefor, whether or not rectangular (including square) : Lithiumion",3.4,15.3,25,1
850780,85,"Electric accumulators, including separators therefor, whether or not rectangular (including square) : Other accumulators",3.4,28.4,25,2
850790,85,"Electric accumulators, including separators therefor, whether or not rectangular (including square) : Parts",3.5,28.4,25,2
850811,85,Vacuum cleaners : With selfcontained electric motor : Of a power not exceeding 1500 W and having a dust bag or other receptacle capacity not exceeding 20 l,0,25,25,1
850819,85,Vacuum cleaners : With selfcontained electric motor : Other,0,25,25,1
850860,85,Vacuum cleaners : Other vacuum cleaners,0,25,25,1
850870,85,Vacuum cleaners : Parts,0,25,25,1
850940,85,"Electromechanical domestic appliances, with selfcontained electric motor, other than vacuum cleaners of heading 8508 : Food grinders and mixers; fruit or vegetable juice extractors",4.2,4.2,0,1
850980,85,"Electromechanical domestic appliances, with selfcontained electric motor, other than vacuum cleaners of heading 8508 : Other appliances",1.4,9.7,25,3
850990,85,"Electromechanical domestic appliances, with selfcontained electric motor, other than vacuum cleaners of heading 8508 : Parts",3.8,28.8,25,4
851010,85,"Shavers, hair clippers and hairremoving appliances, with selfcontained electric motor : Shavers",0,7.5,7.5,1
851020,85,"Shavers, hair clippers and hairremoving appliances, with selfcontained electric motor : Hair clippers",4,29,25,2
851030,85,"Shavers, hair clippers and hairremoving appliances, with selfcontained electric motor : Hairremoving appliances",4.2,4.2,0,1
851090,85,"Shavers, hair clippers and hairremoving appliances, with selfcontained electric motor : Parts",2.4,27.4,25,5
851110,85,"Electrical ignition or starting equipment of a kind used for sparkignition or compressionignition internal combustion engines (for example, ignition magnetos, magnetodynamos, ignition coils, sparking plugs and glow plugs, starter motors); generators (for example, dynamos, alternators) and cutouts of a kind used in conjunction with such engines : Sparking plugs",2.5,27.5,25,1
851120,85,"Electrical ignition or starting equipment of a kind used for sparkignition or compressionignition internal combustion engines (for example, ignition magnetos, magnetodynamos, ignition coils, sparking plugs and glow plugs, starter motors); generators (for example, dynamos, alternators) and cutouts of a kind used in conjunction with such engines : Ignition magnetos; magnetodynamos; magnetic flywheels",2.5,27.5,25,1
851130,85,"Electrical ignition or starting equipment of a kind used for sparkignition or compressionignition internal combustion engines (for example, ignition magnetos, magnetodynamos, ignition coils, sparking plugs and glow plugs, starter motors); generators (for example, dynamos, alternators) and cutouts of a kind used in conjunction with such engines : Distributors; ignition coils",2.5,27.5,25,1
851140,85,"Electrical ignition or starting equipment of a kind used for sparkignition or compressionignition internal combustion engines (for example, ignition magnetos, magnetodynamos, ignition coils, sparking plugs and glow plugs, starter motors); generators (for example, dynamos, alternators) and cutouts of a kind used in conjunction with such engines : Starter motors and dual purpose startergenerators",2.5,27.5,25,1
851150,85,"Electrical ignition or starting equipment of a kind used for sparkignition or compressionignition internal combustion engines (for example, ignition magnetos, magnetodynamos, ignition coils, sparking plugs and glow plugs, starter motors); generators (for example, dynamos, alternators) and cutouts of a kind used in conjunction with such engines : Other generators",2.5,27.5,25,1
851180,85,"Electrical ignition or starting equipment of a kind used for sparkignition or compressionignition internal combustion engines (for example, ignition magnetos, magnetodynamos, ignition coils, sparking plugs and glow plugs, starter motors); generators (for example, dynamos, alternators) and cutouts of a kind used in conjunction with such engines : Other equipment",1.7,26.7,25,3
851190,85,"Electrical ignition or starting equipment of a kind used for sparkignition or compressionignition internal combustion engines (for example, ignition magnetos, magnetodynamos, ignition coils, sparking plugs and glow plugs, starter motors); generators (for example, dynamos, alternators) and cutouts of a kind used in conjunction with such engines : Parts",1.9,26.9,25,3
851210,85,"Electrical lighting or signalling equipment (excluding articles of heading 8539), windscreen wipers, defrosters and demisters, of a kind used for cycles or motor vehicles : Lighting or visual signalling equipment of a kind used on bicycles",1.4,8.8,7.5,2
851220,85,"Electrical lighting or signalling equipment (excluding articles of heading 8539), windscreen wipers, defrosters and demisters, of a kind used for cycles or motor vehicles : Other lighting or visual signalling equipment",1.3,26.3,25,2
851230,85,"Electrical lighting or signalling equipment (excluding articles of heading 8539), windscreen wipers, defrosters and demisters, of a kind used for cycles or motor vehicles : Sound signalling equipment",2.5,27.5,25,1
851240,85,"Electrical lighting or signalling equipment (excluding articles of heading 8539), windscreen wipers, defrosters and demisters, of a kind used for cycles or motor vehicles : Windscreen wipers, defrosters and demisters",2.5,27.5,25,2
851290,85,"Electrical lighting or signalling equipment (excluding articles of heading 8539), windscreen wipers, defrosters and demisters, of a kind used for cycles or motor vehicles : Parts",1.5,26.5,25,5
851310,85,"Portable electric lamps designed to function by their own source of energy (for example, dry batteries, accumulators, magnetos), other than lighting equipment of heading 8512 : Lamps",8,8,0,2
851390,85,"Portable electric lamps designed to function by their own source of energy (for example, dry batteries, accumulators, magnetos), other than lighting equipment of heading 8512 : Parts",8,33,25,2
851411,85,Hot isostatic presses,0,25,25,1
851419,85,Other,0,25,25,1
851420,85,Industrial or laboratory electric furnaces and ovens (including those functioning by induction or dielectric loss); other industrial or laboratory equipment for the heat treatment of materials by induction or dielectric loss : Furnaces and ovens functioning by induction or dielectric loss,2.7,27.7,25,3
851431,85,Electron beam furnaces:,0.7,25.6,25,2
851432,85,Plasma and vacuum arc furnaces:,0.7,25.6,25,2
851439,85,Other:,0.7,25.6,25,2
851440,85,Industrial or laboratory electric furnaces and ovens (including those functioning by induction or dielectric loss); other industrial or laboratory equipment for the heat treatment of materials by induction or dielectric loss : Other equipment for the heat treatment of materials by induction or dielectric loss,0,25,25,1
851490,85,Industrial or laboratory electric furnaces and ovens (including those functioning by induction or dielectric loss); other industrial or laboratory equipment for the heat treatment of materials by induction or dielectric loss : Parts,2,27,25,2
851511,85,"Electric (including electrically heated gas), laser or other light or photon beam, ultrasonic, electron beam, magnetic pulse or plasma arc soldering, brazing or welding machines and apparatus, whether or not capable of cutting; electric machines and apparatus for hot spraying of metals or cermets : Brazing or soldering machines and apparatus : Soldering irons and guns",2.5,27.5,25,1
851519,85,"Electric (including electrically heated gas), laser or other light or photon beam, ultrasonic, electron beam, magnetic pulse or plasma arc soldering, brazing or welding machines and apparatus, whether or not capable of cutting; electric machines and apparatus for hot spraying of metals or cermets : Brazing or soldering machines and apparatus : Other",0,25,25,1
851521,85,"Electric (including electrically heated gas), laser or other light or photon beam, ultrasonic, electron beam, magnetic pulse or plasma arc soldering, brazing or welding machines and apparatus, whether or not capable of cutting; electric machines and apparatus for hot spraying of metals or cermets : Machines and apparatus for resistance welding of metal : Fully or partly automatic",0,25,25,1
851529,85,"Electric (including electrically heated gas), laser or other light or photon beam, ultrasonic, electron beam, magnetic pulse or plasma arc soldering, brazing or welding machines and apparatus, whether or not capable of cutting; electric machines and apparatus for hot spraying of metals or cermets : Machines and apparatus for resistance welding of metal : Other",0,25,25,1
851531,85,"Electric (including electrically heated gas), laser or other light or photon beam, ultrasonic, electron beam, magnetic pulse or plasma arc soldering, brazing or welding machines and apparatus, whether or not capable of cutting; electric machines and apparatus for hot spraying of metals or cermets : Machines and apparatus for arc (including plasma arc) welding of metals : Fully or partly automatic",1.6,26.6,25,1
851539,85,"Electric (including electrically heated gas), laser or other light or photon beam, ultrasonic, electron beam, magnetic pulse or plasma arc soldering, brazing or welding machines and apparatus, whether or not capable of cutting; electric machines and apparatus for hot spraying of metals or cermets : Machines and apparatus for arc (including plasma arc) welding of metals : Other",1.6,26.6,25,1
851580,85,"Electric (including electrically heated gas), laser or other light or photon beam, ultrasonic, electron beam, magnetic pulse or plasma arc soldering, brazing or welding machines and apparatus, whether or not capable of cutting; electric machines and apparatus for hot spraying of metals or cermets : Other machines and apparatus",0,25,25,1
851590,85,"Electric (including electrically heated gas), laser or other light or photon beam, ultrasonic, electron beam, magnetic pulse or plasma arc soldering, brazing or welding machines and apparatus, whether or not capable of cutting; electric machines and apparatus for hot spraying of metals or cermets : Parts",0.8,25.8,25,2
851610,85,"Electric instantaneous or storage water heaters and immersion heaters; electric spaceheating apparatus and soilheating apparatus; electrothermic hairdressing apparatus (for example, hairdryers, hair curlers, curling tong heaters) and hand dryers; electric smoothing irons; other electrothermic appliances of a kind used for domestic purposes; electric heating resistors, other than those of heading 8545 : Electric instantaneous or storage water heaters and immersion heaters",0,7.5,7.5,1
851621,85,"Electric instantaneous or storage water heaters and immersion heaters; electric spaceheating apparatus and soilheating apparatus; electrothermic hairdressing apparatus (for example, hairdryers, hair curlers, curling tong heaters) and hand dryers; electric smoothing irons; other electrothermic appliances of a kind used for domestic purposes; electric heating resistors, other than those of heading 8545 : Electric spaceheating apparatus and electric soilheating apparatus : Storage heating radiators",0,25,25,1
851629,85,"Electric instantaneous or storage water heaters and immersion heaters; electric spaceheating apparatus and soilheating apparatus; electrothermic hairdressing apparatus (for example, hairdryers, hair curlers, curling tong heaters) and hand dryers; electric smoothing irons; other electrothermic appliances of a kind used for domestic purposes; electric heating resistors, other than those of heading 8545 : Electric spaceheating apparatus and electric soilheating apparatus : Other",3.7,28.7,25,1
851631,85,"Electric instantaneous or storage water heaters and immersion heaters; electric spaceheating apparatus and soilheating apparatus; electrothermic hairdressing apparatus (for example, hairdryers, hair curlers, curling tong heaters) and hand dryers; electric smoothing irons; other electrothermic appliances of a kind used for domestic purposes; electric heating resistors, other than those of heading 8545 : Electrothermic hairdressing or handdrying apparatus : Hairdryers",3.9,3.9,0,1
851632,85,"Electric instantaneous or storage water heaters and immersion heaters; electric spaceheating apparatus and soilheating apparatus; electrothermic hairdressing apparatus (for example, hairdryers, hair curlers, curling tong heaters) and hand dryers; electric smoothing irons; other electrothermic appliances of a kind used for domestic purposes; electric heating resistors, other than those of heading 8545 : Electrothermic hairdressing or handdrying apparatus : Other hairdressing apparatus",3.9,3.9,0,1
851633,85,"Electric instantaneous or storage water heaters and immersion heaters; electric spaceheating apparatus and soilheating apparatus; electrothermic hairdressing apparatus (for example, hairdryers, hair curlers, curling tong heaters) and hand dryers; electric smoothing irons; other electrothermic appliances of a kind used for domestic purposes; electric heating resistors, other than those of heading 8545 : Electrothermic hairdressing or handdrying apparatus : Handdrying apparatus",0,7.5,7.5,1
851640,85,"Electric instantaneous or storage water heaters and immersion heaters; electric spaceheating apparatus and soilheating apparatus; electrothermic hairdressing apparatus (for example, hairdryers, hair curlers, curling tong heaters) and hand dryers; electric smoothing irons; other electrothermic appliances of a kind used for domestic purposes; electric heating resistors, other than those of heading 8545 : Electric smoothing irons",1.4,1.4,0,2
851650,85,"Electric instantaneous or storage water heaters and immersion heaters; electric spaceheating apparatus and soilheating apparatus; electrothermic hairdressing apparatus (for example, hairdryers, hair curlers, curling tong heaters) and hand dryers; electric smoothing irons; other electrothermic appliances of a kind used for domestic purposes; electric heating resistors, other than those of heading 8545 : Microwave ovens",2,2,0,1
851660,85,"Electric instantaneous or storage water heaters and immersion heaters; electric spaceheating apparatus and soilheating apparatus; electrothermic hairdressing apparatus (for example, hairdryers, hair curlers, curling tong heaters) and hand dryers; electric smoothing irons; other electrothermic appliances of a kind used for domestic purposes; electric heating resistors, other than those of heading 8545 : Other ovens; cookers, cooking plates, boiling rings; grillers and roasters",1.4,13.8,25,2
851671,85,"Electric instantaneous or storage water heaters and immersion heaters; electric spaceheating apparatus and soilheating apparatus; electrothermic hairdressing apparatus (for example, hairdryers, hair curlers, curling tong heaters) and hand dryers; electric smoothing irons; other electrothermic appliances of a kind used for domestic purposes; electric heating resistors, other than those of heading 8545 : Other electrothermic appliances : Coffee or tea makers",3.7,11.2,7.5,1
851672,85,"Electric instantaneous or storage water heaters and immersion heaters; electric spaceheating apparatus and soilheating apparatus; electrothermic hairdressing apparatus (for example, hairdryers, hair curlers, curling tong heaters) and hand dryers; electric smoothing irons; other electrothermic appliances of a kind used for domestic purposes; electric heating resistors, other than those of heading 8545 : Other electrothermic appliances : Toasters",5.3,5.3,0,1
851679,85,"Electric instantaneous or storage water heaters and immersion heaters; electric spaceheating apparatus and soilheating apparatus; electrothermic hairdressing apparatus (for example, hairdryers, hair curlers, curling tong heaters) and hand dryers; electric smoothing irons; other electrothermic appliances of a kind used for domestic purposes; electric heating resistors, other than those of heading 8545 : Other electrothermic appliances : Other",2.7,2.7,0,1
851680,85,"Electric instantaneous or storage water heaters and immersion heaters; electric spaceheating apparatus and soilheating apparatus; electrothermic hairdressing apparatus (for example, hairdryers, hair curlers, curling tong heaters) and hand dryers; electric smoothing irons; other electrothermic appliances of a kind used for domestic purposes; electric heating resistors, other than those of heading 8545 : Electric heating resistors",0,25,25,2
851690,85,"Electric instantaneous or storage water heaters and immersion heaters; electric spaceheating apparatus and soilheating apparatus; electrothermic hairdressing apparatus (for example, hairdryers, hair curlers, curling tong heaters) and hand dryers; electric smoothing irons; other electrothermic appliances of a kind used for domestic purposes; electric heating resistors, other than those of heading 8545 : Parts",1.6,26.6,25,12
851711,85,"Telephone sets, including telephones for cellular networks or for other wireless networks; other apparatus for the transmission or reception of voice, images or other data, including apparatus for communication in a wired or wireless network (such as a local or wide area network), other than transmission or reception apparatus of heading 8443, 8525, 8527 or 8528 : Telephone sets, including telephones for cellular networks or for other wireless networks : Line telephone sets with cordless handsets",0,7.5,7.5,1
851713,85,Smartphones,0,0,0,1
851714,85,Radio telephones designed for installation in motor vehicles for the Public Cellular Radiotelecommunication Service,0,0,0,1
851718,85,"Telephone sets, including telephones for cellular networks or for other wireless networks; other apparatus for the transmission or reception of voice, images or other data, including apparatus for communication in a wired or wireless network (such as a local or wide area network), other than transmission or reception apparatus of heading 8443, 8525, 8527 or 8528 : Telephone sets, including telephones for cellular networks or for other wireless networks : Other",0,0,0,1
851761,85,"Telephone sets, including telephones for cellular networks or for other wireless networks; other apparatus for the transmission or reception of voice, images or other data, including apparatus for communication in a wired or wireless network (such as a local or wide area network), other than transmission or reception apparatus of heading 8443, 8525, 8527 or 8528 : Other apparatus for the transmission or reception of voice, images or other data, including apparatus for communication in a wired or wireless network (such as a local or wide area network) : Base stations",0,7.5,7.5,1
851762,85,"Telephone sets, including telephones for cellular networks or for other wireless networks; other apparatus for the transmission or reception of voice, images or other data, including apparatus for communication in a wired or wireless network (such as a local or wide area network), other than transmission or reception apparatus of heading 8443, 8525, 8527 or 8528 : Other apparatus for the transmission or reception of voice, images or other data, including apparatus for communication in a wired or wireless network (such as a local or wide area network) : Machines for the reception, conversion and transmission or regeneration of voice, images or other data, including switching and routing apparatus",0,20.6,25,1
851769,85,"Telephone sets, including telephones for cellular networks or for other wireless networks; other apparatus for the transmission or reception of voice, images or other data, including apparatus for communication in a wired or wireless network (such as a local or wide area network), other than transmission or reception apparatus of heading 8443, 8525, 8527 or 8528 : Other apparatus for the transmission or reception of voice, images or other data, including apparatus for communication in a wired or wireless network (such as a local or wide area network) : Other",0,25,25,1
851771,85,Aerials and aerial reflectors of all kinds; parts suitable for use therewith,0,7.5,7.5,1
851779,85,Other,0,7.5,7.5,1
851810,85,"Microphones and stands therefor; loudspeakers, whether or not mounted in their enclosures; headphones and earphones, whether or not combined with a microphone, and sets consisting of a microphone and one or more loudspeakers; audiofrequency electric amplifiers; electric sound amplifier sets : Microphones and stands therefor",0,16.3,25,2
851821,85,"Microphones and stands therefor; loudspeakers, whether or not mounted in their enclosures; headphones and earphones, whether or not combined with a microphone, and sets consisting of a microphone and one or more loudspeakers; audiofrequency electric amplifiers; electric sound amplifier sets : Loudspeakers, whether or not mounted in their enclosures : Single loudspeakers, mounted in their enclosures",0,7.5,7.5,1
851822,85,"Microphones and stands therefor; loudspeakers, whether or not mounted in their enclosures; headphones and earphones, whether or not combined with a microphone, and sets consisting of a microphone and one or more loudspeakers; audiofrequency electric amplifiers; electric sound amplifier sets : Loudspeakers, whether or not mounted in their enclosures : Multiple loudspeakers, mounted in the same enclosure",0,7.5,7.5,1
851829,85,"Microphones and stands therefor; loudspeakers, whether or not mounted in their enclosures; headphones and earphones, whether or not combined with a microphone, and sets consisting of a microphone and one or more loudspeakers; audiofrequency electric amplifiers; electric sound amplifier sets : Loudspeakers, whether or not mounted in their enclosures : Other",0,3.8,7.5,2
851830,85,"Microphones and stands therefor; loudspeakers, whether or not mounted in their enclosures; headphones and earphones, whether or not combined with a microphone, and sets consisting of a microphone and one or more loudspeakers; audiofrequency electric amplifiers; electric sound amplifier sets : Headphones and earphones, whether or not combined with a microphone, and sets consisting of a microphone and one or more loudspeakers",0,3.8,7.5,2
851840,85,"Microphones and stands therefor; loudspeakers, whether or not mounted in their enclosures; headphones and earphones, whether or not combined with a microphone, and sets consisting of a microphone and one or more loudspeakers; audiofrequency electric amplifiers; electric sound amplifier sets : Audiofrequency electric amplifiers",0,25,25,2
851850,85,"Microphones and stands therefor; loudspeakers, whether or not mounted in their enclosures; headphones and earphones, whether or not combined with a microphone, and sets consisting of a microphone and one or more loudspeakers; audiofrequency electric amplifiers; electric sound amplifier sets : Electric sound amplifier sets",0,25,25,1
851890,85,"Microphones and stands therefor; loudspeakers, whether or not mounted in their enclosures; headphones and earphones, whether or not combined with a microphone, and sets consisting of a microphone and one or more loudspeakers; audiofrequency electric amplifiers; electric sound amplifier sets : Parts",0,25,25,4
851920,85,"Sound recording or sound reproducing apparatus : Apparatus operated by coins, banknotes, bank cards, tokens or by other means of payment",0,7.5,7.5,1
851930,85,Sound recording or sound reproducing apparatus : Turntables (recorddecks),1.9,5.7,7.5,2
851981,85,"Sound recording or sound reproducing apparatus : Other apparatus : Using magnetic, optical or semiconductor media",0,6.5,25,5
851989,85,Sound recording or sound reproducing apparatus : Other apparatus : Other,0,5,7.5,3
852110,85,"Video recording or reproducing apparatus, whether or not incorporating a video tuner : Magnetic tapetype",0,7.5,7.5,3
852190,85,"Video recording or reproducing apparatus, whether or not incorporating a video tuner : Other",0,7.5,7.5,1
852210,85,Parts and accessories suitable for use solely or principally with the apparatus of heading 8519 or 8521 : Pickup cartridges,3.9,28.9,25,1
852290,85,Parts and accessories suitable for use solely or principally with the apparatus of heading 8519 or 8521 : Other,0,25,25,6
852321,85,"Discs, tapes, solidstate nonvolatile storage devices, ‘smart cards’ and other media for the recording of sound or of other phenomena, whether or not recorded, including matrices and masters for the production of discs, but excluding products of Chapter 37 : Magnetic media : Cards incorporating a magnetic stripe",0,25,25,1
852329,85,"Discs, tapes, solidstate nonvolatile storage devices, ‘smart cards’ and other media for the recording of sound or of other phenomena, whether or not recorded, including matrices and masters for the production of discs, but excluding products of Chapter 37 : Magnetic media : Other",0,7.5,7.5,9
852341,85,"Discs, tapes, solidstate nonvolatile storage devices, ‘smart cards’ and other media for the recording of sound or of other phenomena, whether or not recorded, including matrices and masters for the production of discs, but excluding products of Chapter 37 : Optical media : Unrecorded",0,7.5,7.5,1
852349,85,"Discs, tapes, solidstate nonvolatile storage devices, ‘smart cards’ and other media for the recording of sound or of other phenomena, whether or not recorded, including matrices and masters for the production of discs, but excluding products of Chapter 37 : Optical media : Other",0,11.9,25,4
852351,85,"Discs, tapes, solidstate nonvolatile storage devices, ‘smart cards’ and other media for the recording of sound or of other phenomena, whether or not recorded, including matrices and masters for the production of discs, but excluding products of Chapter 37 : Semiconductor media : Solidstate nonvolatile storage devices",0,7.5,7.5,1
852352,85,"Discs, tapes, solidstate nonvolatile storage devices, ‘smart cards’ and other media for the recording of sound or of other phenomena, whether or not recorded, including matrices and masters for the production of discs, but excluding products of Chapter 37 : Semiconductor media : ‘Smart cards’",0,25,25,1
852359,85,"Discs, tapes, solidstate nonvolatile storage devices, ‘smart cards’ and other media for the recording of sound or of other phenomena, whether or not recorded, including matrices and masters for the production of discs, but excluding products of Chapter 37 : Semiconductor media : Other",0,25,25,1
852380,85,"Discs, tapes, solidstate nonvolatile storage devices, ‘smart cards’ and other media for the recording of sound or of other phenomena, whether or not recorded, including matrices and masters for the production of discs, but excluding products of Chapter 37 : Other",0,7.5,7.5,2
852411,85,Of liquid crystals:,2.3,18.5,25,2
852412,85,Of organic light-emitting diodes (OLED),0,25,25,1
852419,85,Other,0,25,25,1
852491,85,Of liquid crystals:,2.3,18.5,25,2
852492,85,Of organic light-emitting diodes (OLED),0,25,25,1
852499,85,Other,0,25,25,1
852550,85,"Transmission apparatus for radiobroadcasting or television, whether or not incorporating reception apparatus or sound recording or reproducing apparatus; television cameras, digital cameras and video camera recorders : Transmission apparatus",0,16.7,25,3
852560,85,"Transmission apparatus for radiobroadcasting or television, whether or not incorporating reception apparatus or sound recording or reproducing apparatus; television cameras, digital cameras and video camera recorders : Transmission apparatus incorporating reception apparatus",0,25,25,2
852581,85,High-speed goods as specified in subheading note 1 to this chapter,0,25,25,1
852582,85,"Other, radiation-hardened or radiation-tolerant goods as specified in subheading note 2 to this chapter",0,25,25,1
852583,85,"Other, night vision goods as specified in subheading note 3 to this chapter",0,25,25,1
852589,85,Other:,0,21.5,25,5
852610,85,"Radar apparatus, radio navigational aid apparatus and radio remote control apparatus : Radar apparatus",0,25,25,1
852691,85,"Radar apparatus, radio navigational aid apparatus and radio remote control apparatus : Other : Radio navigational aid apparatus",0,25,25,1
852692,85,"Radar apparatus, radio navigational aid apparatus and radio remote control apparatus : Other : Radio remote control apparatus",0,12.5,25,2
852712,85,"Reception apparatus for radiobroadcasting, whether or not combined, in the same housing, with sound recording or reproducing apparatus or a clock : Radiobroadcast receivers capable of operating without an external source of power : Pocketsize radio cassette players",0,0,0,1
852713,85,"Reception apparatus for radiobroadcasting, whether or not combined, in the same housing, with sound recording or reproducing apparatus or a clock : Radiobroadcast receivers capable of operating without an external source of power : Other apparatus combined with sound recording or reproducing apparatus",0,0,0,4
852719,85,"Reception apparatus for radiobroadcasting, whether or not combined, in the same housing, with sound recording or reproducing apparatus or a clock : Radiobroadcast receivers capable of operating without an external source of power : Other",0,0,0,2
852721,85,"Reception apparatus for radiobroadcasting, whether or not combined, in the same housing, with sound recording or reproducing apparatus or a clock : Radiobroadcast receivers not capable of operating without an external source of power, of a kind used in motor vehicles : Combined with sound recording or reproducing apparatus",0.7,25.7,25,3
852729,85,"Reception apparatus for radiobroadcasting, whether or not combined, in the same housing, with sound recording or reproducing apparatus or a clock : Radiobroadcast receivers not capable of operating without an external source of power, of a kind used in motor vehicles : Other",0,25,25,2
852791,85,"Reception apparatus for radiobroadcasting, whether or not combined, in the same housing, with sound recording or reproducing apparatus or a clock : Other : Combined with sound recording or reproducing apparatus",0,3.8,7.5,4
852792,85,"Reception apparatus for radiobroadcasting, whether or not combined, in the same housing, with sound recording or reproducing apparatus or a clock : Other : Not combined with sound recording or reproducing apparatus but combined with a clock",0,0,0,2
852799,85,"Reception apparatus for radiobroadcasting, whether or not combined, in the same housing, with sound recording or reproducing apparatus or a clock : Other : Other",0,16.7,25,3
852842,85,"Monitors and projectors, not incorporating television reception apparatus; reception apparatus for television, whether or not incorporating radiobroadcast receivers or sound or video recording or reproducing apparatus : Cathoderay tube monitors : Capable of directly connecting to and designed for use with an automatic data processing machine of heading 8471",0,25,25,1
852849,85,"Monitors and projectors, not incorporating television reception apparatus; reception apparatus for television, whether or not incorporating radiobroadcast receivers or sound or video recording or reproducing apparatus : Cathoderay tube monitors : Other",0,14.5,25,15
852852,85,"Monitors and projectors, not incorporating television reception apparatus; reception apparatus for television, whether or not incorporating radiobroadcast receivers or sound or video recording or reproducing apparatus : Other monitors : Capable of directly connecting to and designed for use with an automatic data processing machine of heading 8471",0,0,0,1
852859,85,"Monitors and projectors, not incorporating television reception apparatus; reception apparatus for television, whether or not incorporating radiobroadcast receivers or sound or video recording or reproducing apparatus : Other monitors : Other",2.1,11.4,25,11
852862,85,"Monitors and projectors, not incorporating television reception apparatus; reception apparatus for television, whether or not incorporating radiobroadcast receivers or sound or video recording or reproducing apparatus : Projectors : Capable of directly connecting to and designed for use with an automatic data processing machine of heading 8471",0,7.5,7.5,1
852869,85,"Monitors and projectors, not incorporating television reception apparatus; reception apparatus for television, whether or not incorporating radiobroadcast receivers or sound or video recording or reproducing apparatus : Projectors : Other",3.1,14.9,25,13
852871,85,"Monitors and projectors, not incorporating television reception apparatus; reception apparatus for television, whether or not incorporating radiobroadcast receivers or sound or video recording or reproducing apparatus : Reception apparatus for television, whether or not incorporating radiobroadcast receivers or sound or video recording or reproducing apparatus : Not designed to incorporate a video display or screen",0,7.5,7.5,5
852872,85,"Monitors and projectors, not incorporating television reception apparatus; reception apparatus for television, whether or not incorporating radiobroadcast receivers or sound or video recording or reproducing apparatus : Reception apparatus for television, whether or not incorporating radiobroadcast receivers or sound or video recording or reproducing apparatus : Other, colour",2.8,16.4,25,22
852873,85,"Monitors and projectors, not incorporating television reception apparatus; reception apparatus for television, whether or not incorporating radiobroadcast receivers or sound or video recording or reproducing apparatus : Reception apparatus for television, whether or not incorporating radiobroadcast receivers or sound or video recording or reproducing apparatus : Other, monochrome",5,30,25,1
852910,85,Parts suitable for use solely or principally with the apparatus of headings 8525 to 8528 : Aerials and aerial reflectors of all kinds; parts suitable for use therewith,0,25,25,3
852990,85,Parts suitable for use solely or principally with the apparatus of headings 8525 to 8528 : Other,0,24.4,25,31
853010,85,"Electrical signalling, safety or traffic control equipment for railways, tramways, roads, inland waterways, parking facilities, port installations or airfields (other than those of heading 8608) : Equipment for railways or tramways",0,25,25,1
853080,85,"Electrical signalling, safety or traffic control equipment for railways, tramways, roads, inland waterways, parking facilities, port installations or airfields (other than those of heading 8608) : Other equipment",0,25,25,1
853090,85,"Electrical signalling, safety or traffic control equipment for railways, tramways, roads, inland waterways, parking facilities, port installations or airfields (other than those of heading 8608) : Parts",0,25,25,1
853110,85,"Electric sound or visual signalling apparatus (for example, bells, sirens, indicator panels, burglar or fire alarms), other than those of heading 8512 or 8530 : Burglar or fire alarms and similar apparatus",1.3,26.3,25,1
853120,85,"Electric sound or visual signalling apparatus (for example, bells, sirens, indicator panels, burglar or fire alarms), other than those of heading 8512 or 8530 : Indicator panels incorporating liquid crystal devices (LCD) or lightemitting diodes (LED)",0,25,25,1
853180,85,"Electric sound or visual signalling apparatus (for example, bells, sirens, indicator panels, burglar or fire alarms), other than those of heading 8512 or 8530 : Other apparatus",0.7,4.4,7.5,2
853190,85,"Electric sound or visual signalling apparatus (for example, bells, sirens, indicator panels, burglar or fire alarms), other than those of heading 8512 or 8530 : Parts",0,25,25,4
853210,85,"Electrical capacitors, fixed, variable or adjustable (preset) : Fixed capacitors designed for use in 50/60 Hz circuits and having a reactive power handling capacity of not less than 0,5 kvar (power capacitors)",0,25,25,1
853221,85,"Electrical capacitors, fixed, variable or adjustable (preset) : Other fixed capacitors : Tantalum",0,25,25,1
853222,85,"Electrical capacitors, fixed, variable or adjustable (preset) : Other fixed capacitors : Aluminium electrolytic",0,25,25,1
853223,85,"Electrical capacitors, fixed, variable or adjustable (preset) : Other fixed capacitors : Ceramic dielectric, single layer",0,25,25,1
853224,85,"Electrical capacitors, fixed, variable or adjustable (preset) : Other fixed capacitors : Ceramic dielectric, multilayer",0,25,25,1
853225,85,"Electrical capacitors, fixed, variable or adjustable (preset) : Other fixed capacitors : Dielectric of paper or plastics",0,25,25,1
853229,85,"Electrical capacitors, fixed, variable or adjustable (preset) : Other fixed capacitors : Other",0,25,25,1
853230,85,"Electrical capacitors, fixed, variable or adjustable (preset) : Variable or adjustable (preset) capacitors",0,25,25,1
853290,85,"Electrical capacitors, fixed, variable or adjustable (preset) : Parts",0,25,25,1
853310,85,"Electrical resistors (including rheostats and potentiometers), other than heating resistors : Fixed carbon resistors, composition or film types",0,25,25,1
853321,85,"Electrical resistors (including rheostats and potentiometers), other than heating resistors : Other fixed resistors : For a power handling capacity not exceeding 20 W",0,25,25,1
853329,85,"Electrical resistors (including rheostats and potentiometers), other than heating resistors : Other fixed resistors : Other",0,25,25,1
853331,85,"Electrical resistors (including rheostats and potentiometers), other than heating resistors : Wirewound variable resistors, including rheostats and potentiometers : For a power handling capacity not exceeding 20 W",0,25,25,1
853339,85,"Electrical resistors (including rheostats and potentiometers), other than heating resistors : Wirewound variable resistors, including rheostats and potentiometers : Other",0,25,25,1
853340,85,"Electrical resistors (including rheostats and potentiometers), other than heating resistors : Other variable resistors, including rheostats and potentiometers",0,25,25,2
853390,85,"Electrical resistors (including rheostats and potentiometers), other than heating resistors : Parts",0,25,25,2
853400,85,Printed circuits,0,25,25,1
853510,85,"Electrical apparatus for switching or protecting electrical circuits, or for making connections to or in electrical circuits (for example, switches, fuses, lightning arresters, voltage limiters, surge suppressors, plugs and other connectors, junction boxes), for a voltage exceeding 1000 V : Fuses",2.7,27.7,25,1
853521,85,"Electrical apparatus for switching or protecting electrical circuits, or for making connections to or in electrical circuits (for example, switches, fuses, lightning arresters, voltage limiters, surge suppressors, plugs and other connectors, junction boxes), for a voltage exceeding 1000 V : Automatic circuit breakers : For a voltage of less than 72,5 kV",2.7,27.7,25,1
853529,85,"Electrical apparatus for switching or protecting electrical circuits, or for making connections to or in electrical circuits (for example, switches, fuses, lightning arresters, voltage limiters, surge suppressors, plugs and other connectors, junction boxes), for a voltage exceeding 1000 V : Automatic circuit breakers : Other",2,27,25,1
853530,85,"Electrical apparatus for switching or protecting electrical circuits, or for making connections to or in electrical circuits (for example, switches, fuses, lightning arresters, voltage limiters, surge suppressors, plugs and other connectors, junction boxes), for a voltage exceeding 1000 V : Isolating switches and makeandbreak switches",2.7,27.7,25,1
853540,85,"Electrical apparatus for switching or protecting electrical circuits, or for making connections to or in electrical circuits (for example, switches, fuses, lightning arresters, voltage limiters, surge suppressors, plugs and other connectors, junction boxes), for a voltage exceeding 1000 V : Lightning arresters, voltage limiters and surge suppressors",2.7,27.7,25,1
853590,85,"Electrical apparatus for switching or protecting electrical circuits, or for making connections to or in electrical circuits (for example, switches, fuses, lightning arresters, voltage limiters, surge suppressors, plugs and other connectors, junction boxes), for a voltage exceeding 1000 V : Other",2.7,27.7,25,2
853610,85,"Electrical apparatus for switching or protecting electrical circuits, or for making connections to or in electrical circuits (for example, switches, relays, fuses, surge suppressors, plugs, sockets, lamp holders and other connectors, junction boxes), for a voltage not exceeding 1000 V; connectors for optical fibres, optical fibre bundles or cables : Fuses",2.7,27.7,25,1
853620,85,"Electrical apparatus for switching or protecting electrical circuits, or for making connections to or in electrical circuits (for example, switches, relays, fuses, surge suppressors, plugs, sockets, lamp holders and other connectors, junction boxes), for a voltage not exceeding 1000 V; connectors for optical fibres, optical fibre bundles or cables : Automatic circuit breakers",2.7,27.7,25,1
853630,85,"Electrical apparatus for switching or protecting electrical circuits, or for making connections to or in electrical circuits (for example, switches, relays, fuses, surge suppressors, plugs, sockets, lamp holders and other connectors, junction boxes), for a voltage not exceeding 1000 V; connectors for optical fibres, optical fibre bundles or cables : Other apparatus for protecting electrical circuits",0,25,25,2
853641,85,"Electrical apparatus for switching or protecting electrical circuits, or for making connections to or in electrical circuits (for example, switches, relays, fuses, surge suppressors, plugs, sockets, lamp holders and other connectors, junction boxes), for a voltage not exceeding 1000 V; connectors for optical fibres, optical fibre bundles or cables : Relays : For a voltage not exceeding 60 V",2.7,27.7,25,1
853649,85,"Electrical apparatus for switching or protecting electrical circuits, or for making connections to or in electrical circuits (for example, switches, relays, fuses, surge suppressors, plugs, sockets, lamp holders and other connectors, junction boxes), for a voltage not exceeding 1000 V; connectors for optical fibres, optical fibre bundles or cables : Relays : Other",2.7,27.7,25,1
853650,85,"Electrical apparatus for switching or protecting electrical circuits, or for making connections to or in electrical circuits (for example, switches, relays, fuses, surge suppressors, plugs, sockets, lamp holders and other connectors, junction boxes), for a voltage not exceeding 1000 V; connectors for optical fibres, optical fibre bundles or cables : Other switches",0,25,25,3
853661,85,"Electrical apparatus for switching or protecting electrical circuits, or for making connections to or in electrical circuits (for example, switches, relays, fuses, surge suppressors, plugs, sockets, lamp holders and other connectors, junction boxes), for a voltage not exceeding 1000 V; connectors for optical fibres, optical fibre bundles or cables : Lamp holders, plugs and sockets : Lamp holders",2.7,27.7,25,1
853669,85,"Electrical apparatus for switching or protecting electrical circuits, or for making connections to or in electrical circuits (for example, switches, relays, fuses, surge suppressors, plugs, sockets, lamp holders and other connectors, junction boxes), for a voltage not exceeding 1000 V; connectors for optical fibres, optical fibre bundles or cables : Lamp holders, plugs and sockets : Other",1.4,26.4,25,2
853670,85,"Electrical apparatus for switching or protecting electrical circuits, or for making connections to or in electrical circuits (for example, switches, relays, fuses, surge suppressors, plugs, sockets, lamp holders and other connectors, junction boxes), for a voltage not exceeding 1000 V; connectors for optical fibres, optical fibre bundles or cables : Connectors for optical fibres, optical fibre bundles or cables",0,25,25,1
853690,85,"Electrical apparatus for switching or protecting electrical circuits, or for making connections to or in electrical circuits (for example, switches, relays, fuses, surge suppressors, plugs, sockets, lamp holders and other connectors, junction boxes), for a voltage not exceeding 1000 V; connectors for optical fibres, optical fibre bundles or cables : Other apparatus",0.9,20.1,25,3
853710,85,"Boards, panels, consoles, desks, cabinets and other bases, equipped with two or more apparatus of heading 8535 or 8536, for electric control or the distribution of electricity, including those incorporating instruments or apparatus of Chapter 90, and numerical control apparatus, other than switching apparatus of heading 8517 : For a voltage not exceeding 1000 V",2,27,25,4
853720,85,"Boards, panels, consoles, desks, cabinets and other bases, equipped with two or more apparatus of heading 8535 or 8536, for electric control or the distribution of electricity, including those incorporating instruments or apparatus of Chapter 90, and numerical control apparatus, other than switching apparatus of heading 8517 : For a voltage exceeding 1000 V",2.7,27.7,25,1
853810,85,"Parts suitable for use solely or principally with the apparatus of heading 8535, 8536 or 8537 : Boards, panels, consoles, desks, cabinets and other bases for the goods of heading 8537, not equipped with their apparatus",0,25,25,1
853890,85,"Parts suitable for use solely or principally with the apparatus of heading 8535, 8536 or 8537 : Other",2.8,27.8,25,5
853910,85,"Electric filament or discharge lamps, including sealed beam lamp units and ultraviolet or infrared lamps; arclamps; lightemitting diode (LED) lamps : Sealed beam lamp units",2,27,25,1
853921,85,"Electric filament or discharge lamps, including sealed beam lamp units and ultraviolet or infrared lamps; arclamps; lightemitting diode (LED) lamps : Other filament lamps, excluding ultraviolet or infrared lamps : Tungsten halogen",1.3,26.3,25,2
853922,85,"Electric filament or discharge lamps, including sealed beam lamp units and ultraviolet or infrared lamps; arclamps; lightemitting diode (LED) lamps : Other filament lamps, excluding ultraviolet or infrared lamps : Other, of a power not exceeding 200 W and for a voltage exceeding 100 V",4.2,4.2,0,2
853929,85,"Electric filament or discharge lamps, including sealed beam lamp units and ultraviolet or infrared lamps; arclamps; lightemitting diode (LED) lamps : Other filament lamps, excluding ultraviolet or infrared lamps : Other",3.4,9,7.5,4
853931,85,"Electric filament or discharge lamps, including sealed beam lamp units and ultraviolet or infrared lamps; arclamps; lightemitting diode (LED) lamps : Discharge lamps, other than ultraviolet lamps : Fluorescent, hot cathode",2.4,27.4,25,1
853932,85,"Electric filament or discharge lamps, including sealed beam lamp units and ultraviolet or infrared lamps; arclamps; lightemitting diode (LED) lamps : Discharge lamps, other than ultraviolet lamps : Mercury or sodium vapour lamps; metal halide lamps",2.4,27.4,25,1
853939,85,"Electric filament or discharge lamps, including sealed beam lamp units and ultraviolet or infrared lamps; arclamps; lightemitting diode (LED) lamps : Discharge lamps, other than ultraviolet lamps : Other",1.2,26.2,25,2
853941,85,"Electric filament or discharge lamps, including sealed beam lamp units and ultraviolet or infrared lamps; arclamps; lightemitting diode (LED) lamps : Ultraviolet or infrared lamps; arc lamps : Arc lamps",2.6,27.6,25,1
853949,85,"Electric filament or discharge lamps, including sealed beam lamp units and ultraviolet or infrared lamps; arclamps; lightemitting diode (LED) lamps : Ultraviolet or infrared lamps; arc lamps : Other",2.4,27.4,25,1
853951,85,Light-emitting diode (LED) modules,0,25,25,1
853952,85,Of a type specified in statistical note 8(a) to this chapter,2,2,0,1
853990,85,"Electric filament or discharge lamps, including sealed beam lamp units and ultraviolet or infrared lamps; arclamps; lightemitting diode (LED) lamps : Parts",2.6,27.6,25,1
854011,85,"Thermionic, cold cathode or photocathode valves and tubes (for example, vacuum or vapour or gas filled valves and tubes, mercury arc rectifying valves and tubes, cathode ray tubes, television camera tubes) : Cathode ray television picture tubes, including video monitor cathode ray tubes : Colour",12.9,37.9,25,7
854012,85,"Thermionic, cold cathode or photocathode valves and tubes (for example, vacuum or vapour or gas filled valves and tubes, mercury arc rectifying valves and tubes, cathode ray tubes, television camera tubes) : Cathode ray television picture tubes, including video monitor cathode ray tubes : Monochrome",3.4,28.5,25,4
854020,85,"Thermionic, cold cathode or photocathode valves and tubes (for example, vacuum or vapour or gas filled valves and tubes, mercury arc rectifying valves and tubes, cathode ray tubes, television camera tubes) : Television camera tubes; image converters and intensifiers; other photocathode tubes",4.7,29.6,25,2
854040,85,"Thermionic, cold cathode or photocathode valves and tubes (for example, vacuum or vapour or gas filled valves and tubes, mercury arc rectifying valves and tubes, cathode ray tubes, television camera tubes) : Data/graphic display tubes, monochrome; data/graphic display tubes, colour, with a phosphor dot screen pitch smaller than 0,4 mm",3,28,25,1
854060,85,"Thermionic, cold cathode or photocathode valves and tubes (for example, vacuum or vapour or gas filled valves and tubes, mercury arc rectifying valves and tubes, cathode ray tubes, television camera tubes) : Other cathode ray tubes",3,28,25,1
854071,85,"Thermionic, cold cathode or photocathode valves and tubes (for example, vacuum or vapour or gas filled valves and tubes, mercury arc rectifying valves and tubes, cathode ray tubes, television camera tubes) : Microwave tubes (for example, magnetrons, klystrons, travellingwave tubes, carcinotrons), excluding gridcontrolled tubes : Magnetrons",1.9,26.9,25,2
854079,85,"Thermionic, cold cathode or photocathode valves and tubes (for example, vacuum or vapour or gas filled valves and tubes, mercury arc rectifying valves and tubes, cathode ray tubes, television camera tubes) : Microwave tubes (for example, magnetrons, klystrons, travellingwave tubes, carcinotrons), excluding gridcontrolled tubes : Other",3.5,28.5,25,2
854081,85,"Thermionic, cold cathode or photocathode valves and tubes (for example, vacuum or vapour or gas filled valves and tubes, mercury arc rectifying valves and tubes, cathode ray tubes, television camera tubes) : Other valves and tubes : Receiver or amplifier valves and tubes",4.2,29.2,25,1
854089,85,"Thermionic, cold cathode or photocathode valves and tubes (for example, vacuum or vapour or gas filled valves and tubes, mercury arc rectifying valves and tubes, cathode ray tubes, television camera tubes) : Other valves and tubes : Other",3.7,28.7,25,1
854091,85,"Thermionic, cold cathode or photocathode valves and tubes (for example, vacuum or vapour or gas filled valves and tubes, mercury arc rectifying valves and tubes, cathode ray tubes, television camera tubes) : Parts : Of cathode ray tubes",3.6,28.6,25,3
854099,85,"Thermionic, cold cathode or photocathode valves and tubes (for example, vacuum or vapour or gas filled valves and tubes, mercury arc rectifying valves and tubes, cathode ray tubes, television camera tubes) : Parts : Other",0,25,25,2
854110,85,"Diodes, transistors and similar semiconductor devices; photosensitive semiconductor devices, including photovoltaic cells whether or not assembled in modules or made up into panels; lightemitting diodes (LED); mounted piezoelectric crystals : Diodes, other than photosensitive or lightemitting diodes (LED)",0,50,50,1
854121,85,"Diodes, transistors and similar semiconductor devices; photosensitive semiconductor devices, including photovoltaic cells whether or not assembled in modules or made up into panels; lightemitting diodes (LED); mounted piezoelectric crystals : Transistors, other than photosensitive transistors : With a dissipation rate of less than 1 W",0,50,50,1
854129,85,"Diodes, transistors and similar semiconductor devices; photosensitive semiconductor devices, including photovoltaic cells whether or not assembled in modules or made up into panels; lightemitting diodes (LED); mounted piezoelectric crystals : Transistors, other than photosensitive transistors : Other",0,50,50,1
854130,85,"Diodes, transistors and similar semiconductor devices; photosensitive semiconductor devices, including photovoltaic cells whether or not assembled in modules or made up into panels; lightemitting diodes (LED); mounted piezoelectric crystals : Thyristors, diacs and triacs, other than photosensitive devices",0,50,50,1
854141,85,Light-emitting diodes (LED),0,25,25,1
854142,85,Crystalline silicon photovoltaic cells of a kind described in statistical note 12 to this chapter,0,50,50,1
854143,85,Crystalline silicon photovoltaic cells of a kind described in statistical note 12 to this chapter,0,50,50,1
854149,85,Other:,0,50,50,4
854151,85,Semiconductor-based transducers,0,50,50,1
854159,85,"Unmounted chips, dice and wafers",0,50,50,1
854160,85,"Diodes, transistors and similar semiconductor devices; photosensitive semiconductor devices, including photovoltaic cells whether or not assembled in modules or made up into panels; lightemitting diodes (LED); mounted piezoelectric crystals : Mounted piezoelectric crystals",0,25,25,1
854190,85,"Diodes, transistors and similar semiconductor devices; photosensitive semiconductor devices, including photovoltaic cells whether or not assembled in modules or made up into panels; lightemitting diodes (LED); mounted piezoelectric crystals : Parts",0,50,50,1
854231,85,"Electronic integrated circuits : Electronic integrated circuits : Processors and controllers, whether or not combined with memories, converters, logic circuits, amplifiers, clock and timing circuits, or other circuits",0,50,50,1
854232,85,Electronic integrated circuits : Electronic integrated circuits : Memories,0,50,50,1
854233,85,Electronic integrated circuits : Electronic integrated circuits : Amplifiers,0,50,50,1
854239,85,Electronic integrated circuits : Electronic integrated circuits : Other,0,50,50,1
854290,85,Electronic integrated circuits : Parts,0,50,50,1
854310,85,"Electrical machines and apparatus, having individual functions, not specified or included elsewhere in this chapter : Particle accelerators",1.9,26.9,25,1
854320,85,"Electrical machines and apparatus, having individual functions, not specified or included elsewhere in this chapter : Signal generators",0,25,25,1
854330,85,"Electrical machines and apparatus, having individual functions, not specified or included elsewhere in this chapter : Machines and apparatus for electroplating, electrolysis or electrophoresis",1.3,26.3,25,2
854340,85,Electronic cigarettes and similar personal electric vaporizing devices,2.6,27.6,25,1
854370,85,"Electrical machines and apparatus, having individual functions, not specified or included elsewhere in this chapter : Other machines and apparatus",0.7,20.9,25,14
854390,85,"Electrical machines and apparatus, having individual functions, not specified or included elsewhere in this chapter : Parts",0,25,25,7
854411,85,"Insulated (including enamelled or anodised) wire, cable (including coaxial cable) and other insulated electric conductors, whether or not fitted with connectors; optical fibre cables, made up of individually sheathed fibres, whether or not assembled with electric conductors or fitted with connectors : Winding wire : Of copper",3.5,28.5,25,1
854419,85,"Insulated (including enamelled or anodised) wire, cable (including coaxial cable) and other insulated electric conductors, whether or not fitted with connectors; optical fibre cables, made up of individually sheathed fibres, whether or not assembled with electric conductors or fitted with connectors : Winding wire : Other",3.9,28.9,25,1
854420,85,"Insulated (including enamelled or anodised) wire, cable (including coaxial cable) and other insulated electric conductors, whether or not fitted with connectors; optical fibre cables, made up of individually sheathed fibres, whether or not assembled with electric conductors or fitted with connectors : Coaxial cable and other coaxial electric conductors",5.3,30.3,25,1
854430,85,"Insulated (including enamelled or anodised) wire, cable (including coaxial cable) and other insulated electric conductors, whether or not fitted with connectors; optical fibre cables, made up of individually sheathed fibres, whether or not assembled with electric conductors or fitted with connectors : Ignition wiring sets and other wiring sets of a kind used in vehicles, aircraft or ships",5,30,25,1
854442,85,"Insulated (including enamelled or anodised) wire, cable (including coaxial cable) and other insulated electric conductors, whether or not fitted with connectors; optical fibre cables, made up of individually sheathed fibres, whether or not assembled with electric conductors or fitted with connectors : Other electric conductors, for a voltage not exceeding 1000 V : Fitted with connectors",0.9,25.9,25,3
854449,85,"Insulated (including enamelled or anodised) wire, cable (including coaxial cable) and other insulated electric conductors, whether or not fitted with connectors; optical fibre cables, made up of individually sheathed fibres, whether or not assembled with electric conductors or fitted with connectors : Other electric conductors, for a voltage not exceeding 1000 V : Other",3.2,28.2,25,4
854460,85,"Insulated (including enamelled or anodised) wire, cable (including coaxial cable) and other insulated electric conductors, whether or not fitted with connectors; optical fibre cables, made up of individually sheathed fibres, whether or not assembled with electric conductors or fitted with connectors : Other electric conductors, for a voltage exceeding 1000 V",3.5,28.5,25,3
854470,85,"Insulated (including enamelled or anodised) wire, cable (including coaxial cable) and other insulated electric conductors, whether or not fitted with connectors; optical fibre cables, made up of individually sheathed fibres, whether or not assembled with electric conductors or fitted with connectors : Optical fibre cables",0,25,25,1
854511,85,"Carbon electrodes, carbon brushes, lamp carbons, battery carbons and other articles of graphite or other carbon, with or without metal, of a kind used for electrical purposes : Electrodes : Of a kind used for furnaces",0,25,25,1
854519,85,"Carbon electrodes, carbon brushes, lamp carbons, battery carbons and other articles of graphite or other carbon, with or without metal, of a kind used for electrical purposes : Electrodes : Other",0,25,25,2
854520,85,"Carbon electrodes, carbon brushes, lamp carbons, battery carbons and other articles of graphite or other carbon, with or without metal, of a kind used for electrical purposes : Brushes",0,25,25,1
854590,85,"Carbon electrodes, carbon brushes, lamp carbons, battery carbons and other articles of graphite or other carbon, with or without metal, of a kind used for electrical purposes : Other",0,25,25,2
854610,85,Electrical insulators of any material : Of glass,2.9,27.9,25,1
854620,85,Electrical insulators of any material : Of ceramics,3,28,25,1
854690,85,Electrical insulators of any material : Other,0,25,25,1
854710,85,"Insulating fittings for electrical machines, appliances or equipment, being fittings wholly of insulating material apart from any minor components of metal (for example, threaded sockets) incorporated during moulding solely for purposes of assembly, other than insulators of heading 8546; electrical conduit tubing and joints therefor, of base metal lined with insulating material : Insulating fittings of ceramics",3,28,25,2
854720,85,"Insulating fittings for electrical machines, appliances or equipment, being fittings wholly of insulating material apart from any minor components of metal (for example, threaded sockets) incorporated during moulding solely for purposes of assembly, other than insulators of heading 8546; electrical conduit tubing and joints therefor, of base metal lined with insulating material : Insulating fittings of plastics",0,25,25,1
854790,85,"Insulating fittings for electrical machines, appliances or equipment, being fittings wholly of insulating material apart from any minor components of metal (for example, threaded sockets) incorporated during moulding solely for purposes of assembly, other than insulators of heading 8546; electrical conduit tubing and joints therefor, of base metal lined with insulating material : Other",4.6,29.6,25,1
854800,85,"Electrical parts of machinery or apparatus, not specified or included elsewhere in this chapter",0,25,25,1
854911,85,Waste and scrap of lead-acid accumulators; spent lead-acid accumulators:,0,7.5,7.5,2
854912,85,"Other, containing lead, cadmium or mercury:",0,7.5,7.5,2
854913,85,"Sorted by chemical type and not containing lead, cadmium or mercury",0,7.5,7.5,1
854914,85,"Unsorted and not containing lead, cadmium or mercury",0,7.5,7.5,1
854919,85,Other,0,7.5,7.5,1
854921,85,"Containing primary cells, primary batteries, electric accumulators, mercury-switches, glass from cathode-ray tubes or other activated glass, or electrical or electronic components containing cadmium, mercury, lead or polychlorinated biphenyls (PCBs)",0,25,25,1
854929,85,Other,0,25,25,1
854931,85,"Containing primary cells, primary batteries, electric accumulators, mercury-switches, glass from cathode-ray tubes or other activated glass, or electrical or electronic components containing cadmium, mercury, lead or polychlorinated biphenyls (PCBs)",0,25,25,1
854939,85,Other,0,25,25,1
854991,85,"Containing primary cells, primary batteries, electric accumulators, mercury-switches, glass from cathode-ray tubes or other activated glass, or electrical or electronic components containing cadmium, mercury, lead or polychlorinated biphenyls (PCBs)",0,25,25,1
854999,85,Other,0,25,25,1
870110,87,Tractors (other than tractors of heading 8709) : Single axle tractors,0,25,25,1
870121,87,With only compression-ignition internal combustion piston engine (diesel or semi-diesel),4,29,25,1
870122,87,With both compression-ignition internal combustion piston engine (diesel or semi-diesel) and electric motor as motors for propulsion,4,29,25,1
870123,87,With both spark-ignition internal combustion piston engine and electric motor as motors for propulsion,4,29,25,1
870124,87,With only electric motor for propulsion,4,29,25,1
870129,87,"G.V.W. not exceeding 36,287 kg",4,29,25,1
870130,87,Tractors (other than tractors of heading 8709) : Tracklaying tractors,0,25,25,2
870191,87,"Tractors (other than tractors of heading 8709) : Other, of an engine power : Not exceeding 18 kW",0,25,25,2
870192,87,"Tractors (other than tractors of heading 8709) : Other, of an engine power : Exceeding 18 kW but not exceeding 37 kW",0,25,25,2
870193,87,"Tractors (other than tractors of heading 8709) : Other, of an engine power : Exceeding 37 kW but not exceeding 75 kW",0,25,25,2
870194,87,"Tractors (other than tractors of heading 8709) : Other, of an engine power : Exceeding 75 kW but not exceeding 130 kW",0,25,25,2
870195,87,"Tractors (other than tractors of heading 8709) : Other, of an engine power : Exceeding 130 kW",0,25,25,2
870210,87,"Motor vehicles for the transport of ten or more persons, including the driver : With only compressionignition internal combustion piston engine (diesel or semidiesel)",2,27,25,2
870220,87,"Motor vehicles for the transport of ten or more persons, including the driver : With both compressionignition internal combustion piston engine (diesel or semidiesel) and electric motor as motors for propulsion",2,27,25,2
870230,87,"Motor vehicles for the transport of ten or more persons, including the driver : With both sparkignition internal combustion reciprocating piston engine and electric motor as motors for propulsion",2,27,25,2
870240,87,"Motor vehicles for the transport of ten or more persons, including the driver : With only electric motor for propulsion",2,102,100,2
870290,87,"Motor vehicles for the transport of ten or more persons, including the driver : Other",2,102,100,2
870310,87,"Motor cars and other motor vehicles principally designed for the transport of persons (other than those of heading 8702), including station wagons and racing cars : Vehicles specially designed for travelling on snow; golf cars and similar vehicles",2.5,10,7.5,2
870321,87,"Motor cars and other motor vehicles principally designed for the transport of persons (other than those of heading 8702), including station wagons and racing cars : Other vehicles, with only sparkignition internal combustion reciprocating piston engine : Of a cylinder capacity not exceeding 1000 cm³",2.5,27.5,25,1
870322,87,"Motor cars and other motor vehicles principally designed for the transport of persons (other than those of heading 8702), including station wagons and racing cars : Other vehicles, with only sparkignition internal combustion reciprocating piston engine : Of a cylinder capacity exceeding 1000 cm³ but not exceeding 1500 cm³",2.5,27.5,25,1
870323,87,"Motor cars and other motor vehicles principally designed for the transport of persons (other than those of heading 8702), including station wagons and racing cars : Other vehicles, with only sparkignition internal combustion reciprocating piston engine : Of a cylinder capacity exceeding 1500 cm³ but not exceeding 3000 cm³",2.5,27.5,25,1
870324,87,"Motor cars and other motor vehicles principally designed for the transport of persons (other than those of heading 8702), including station wagons and racing cars : Other vehicles, with only sparkignition internal combustion reciprocating piston engine : Of a cylinder capacity exceeding 3000 cm³",2.5,27.5,25,1
870331,87,"Motor cars and other motor vehicles principally designed for the transport of persons (other than those of heading 8702), including station wagons and racing cars : Other vehicles, with only compressionignition internal combustion piston engine (diesel or semidiesel) : Of a cylinder capacity not exceeding 1500 cm³",2.5,27.5,25,1
870332,87,"Motor cars and other motor vehicles principally designed for the transport of persons (other than those of heading 8702), including station wagons and racing cars : Other vehicles, with only compressionignition internal combustion piston engine (diesel or semidiesel) : Of a cylinder capacity exceeding 1500 cm³ but not exceeding 2500 cm³",2.5,27.5,25,1
870333,87,"Motor cars and other motor vehicles principally designed for the transport of persons (other than those of heading 8702), including station wagons and racing cars : Other vehicles, with only compressionignition internal combustion piston engine (diesel or semidiesel) : Of a cylinder capacity exceeding 2500 cm³",2.5,27.5,25,1
870340,87,"Motor cars and other motor vehicles principally designed for the transport of persons (other than those of heading 8702), including station wagons and racing cars : Other vehicles, with both sparkignition internal combustion reciprocating piston engine and electric motor as motors for propulsion, other than those capable of being charged by plugging to external source of electric power",2.5,27.5,25,1
870350,87,"Motor cars and other motor vehicles principally designed for the transport of persons (other than those of heading 8702), including station wagons and racing cars : Other vehicles, with both compressionignition internal combustion piston engine (diesel or semidiesel) and electric motor as motors for propulsion, other than those capable of being charged by plugging to external source of electric power",2.5,27.5,25,1
870360,87,"Motor cars and other motor vehicles principally designed for the transport of persons (other than those of heading 8702), including station wagons and racing cars : Other vehicles, with both sparkignition internal combustion reciprocating piston engine and electric motor as motors for propulsion, capable of being charged by plugging to external source of electric power",2.5,102.5,100,1
870370,87,"Motor cars and other motor vehicles principally designed for the transport of persons (other than those of heading 8702), including station wagons and racing cars : Other vehicles, with both compressionignition internal combustion piston engine (diesel or semidiesel) and electric motor as motors for propulsion, capable of being charged by plugging to external source of electric power",2.5,102.5,100,1
870380,87,"Motor cars and other motor vehicles principally designed for the transport of persons (other than those of heading 8702), including station wagons and racing cars : Other vehicles, with only electric motor for propulsion",2.5,102.5,100,1
870390,87,"Motor cars and other motor vehicles principally designed for the transport of persons (other than those of heading 8702), including station wagons and racing cars : Other",2.5,102.5,100,1
870410,87,Motor vehicles for the transport of goods : Dumpers designed for offhighway use,0,25,25,2
870421,87,"Motor vehicles for the transport of goods : Other, with compressionignition internal combustion piston engine (diesel or semidiesel) : Of a gross vehicle weight not exceeding 5 tonnes",25,50,25,1
870422,87,"Motor vehicles for the transport of goods : Other, with compressionignition internal combustion piston engine (diesel or semidiesel) : Of a gross vehicle weight exceeding 5 tonnes but not exceeding 20 tonnes",14.5,39.5,25,2
870423,87,"Motor vehicles for the transport of goods : Other, with compressionignition internal combustion piston engine (diesel or semidiesel) : Of a gross vehicle weight exceeding 20 tonnes",25,50,25,1
870431,87,"Motor vehicles for the transport of goods : Other, with sparkignition internal combustion piston engine : Of a gross vehicle weight not exceeding 5 tonnes",25,50,25,1
870432,87,"Motor vehicles for the transport of goods : Other, with sparkignition internal combustion piston engine : Of a gross vehicle weight exceeding 5 tonnes",25,50,25,1
870441,87,G.V.W. not exceeding 5 metric tons,25,50,25,1
870442,87,G.V.W. exceeding 12 metric tons but not exceeding 15 metric tons,25,50,25,1
870443,87,G.V.W. exceeding 20 metric tons,25,50,25,1
870451,87,G.V.W. exceeding 2.5 metric tons but not exceeding 5 metric tons,25,50,25,1
870452,87,G.V.W. exceeding 12 metric tons but not exceeding 15 metric tons,25,50,25,1
870460,87,"Other, with only electric motor for propulsion",25,50,25,1
870490,87,Motor vehicles for the transport of goods : Other,25,50,25,1
870510,87,"Special purpose motor vehicles, other than those principally designed for the transport of persons or goods (for example, breakdown lorries, crane lorries, fire fighting vehicles, concretemixer lorries, road sweeper lorries, spraying lorries, mobile workshops, mobile radiological units) : Crane lorries",0,25,25,1
870520,87,"Special purpose motor vehicles, other than those principally designed for the transport of persons or goods (for example, breakdown lorries, crane lorries, fire fighting vehicles, concretemixer lorries, road sweeper lorries, spraying lorries, mobile workshops, mobile radiological units) : Mobile drilling derricks",0,25,25,1
870530,87,"Special purpose motor vehicles, other than those principally designed for the transport of persons or goods (for example, breakdown lorries, crane lorries, fire fighting vehicles, concretemixer lorries, road sweeper lorries, spraying lorries, mobile workshops, mobile radiological units) : Fire fighting vehicles",0,25,25,1
870540,87,"Special purpose motor vehicles, other than those principally designed for the transport of persons or goods (for example, breakdown lorries, crane lorries, fire fighting vehicles, concretemixer lorries, road sweeper lorries, spraying lorries, mobile workshops, mobile radiological units) : Concretemixer lorries",0,25,25,1
870590,87,"Special purpose motor vehicles, other than those principally designed for the transport of persons or goods (for example, breakdown lorries, crane lorries, fire fighting vehicles, concretemixer lorries, road sweeper lorries, spraying lorries, mobile workshops, mobile radiological units) : Other",0,25,25,1
870600,87,"Chassis fitted with engines, for the motor vehicles of headings 8701 to 8705",2.3,27.3,25,6
870710,87,"Bodies (including cabs), for the motor vehicles of headings 8701 to 8705 : For the vehicles of heading 8703",2.5,27.5,25,1
870790,87,"Bodies (including cabs), for the motor vehicles of headings 8701 to 8705 : Other",2,27,25,2
870810,87,Parts and accessories of the motor vehicles of headings 8701 to 8705 : Bumpers and parts thereof,2.5,27.5,25,2
870821,87,Parts and accessories of the motor vehicles of headings 8701 to 8705 : Other parts and accessories of bodies (including cabs) : Safety seat belts,2.5,27.5,25,1
870822,87,"Front windscreens (windshields), rear windows and other windows specified in subheading note 1 to this chapter",2.5,27.5,25,1
870829,87,Parts and accessories of the motor vehicles of headings 8701 to 8705 : Other parts and accessories of bodies (including cabs) : Other,1.9,26.9,25,4
870830,87,Parts and accessories of the motor vehicles of headings 8701 to 8705 : Brakes and servobrakes; parts thereof,1.3,26.3,25,2
870840,87,Parts and accessories of the motor vehicles of headings 8701 to 8705 : Gear boxes and parts thereof,1.1,26.1,25,7
870850,87,"Parts and accessories of the motor vehicles of headings 8701 to 8705 : Driveaxles with differential, whether or not provided with other transmission components, and nondriving axles; parts thereof",1.5,26.5,25,15
870870,87,Parts and accessories of the motor vehicles of headings 8701 to 8705 : Road wheels and parts and accessories thereof,0.8,25.8,25,6
870880,87,Parts and accessories of the motor vehicles of headings 8701 to 8705 : Suspension systems and parts thereof (including shockabsorbers),0.9,25.9,25,8
870891,87,Parts and accessories of the motor vehicles of headings 8701 to 8705 : Other parts and accessories : Radiators and parts thereof,0.8,25.8,25,6
870892,87,Parts and accessories of the motor vehicles of headings 8701 to 8705 : Other parts and accessories : Silencers (mufflers) and exhaust pipes; parts thereof,0.8,25.8,25,6
870893,87,Parts and accessories of the motor vehicles of headings 8701 to 8705 : Other parts and accessories : Clutches and parts thereof,1.3,26.3,25,4
870894,87,"Parts and accessories of the motor vehicles of headings 8701 to 8705 : Other parts and accessories : Steering wheels, steering columns and steering boxes; parts thereof",0.8,25.8,25,6
870895,87,Parts and accessories of the motor vehicles of headings 8701 to 8705 : Other parts and accessories : Safety airbags with inflator system; parts thereof,1.3,26.3,25,4
870899,87,Parts and accessories of the motor vehicles of headings 8701 to 8705 : Other parts and accessories : Other,0.8,25.8,25,13
870911,87,"Works trucks, selfpropelled, not fitted with lifting or handling equipment, of the type used in factories, warehouses, dock areas or airports for short distance transport of goods; tractors of the type used on railway station platforms; parts of the foregoing vehicles : Vehicles : Electrical",0,25,25,1
870919,87,"Works trucks, selfpropelled, not fitted with lifting or handling equipment, of the type used in factories, warehouses, dock areas or airports for short distance transport of goods; tractors of the type used on railway station platforms; parts of the foregoing vehicles : Vehicles : Other",0,25,25,1
870990,87,"Works trucks, selfpropelled, not fitted with lifting or handling equipment, of the type used in factories, warehouses, dock areas or airports for short distance transport of goods; tractors of the type used on railway station platforms; parts of the foregoing vehicles : Parts",0,25,25,1
871000,87,"Tanks and other armoured fighting vehicles, motorised, whether or not fitted with weapons, and parts of such vehicles",0,7.5,7.5,1
871110,87,"Motorcycles (including mopeds) and cycles fitted with an auxiliary motor, with or without sidecars; sidecars : With reciprocating internal combustion piston engine of a cylinder capacity not exceeding 50 cm³",0,25,25,1
871120,87,"Motorcycles (including mopeds) and cycles fitted with an auxiliary motor, with or without sidecars; sidecars : With reciprocating internal combustion piston engine of a cylinder capacity exceeding 50 cm³ but not exceeding 250 cm³",0,7.5,7.5,1
871130,87,"Motorcycles (including mopeds) and cycles fitted with an auxiliary motor, with or without sidecars; sidecars : With reciprocating internal combustion piston engine of a cylinder capacity exceeding 250 cm³ but not exceeding 500 cm³",0,7.5,7.5,1
871140,87,"Motorcycles (including mopeds) and cycles fitted with an auxiliary motor, with or without sidecars; sidecars : With reciprocating internal combustion piston engine of a cylinder capacity exceeding 500 cm³ but not exceeding 800 cm³",1.2,8.7,7.5,2
871150,87,"Motorcycles (including mopeds) and cycles fitted with an auxiliary motor, with or without sidecars; sidecars : With reciprocating internal combustion piston engine of a cylinder capacity exceeding 800 cm³",2.4,27.4,25,1
871160,87,"Motorcycles (including mopeds) and cycles fitted with an auxiliary motor, with or without sidecars; sidecars : With electric motor for propulsion",0,25,25,1
871190,87,"Motorcycles (including mopeds) and cycles fitted with an auxiliary motor, with or without sidecars; sidecars : Other",0,25,25,1
871200,87,"Bicycles and other cycles (including delivery tricycles), not motorised",8,32.9,25,6
871310,87,"Carriages for disabled persons, whether or not motorised or otherwise mechanically propelled : Not mechanically propelled",0,0,0,1
871390,87,"Carriages for disabled persons, whether or not motorised or otherwise mechanically propelled : Other",0,0,0,1
871410,87,Parts and accessories of vehicles of headings 8711 to 8713 : Of motorcycles (including mopeds),0,7.5,7.5,1
871420,87,Parts and accessories of vehicles of headings 8711 to 8713 : Of carriages for disabled persons,0,0,0,1
871491,87,"Parts and accessories of vehicles of headings 8711 to 8713 : Other : Frames and forks, and parts thereof",3.5,28.4,25,4
871492,87,Parts and accessories of vehicles of headings 8711 to 8713 : Other : Wheel rims and spokes,7.5,32.5,25,2
871493,87,"Parts and accessories of vehicles of headings 8711 to 8713 : Other : Hubs, other than coaster braking hubs and hub brakes, and freewheel sprocketwheels",2.2,27.2,25,6
871494,87,"Parts and accessories of vehicles of headings 8711 to 8713 : Other : Brakes, including coaster braking hubs and hub brakes, and parts thereof",5,30,25,2
871495,87,Parts and accessories of vehicles of headings 8711 to 8713 : Other : Saddles,8,33,25,1
871496,87,"Parts and accessories of vehicles of headings 8711 to 8713 : Other : Pedals and crankgear, and parts thereof",6,31,25,3
871499,87,Parts and accessories of vehicles of headings 8711 to 8713 : Other : Other,2.5,10,7.5,4
871500,87,Baby carriages and parts thereof,4.4,4.4,0,1
871610,87,"Trailers and semitrailers; other vehicles, not mechanically propelled; parts thereof : Trailers and semitrailers of the caravan type, for housing or camping",0,25,25,1
871620,87,"Trailers and semitrailers; other vehicles, not mechanically propelled; parts thereof : Selfloading or selfunloading trailers and semitrailers for agricultural purposes",0,25,25,1
871631,87,"Trailers and semitrailers; other vehicles, not mechanically propelled; parts thereof : Other trailers and semitrailers for the transport of goods : Tanker trailers and tanker semitrailers",0,25,25,1
871639,87,"Trailers and semitrailers; other vehicles, not mechanically propelled; parts thereof : Other trailers and semitrailers for the transport of goods : Other",0,25,25,1
871640,87,"Trailers and semitrailers; other vehicles, not mechanically propelled; parts thereof : Other trailers and semitrailers",0,25,25,1
871680,87,"Trailers and semitrailers; other vehicles, not mechanically propelled; parts thereof : Other vehicles",1.6,26.6,25,2
871690,87,"Trailers and semitrailers; other vehicles, not mechanically propelled; parts thereof : Parts",2.9,27.9,25,3
900110,90,"Optical fibres and optical fibre bundles; optical fibre cables other than those of heading 8544; sheets and plates of polarising material; lenses (including contact lenses), prisms, mirrors and other optical elements, of any material, unmounted, other than such elements of glass not optically worked : Optical fibres, optical fibre bundles and cables",6.7,31.7,25,1
900120,90,"Optical fibres and optical fibre bundles; optical fibre cables other than those of heading 8544; sheets and plates of polarising material; lenses (including contact lenses), prisms, mirrors and other optical elements, of any material, unmounted, other than such elements of glass not optically worked : Sheets and plates of polarising material",0,25,25,1
900130,90,"Optical fibres and optical fibre bundles; optical fibre cables other than those of heading 8544; sheets and plates of polarising material; lenses (including contact lenses), prisms, mirrors and other optical elements, of any material, unmounted, other than such elements of glass not optically worked : Contact lenses",2,9.5,7.5,1
900140,90,"Optical fibres and optical fibre bundles; optical fibre cables other than those of heading 8544; sheets and plates of polarising material; lenses (including contact lenses), prisms, mirrors and other optical elements, of any material, unmounted, other than such elements of glass not optically worked : Spectacle lenses of glass",2,9.5,7.5,1
900150,90,"Optical fibres and optical fibre bundles; optical fibre cables other than those of heading 8544; sheets and plates of polarising material; lenses (including contact lenses), prisms, mirrors and other optical elements, of any material, unmounted, other than such elements of glass not optically worked : Spectacle lenses of other materials",2,9.5,7.5,1
900190,90,"Optical fibres and optical fibre bundles; optical fibre cables other than those of heading 8544; sheets and plates of polarising material; lenses (including contact lenses), prisms, mirrors and other optical elements, of any material, unmounted, other than such elements of glass not optically worked : Other",0,25,25,5
900211,90,"Lenses, prisms, mirrors and other optical elements, of any material, mounted, being parts of or fittings for instruments or apparatus, other than such elements of glass not optically worked : Objective lenses : For cameras, projectors or photographic enlargers or reducers",1.6,26.6,25,3
900219,90,"Lenses, prisms, mirrors and other optical elements, of any material, mounted, being parts of or fittings for instruments or apparatus, other than such elements of glass not optically worked : Objective lenses : Other",0,25,25,1
900220,90,"Lenses, prisms, mirrors and other optical elements, of any material, mounted, being parts of or fittings for instruments or apparatus, other than such elements of glass not optically worked : Filters",0,25,25,2
900290,90,"Lenses, prisms, mirrors and other optical elements, of any material, mounted, being parts of or fittings for instruments or apparatus, other than such elements of glass not optically worked : Other",0,25,25,5
900311,90,"Frames and mountings for spectacles, goggles or the like, and parts thereof : Frames and mountings : Of plastics",2.5,10,7.5,1
900319,90,"Frames and mountings for spectacles, goggles or the like, and parts thereof : Frames and mountings : Of other materials",0,7.5,7.5,1
900390,90,"Frames and mountings for spectacles, goggles or the like, and parts thereof : Parts",2.5,10,7.5,1
900410,90,"Spectacles, goggles and the like, corrective, protective or other : Sunglasses",2,9.5,7.5,1
900490,90,"Spectacles, goggles and the like, corrective, protective or other : Other",2.5,10,7.5,1
900510,90,"Binoculars, monoculars, other optical telescopes, and mountings therefor; other astronomical instruments and mountings therefor, but not including instruments for radioastronomy : Binoculars",0,7.5,7.5,1
900580,90,"Binoculars, monoculars, other optical telescopes, and mountings therefor; other astronomical instruments and mountings therefor, but not including instruments for radioastronomy : Other instruments",7,10.8,7.5,2
900590,90,"Binoculars, monoculars, other optical telescopes, and mountings therefor; other astronomical instruments and mountings therefor, but not including instruments for radioastronomy : Parts and accessories (including mountings)",,7.5,7.5,2
900630,90,"Photographic (other than cinematographic) cameras; photographic flashlight apparatus and flashbulbs other than discharge lamps of heading 8539 : Cameras specially designed for underwater use, for aerial survey or for medical or surgical examination of internal organs; comparison cameras for forensic or criminological purposes",0,25,25,1
900640,90,Photographic (other than cinematographic) cameras; photographic flashlight apparatus and flashbulbs other than discharge lamps of heading 8539 : Instant print cameras,2.3,4.8,7.5,3
900653,90,"Photographic (other than cinematographic) cameras; photographic flashlight apparatus and flashbulbs other than discharge lamps of heading 8539 : Other cameras : Other, for roll film of a width of 35 mm",0,7.5,7.5,1
900659,90,Photographic (other than cinematographic) cameras; photographic flashlight apparatus and flashbulbs other than discharge lamps of heading 8539 : Other cameras : Other,2.2,8.9,7.5,10
900661,90,Photographic (other than cinematographic) cameras; photographic flashlight apparatus and flashbulbs other than discharge lamps of heading 8539 : Photographic flashlight apparatus and flashbulbs : Discharge lamp (electronic) flashlight apparatus,0,7.5,7.5,1
900669,90,Photographic (other than cinematographic) cameras; photographic flashlight apparatus and flashbulbs other than discharge lamps of heading 8539 : Photographic flashlight apparatus and flashbulbs : Other,0,0,0,1
900691,90,Photographic (other than cinematographic) cameras; photographic flashlight apparatus and flashbulbs other than discharge lamps of heading 8539 : Parts and accessories : For cameras,5.8,13.3,7.5,1
900699,90,Photographic (other than cinematographic) cameras; photographic flashlight apparatus and flashbulbs other than discharge lamps of heading 8539 : Parts and accessories : Other,3.9,11.4,7.5,1
900710,90,"Cinematographic cameras and projectors, whether or not incorporating sound recording or reproducing apparatus : Cameras",0,25,25,1
900720,90,"Cinematographic cameras and projectors, whether or not incorporating sound recording or reproducing apparatus : Projectors",2.1,27.1,25,4
900791,90,"Cinematographic cameras and projectors, whether or not incorporating sound recording or reproducing apparatus : Parts and accessories : For cameras",1.9,9.4,7.5,2
900792,90,"Cinematographic cameras and projectors, whether or not incorporating sound recording or reproducing apparatus : Parts and accessories : For projectors",3.5,28.5,25,1
900850,90,"Image projectors, other than cinematographic; photographic (other than cinematographic) enlargers and reducers : Projectors, enlargers and reducers",3,11,25,5
900890,90,"Image projectors, other than cinematographic; photographic (other than cinematographic) enlargers and reducers : Parts and accessories",1.4,26.4,25,2
901010,90,"Apparatus and equipment for photographic (including cinematographic) laboratories, not specified or included elsewhere in this chapter; negatoscopes; projection screens : Apparatus and equipment for automatically developing photographic (including cinematographic) film or paper in rolls or for automatically exposing developed film to rolls of photographic paper",2.4,27.4,25,1
901050,90,"Apparatus and equipment for photographic (including cinematographic) laboratories, not specified or included elsewhere in this chapter; negatoscopes; projection screens : Other apparatus and equipment for photographic (including cinematographic) laboratories; negatoscopes",0,25,25,6
901060,90,"Apparatus and equipment for photographic (including cinematographic) laboratories, not specified or included elsewhere in this chapter; negatoscopes; projection screens : Projection screens",0,25,25,1
901090,90,"Apparatus and equipment for photographic (including cinematographic) laboratories, not specified or included elsewhere in this chapter; negatoscopes; projection screens : Parts and accessories",1.4,26.4,25,2
901110,90,"Compound optical microscopes, including those for photomicrography, cinephotomicrography or microprojection : Stereoscopic microscopes",0,25,25,2
901120,90,"Compound optical microscopes, including those for photomicrography, cinephotomicrography or microprojection : Other microscopes, for photomicrography, cinephotomicrography or microprojection",5.5,30.6,25,2
901180,90,"Compound optical microscopes, including those for photomicrography, cinephotomicrography or microprojection : Other microscopes",0,25,25,1
901190,90,"Compound optical microscopes, including those for photomicrography, cinephotomicrography or microprojection : Parts and accessories",0,25,25,1
901210,90,Microscopes other than optical microscopes; diffraction apparatus : Microscopes other than optical microscopes; diffraction apparatus,0,25,25,1
901290,90,Microscopes other than optical microscopes; diffraction apparatus : Parts and accessories,0,25,25,1
901310,90,"Liquid crystal devices not constituting articles provided for more specifically in other headings; lasers, other than laser diodes; other optical appliances and instruments, not specified or included elsewhere in this chapter : Telescopic sights for fitting to arms; periscopes; telescopes designed to form parts of machines, appliances, instruments or apparatus of this chapter or Section XVI",5.4,21.6,25,4
901320,90,"Liquid crystal devices not constituting articles provided for more specifically in other headings; lasers, other than laser diodes; other optical appliances and instruments, not specified or included elsewhere in this chapter : Lasers, other than laser diodes",0,25,25,1
901380,90,"Liquid crystal devices not constituting articles provided for more specifically in other headings; lasers, other than laser diodes; other optical appliances and instruments, not specified or included elsewhere in this chapter : Other devices, appliances and instruments",5.6,24.8,25,3
901390,90,"Liquid crystal devices not constituting articles provided for more specifically in other headings; lasers, other than laser diodes; other optical appliances and instruments, not specified or included elsewhere in this chapter : Parts and accessories",6.8,26,25,3
901410,90,Direction finding compasses; other navigational instruments and appliances : Direction finding compasses,0,20.6,25,4
901420,90,Direction finding compasses; other navigational instruments and appliances : Instruments and appliances for aeronautical or space navigation (other than compasses),0,25,25,4
901480,90,Direction finding compasses; other navigational instruments and appliances : Other instruments and appliances,0,25,25,4
901490,90,Direction finding compasses; other navigational instruments and appliances : Parts and accessories,0,25,25,4
901510,90,"Surveying (including photogrammetrical surveying), hydrographic, oceanographic, hydrological, meteorological or geophysical instruments and appliances, excluding compasses; rangefinders : Rangefinders",0,25,25,2
901520,90,"Surveying (including photogrammetrical surveying), hydrographic, oceanographic, hydrological, meteorological or geophysical instruments and appliances, excluding compasses; rangefinders : Theodolites and tachymeters (tacheometers)",0,25,25,2
901530,90,"Surveying (including photogrammetrical surveying), hydrographic, oceanographic, hydrological, meteorological or geophysical instruments and appliances, excluding compasses; rangefinders : Levels",1.4,26.4,25,2
901540,90,"Surveying (including photogrammetrical surveying), hydrographic, oceanographic, hydrological, meteorological or geophysical instruments and appliances, excluding compasses; rangefinders : Photogrammetrical surveying instruments and appliances",0,25,25,2
901580,90,"Surveying (including photogrammetrical surveying), hydrographic, oceanographic, hydrological, meteorological or geophysical instruments and appliances, excluding compasses; rangefinders : Other instruments and appliances",0,25,25,3
901590,90,"Surveying (including photogrammetrical surveying), hydrographic, oceanographic, hydrological, meteorological or geophysical instruments and appliances, excluding compasses; rangefinders : Parts and accessories",0,25,25,1
901600,90,"Balances of a sensitivity of 5 cg or better, with or without weights",3.4,28.4,25,3
901710,90,"Drawing, markingout or mathematical calculating instruments (for example, drafting machines, pantographs, protractors, drawing sets, slide rules, disc calculators); instruments for measuring length, for use in the hand (for example, measuring rods and tapes, micrometers, callipers), not specified or included elsewhere in this chapter : Drafting tables and machines, whether or not automatic",1.9,26.9,25,2
901720,90,"Drawing, markingout or mathematical calculating instruments (for example, drafting machines, pantographs, protractors, drawing sets, slide rules, disc calculators); instruments for measuring length, for use in the hand (for example, measuring rods and tapes, micrometers, callipers), not specified or included elsewhere in this chapter : Other drawing, markingout or mathematical calculating instruments",2.8,27.8,25,3
901730,90,"Drawing, markingout or mathematical calculating instruments (for example, drafting machines, pantographs, protractors, drawing sets, slide rules, disc calculators); instruments for measuring length, for use in the hand (for example, measuring rods and tapes, micrometers, callipers), not specified or included elsewhere in this chapter : Micrometers, callipers and gauges",4.8,29.9,25,2
901780,90,"Drawing, markingout or mathematical calculating instruments (for example, drafting machines, pantographs, protractors, drawing sets, slide rules, disc calculators); instruments for measuring length, for use in the hand (for example, measuring rods and tapes, micrometers, callipers), not specified or included elsewhere in this chapter : Other instruments",5.3,30.3,25,1
901790,90,"Drawing, markingout or mathematical calculating instruments (for example, drafting machines, pantographs, protractors, drawing sets, slide rules, disc calculators); instruments for measuring length, for use in the hand (for example, measuring rods and tapes, micrometers, callipers), not specified or included elsewhere in this chapter : Parts and accessories",,25,25,1
901811,90,"Instruments and appliances used in medical, surgical, dental or veterinary sciences, including scintigraphic apparatus, other electromedical apparatus and sighttesting instruments : Electrodiagnostic apparatus (including apparatus for functional exploratory examination or for checking physiological parameters) : Electrocardiographs",0,25,25,3
901812,90,"Instruments and appliances used in medical, surgical, dental or veterinary sciences, including scintigraphic apparatus, other electromedical apparatus and sighttesting instruments : Electrodiagnostic apparatus (including apparatus for functional exploratory examination or for checking physiological parameters) : Ultrasonic scanning apparatus",0,25,25,1
901813,90,"Instruments and appliances used in medical, surgical, dental or veterinary sciences, including scintigraphic apparatus, other electromedical apparatus and sighttesting instruments : Electrodiagnostic apparatus (including apparatus for functional exploratory examination or for checking physiological parameters) : Magnetic resonance imaging apparatus",0,25,25,1
901814,90,"Instruments and appliances used in medical, surgical, dental or veterinary sciences, including scintigraphic apparatus, other electromedical apparatus and sighttesting instruments : Electrodiagnostic apparatus (including apparatus for functional exploratory examination or for checking physiological parameters) : Scintigraphic apparatus",0,25,25,1
901819,90,"Instruments and appliances used in medical, surgical, dental or veterinary sciences, including scintigraphic apparatus, other electromedical apparatus and sighttesting instruments : Electrodiagnostic apparatus (including apparatus for functional exploratory examination or for checking physiological parameters) : Other",0,25,25,4
901820,90,"Instruments and appliances used in medical, surgical, dental or veterinary sciences, including scintigraphic apparatus, other electromedical apparatus and sighttesting instruments : Ultraviolet or infrared ray apparatus",0,25,25,1
901831,90,"Instruments and appliances used in medical, surgical, dental or veterinary sciences, including scintigraphic apparatus, other electromedical apparatus and sighttesting instruments : Syringes, needles, catheters, cannulae and the like : Syringes, with or without needles",0,100,100,1
901832,90,"Instruments and appliances used in medical, surgical, dental or veterinary sciences, including scintigraphic apparatus, other electromedical apparatus and sighttesting instruments : Syringes, needles, catheters, cannulae and the like : Tubular metal needles and needles for sutures",0,100,100,1
901839,90,"Instruments and appliances used in medical, surgical, dental or veterinary sciences, including scintigraphic apparatus, other electromedical apparatus and sighttesting instruments : Syringes, needles, catheters, cannulae and the like : Other",0,0,0,1
901841,90,"Instruments and appliances used in medical, surgical, dental or veterinary sciences, including scintigraphic apparatus, other electromedical apparatus and sighttesting instruments : Other instruments and appliances, used in dental sciences : Dental drill engines, whether or not combined on a single base with other dental equipment",0,0,0,1
901849,90,"Instruments and appliances used in medical, surgical, dental or veterinary sciences, including scintigraphic apparatus, other electromedical apparatus and sighttesting instruments : Other instruments and appliances, used in dental sciences : Other",0,0,0,2
901850,90,"Instruments and appliances used in medical, surgical, dental or veterinary sciences, including scintigraphic apparatus, other electromedical apparatus and sighttesting instruments : Other ophthalmic instruments and appliances",0,0,0,1
901890,90,"Instruments and appliances used in medical, surgical, dental or veterinary sciences, including scintigraphic apparatus, other electromedical apparatus and sighttesting instruments : Other instruments and appliances",0,10,25,10
901910,90,"Mechanotherapy appliances; massage apparatus; psychological aptitudetesting apparatus; ozone therapy, oxygen therapy, aerosol therapy, artificial respiration or other therapeutic respiration apparatus : Mechanotherapy appliances; massage apparatus; psychological aptitudetesting apparatus",0,0,0,3
901920,90,"Mechanotherapy appliances; massage apparatus; psychological aptitudetesting apparatus; ozone therapy, oxygen therapy, aerosol therapy, artificial respiration or other therapeutic respiration apparatus : Ozone therapy, oxygen therapy, aerosol therapy, artificial respiration or other therapeutic respiration apparatus",0,0,0,1
902000,90,"Other breathing appliances and gas masks, excluding protective masks having neither mechanical parts nor replaceable filters",1.7,1.7,0,3
902110,90,"Orthopaedic appliances, including crutches, surgical belts and trusses; splints and other fracture appliances; artificial parts of the body; hearing aids and other appliances which are worn or carried, or implanted in the body, to compensate for a defect or disability : Orthopaedic or fracture appliances",0,0,0,1
902121,90,"Orthopaedic appliances, including crutches, surgical belts and trusses; splints and other fracture appliances; artificial parts of the body; hearing aids and other appliances which are worn or carried, or implanted in the body, to compensate for a defect or disability : Artificial teeth and dental fittings : Artificial teeth",0,0,0,2
902129,90,"Orthopaedic appliances, including crutches, surgical belts and trusses; splints and other fracture appliances; artificial parts of the body; hearing aids and other appliances which are worn or carried, or implanted in the body, to compensate for a defect or disability : Artificial teeth and dental fittings : Other",0,0,0,2
902131,90,"Orthopaedic appliances, including crutches, surgical belts and trusses; splints and other fracture appliances; artificial parts of the body; hearing aids and other appliances which are worn or carried, or implanted in the body, to compensate for a defect or disability : Other artificial parts of the body : Artificial joints",0,0,0,1
902139,90,"Orthopaedic appliances, including crutches, surgical belts and trusses; splints and other fracture appliances; artificial parts of the body; hearing aids and other appliances which are worn or carried, or implanted in the body, to compensate for a defect or disability : Other artificial parts of the body : Other",0,0,0,1
902140,90,"Orthopaedic appliances, including crutches, surgical belts and trusses; splints and other fracture appliances; artificial parts of the body; hearing aids and other appliances which are worn or carried, or implanted in the body, to compensate for a defect or disability : Hearing aids, excluding parts and accessories",0,0,0,1
902150,90,"Orthopaedic appliances, including crutches, surgical belts and trusses; splints and other fracture appliances; artificial parts of the body; hearing aids and other appliances which are worn or carried, or implanted in the body, to compensate for a defect or disability : Pacemakers for stimulating heart muscles, excluding parts and accessories",0,25,25,1
902190,90,"Orthopaedic appliances, including crutches, surgical belts and trusses; splints and other fracture appliances; artificial parts of the body; hearing aids and other appliances which are worn or carried, or implanted in the body, to compensate for a defect or disability : Other",0,0,0,2
902212,90,"Apparatus based on the use of Xrays or of alpha, beta or gamma radiation, whether or not for medical, surgical, dental or veterinary uses, including radiography or radiotherapy apparatus, Xray tubes and other Xray generators, high tension generators, control panels and desks, screens, examination or treatment tables, chairs and the like : Apparatus based on the use of Xrays, whether or not for medical, surgical, dental or veterinary uses, including radiography or radiotherapy apparatus : Computed tomography apparatus",0,25,25,1
902213,90,"Apparatus based on the use of Xrays or of alpha, beta or gamma radiation, whether or not for medical, surgical, dental or veterinary uses, including radiography or radiotherapy apparatus, Xray tubes and other Xray generators, high tension generators, control panels and desks, screens, examination or treatment tables, chairs and the like : Apparatus based on the use of Xrays, whether or not for medical, surgical, dental or veterinary uses, including radiography or radiotherapy apparatus : Other, for dental uses",0,25,25,1
902214,90,"Apparatus based on the use of Xrays or of alpha, beta or gamma radiation, whether or not for medical, surgical, dental or veterinary uses, including radiography or radiotherapy apparatus, Xray tubes and other Xray generators, high tension generators, control panels and desks, screens, examination or treatment tables, chairs and the like : Apparatus based on the use of Xrays, whether or not for medical, surgical, dental or veterinary uses, including radiography or radiotherapy apparatus : Other, for medical, surgical or veterinary uses",0,25,25,1
902219,90,"Apparatus based on the use of Xrays or of alpha, beta or gamma radiation, whether or not for medical, surgical, dental or veterinary uses, including radiography or radiotherapy apparatus, Xray tubes and other Xray generators, high tension generators, control panels and desks, screens, examination or treatment tables, chairs and the like : Apparatus based on the use of Xrays, whether or not for medical, surgical, dental or veterinary uses, including radiography or radiotherapy apparatus : For other uses",0,25,25,1
902221,90,"Apparatus based on the use of Xrays or of alpha, beta or gamma radiation, whether or not for medical, surgical, dental or veterinary uses, including radiography or radiotherapy apparatus, Xray tubes and other Xray generators, high tension generators, control panels and desks, screens, examination or treatment tables, chairs and the like : Apparatus based on the use of alpha, beta or gamma radiation, whether or not for medical, surgical, dental or veterinary uses, including radiography or radiotherapy apparatus : For medical, surgical, dental or veterinary uses",0,25,25,1
902229,90,"Apparatus based on the use of Xrays or of alpha, beta or gamma radiation, whether or not for medical, surgical, dental or veterinary uses, including radiography or radiotherapy apparatus, Xray tubes and other Xray generators, high tension generators, control panels and desks, screens, examination or treatment tables, chairs and the like : Apparatus based on the use of alpha, beta or gamma radiation, whether or not for medical, surgical, dental or veterinary uses, including radiography or radiotherapy apparatus : For other uses",0,12.5,25,2
902230,90,"Apparatus based on the use of Xrays or of alpha, beta or gamma radiation, whether or not for medical, surgical, dental or veterinary uses, including radiography or radiotherapy apparatus, Xray tubes and other Xray generators, high tension generators, control panels and desks, screens, examination or treatment tables, chairs and the like : Xray tubes",0,25,25,1
902290,90,"Apparatus based on the use of Xrays or of alpha, beta or gamma radiation, whether or not for medical, surgical, dental or veterinary uses, including radiography or radiotherapy apparatus, Xray tubes and other Xray generators, high tension generators, control panels and desks, screens, examination or treatment tables, chairs and the like : Other, including parts and accessories",0.9,22.3,25,7
902300,90,"Instruments, apparatus and models, designed for demonstrational purposes (for example, in education or exhibitions), unsuitable for other uses",0,7.5,7.5,1
902410,90,"Machines and appliances for testing the hardness, strength, compressibility, elasticity or other mechanical properties of materials (for example, metals, wood, textiles, paper, plastics) : Machines and appliances for testing metals",0,25,25,1
902480,90,"Machines and appliances for testing the hardness, strength, compressibility, elasticity or other mechanical properties of materials (for example, metals, wood, textiles, paper, plastics) : Other machines and appliances",0,25,25,1
902490,90,"Machines and appliances for testing the hardness, strength, compressibility, elasticity or other mechanical properties of materials (for example, metals, wood, textiles, paper, plastics) : Parts and accessories",0,25,25,1
902511,90,"Hydrometers and similar floating instruments, thermometers, pyrometers, barometers, hygrometers and psychrometers, recording or not, and any combination of these instruments : Thermometers and pyrometers, not combined with other instruments : Liquidfilled, for direct reading",0,0,0,2
902519,90,"Hydrometers and similar floating instruments, thermometers, pyrometers, barometers, hygrometers and psychrometers, recording or not, and any combination of these instruments : Thermometers and pyrometers, not combined with other instruments : Other",0,25,25,2
902580,90,"Hydrometers and similar floating instruments, thermometers, pyrometers, barometers, hygrometers and psychrometers, recording or not, and any combination of these instruments : Other instruments",1.6,14.9,25,6
902590,90,"Hydrometers and similar floating instruments, thermometers, pyrometers, barometers, hygrometers and psychrometers, recording or not, and any combination of these instruments : Parts and accessories",0,25,25,1
902610,90,"Instruments and apparatus for measuring or checking the flow, level, pressure or other variables of liquids or gases (for example, flow meters, level gauges, manometers, heat meters), excluding instruments and apparatus of heading 9014, 9015, 9028 or 9032 : For measuring or checking the flow or level of liquids",0,13.3,25,3
902620,90,"Instruments and apparatus for measuring or checking the flow, level, pressure or other variables of liquids or gases (for example, flow meters, level gauges, manometers, heat meters), excluding instruments and apparatus of heading 9014, 9015, 9028 or 9032 : For measuring or checking pressure",0,16.3,25,2
902680,90,"Instruments and apparatus for measuring or checking the flow, level, pressure or other variables of liquids or gases (for example, flow meters, level gauges, manometers, heat meters), excluding instruments and apparatus of heading 9014, 9015, 9028 or 9032 : Other instruments or apparatus",0,19.2,25,3
902690,90,"Instruments and apparatus for measuring or checking the flow, level, pressure or other variables of liquids or gases (for example, flow meters, level gauges, manometers, heat meters), excluding instruments and apparatus of heading 9014, 9015, 9028 or 9032 : Parts and accessories",0,25,25,3
902710,90,"Instruments and apparatus for physical or chemical analysis (for example, polarimeters, refractometers, spectrometers, gas or smoke analysis apparatus); instruments and apparatus for measuring or checking viscosity, porosity, expansion, surface tension or the like; instruments and apparatus for measuring or checking quantities of heat, sound or light (including exposure meters); microtomes : Gas or smoke analysis apparatus",0,25,25,3
902720,90,"Instruments and apparatus for physical or chemical analysis (for example, polarimeters, refractometers, spectrometers, gas or smoke analysis apparatus); instruments and apparatus for measuring or checking viscosity, porosity, expansion, surface tension or the like; instruments and apparatus for measuring or checking quantities of heat, sound or light (including exposure meters); microtomes : Chromatographs and electrophoresis instruments",0,25,25,2
902730,90,"Instruments and apparatus for physical or chemical analysis (for example, polarimeters, refractometers, spectrometers, gas or smoke analysis apparatus); instruments and apparatus for measuring or checking viscosity, porosity, expansion, surface tension or the like; instruments and apparatus for measuring or checking quantities of heat, sound or light (including exposure meters); microtomes : Spectrometers, spectrophotometers and spectrographs using optical radiation (UV, visible, IR)",0,25,25,2
902750,90,"Instruments and apparatus for physical or chemical analysis (for example, polarimeters, refractometers, spectrometers, gas or smoke analysis apparatus); instruments and apparatus for measuring or checking viscosity, porosity, expansion, surface tension or the like; instruments and apparatus for measuring or checking quantities of heat, sound or light (including exposure meters); microtomes : Other instruments and apparatus using optical radiation (UV, visible, IR)",0.4,25.4,25,3
902781,90,Mass spectrometers,0,25,25,1
902789,90,Other:,0,25,25,3
902790,90,"Instruments and apparatus for physical or chemical analysis (for example, polarimeters, refractometers, spectrometers, gas or smoke analysis apparatus); instruments and apparatus for measuring or checking viscosity, porosity, expansion, surface tension or the like; instruments and apparatus for measuring or checking quantities of heat, sound or light (including exposure meters); microtomes : Microtomes; parts and accessories",0,23.1,25,9
902810,90,"Gas, liquid or electricity supply or production meters, including calibrating meters therefor : Gas meters",2.5,27.5,25,1
902820,90,"Gas, liquid or electricity supply or production meters, including calibrating meters therefor : Liquid meters",2.5,27.5,25,1
902830,90,"Gas, liquid or electricity supply or production meters, including calibrating meters therefor : Electricity meters",0,25,25,1
902890,90,"Gas, liquid or electricity supply or production meters, including calibrating meters therefor : Parts and accessories",0,25,25,1
902910,90,"Revolution counters, production counters, taximeters, milometers, pedometers and the like; speed indicators and tachometers, other than those of heading 9014 or 9015; stroboscopes : Revolution counters, production counters, taximeters, milometers, pedometers and the like",2.6,27.6,25,2
902920,90,"Revolution counters, production counters, taximeters, milometers, pedometers and the like; speed indicators and tachometers, other than those of heading 9014 or 9015; stroboscopes : Speed indicators and tachometers; stroboscopes",2.8,27.8,25,3
902990,90,"Revolution counters, production counters, taximeters, milometers, pedometers and the like; speed indicators and tachometers, other than those of heading 9014 or 9015; stroboscopes : Parts and accessories",3.6,24.3,25,4
903010,90,"Oscilloscopes, spectrum analysers and other instruments and apparatus for measuring or checking electrical quantities, excluding meters of heading 9028; instruments and apparatus for measuring or detecting alpha, beta, gamma, Xray, cosmic or other ionising radiation : Instruments and apparatus for measuring or detecting ionising radiation",0,25,25,1
903020,90,"Oscilloscopes, spectrum analysers and other instruments and apparatus for measuring or checking electrical quantities, excluding meters of heading 9028; instruments and apparatus for measuring or detecting alpha, beta, gamma, Xray, cosmic or other ionising radiation : Oscilloscopes and oscillographs",0,25,25,2
903031,90,"Oscilloscopes, spectrum analysers and other instruments and apparatus for measuring or checking electrical quantities, excluding meters of heading 9028; instruments and apparatus for measuring or detecting alpha, beta, gamma, Xray, cosmic or other ionising radiation : Other instruments and apparatus, for measuring or checking voltage, current, resistance or power : Multimeters, without a recording device",0,25,25,1
903032,90,"Oscilloscopes, spectrum analysers and other instruments and apparatus for measuring or checking electrical quantities, excluding meters of heading 9028; instruments and apparatus for measuring or detecting alpha, beta, gamma, Xray, cosmic or other ionising radiation : Other instruments and apparatus, for measuring or checking voltage, current, resistance or power : Multimeters, with a recording device",0,25,25,1
903033,90,"Oscilloscopes, spectrum analysers and other instruments and apparatus for measuring or checking electrical quantities, excluding meters of heading 9028; instruments and apparatus for measuring or detecting alpha, beta, gamma, Xray, cosmic or other ionising radiation : Other instruments and apparatus, for measuring or checking voltage, current, resistance or power : Other, without a recording device",0.8,25.9,25,2
903039,90,"Oscilloscopes, spectrum analysers and other instruments and apparatus for measuring or checking electrical quantities, excluding meters of heading 9028; instruments and apparatus for measuring or detecting alpha, beta, gamma, Xray, cosmic or other ionising radiation : Other instruments and apparatus, for measuring or checking voltage, current, resistance or power : Other, with a recording device",0,25,25,1
903040,90,"Oscilloscopes, spectrum analysers and other instruments and apparatus for measuring or checking electrical quantities, excluding meters of heading 9028; instruments and apparatus for measuring or detecting alpha, beta, gamma, Xray, cosmic or other ionising radiation : Other instruments and apparatus, specially designed for telecommunications (for example, crosstalk meters, gain measuring instruments, distortion factor meters, psophometers)",0,25,25,1
903082,90,"Oscilloscopes, spectrum analysers and other instruments and apparatus for measuring or checking electrical quantities, excluding meters of heading 9028; instruments and apparatus for measuring or detecting alpha, beta, gamma, Xray, cosmic or other ionising radiation : Other instruments and apparatus : For measuring or checking semiconductor wafers or devices",0,25,25,1
903084,90,"Oscilloscopes, spectrum analysers and other instruments and apparatus for measuring or checking electrical quantities, excluding meters of heading 9028; instruments and apparatus for measuring or detecting alpha, beta, gamma, Xray, cosmic or other ionising radiation : Other instruments and apparatus : Other, with a recording device",0,25,25,1
903089,90,"Oscilloscopes, spectrum analysers and other instruments and apparatus for measuring or checking electrical quantities, excluding meters of heading 9028; instruments and apparatus for measuring or detecting alpha, beta, gamma, Xray, cosmic or other ionising radiation : Other instruments and apparatus : Other",0,25,25,1
903090,90,"Oscilloscopes, spectrum analysers and other instruments and apparatus for measuring or checking electrical quantities, excluding meters of heading 9028; instruments and apparatus for measuring or detecting alpha, beta, gamma, Xray, cosmic or other ionising radiation : Parts and accessories",0,25,25,6
903110,90,"Measuring or checking instruments, appliances and machines, not specified or included elsewhere in this chapter; profile projectors : Machines for balancing mechanical parts",0,25,25,1
903120,90,"Measuring or checking instruments, appliances and machines, not specified or included elsewhere in this chapter; profile projectors : Test benches",1.7,26.7,25,1
903141,90,"Measuring or checking instruments, appliances and machines, not specified or included elsewhere in this chapter; profile projectors : Other optical instruments and appliances : For inspecting semiconductor wafers or devices or for inspecting photomasks or reticles used in manufacturing semiconductor devices",0,25,25,1
903149,90,"Measuring or checking instruments, appliances and machines, not specified or included elsewhere in this chapter; profile projectors : Other optical instruments and appliances : Other",0,25,25,4
903180,90,"Measuring or checking instruments, appliances and machines, not specified or included elsewhere in this chapter; profile projectors : Other instruments, appliances and machines",0,25,25,2
903190,90,"Measuring or checking instruments, appliances and machines, not specified or included elsewhere in this chapter; profile projectors : Parts and accessories",0,25,25,6
903210,90,Automatic regulating or controlling instruments and apparatus : Thermostats,1.7,26.7,25,1
903220,90,Automatic regulating or controlling instruments and apparatus : Manostats,0,25,25,1
903281,90,Automatic regulating or controlling instruments and apparatus : Other instruments and apparatus : Hydraulic or pneumatic,0,25,25,1
903289,90,Automatic regulating or controlling instruments and apparatus : Other instruments and apparatus : Other,1.5,26.5,25,3
903290,90,Automatic regulating or controlling instruments and apparatus : Parts and accessories,1.5,26.5,25,3
903300,90,"Parts and accessories (not specified or included elsewhere in this chapter) for machines, appliances, instruments or apparatus of Chapter 90",1.5,26.5,25,3
910111,91,"Wristwatches, pocketwatches and other watches, including stopwatches, with case of precious metal or of metal clad with precious metal : Wristwatches, electrically operated, whether or not incorporating a stopwatch facility : With mechanical display only",6.3,13.8,7.5,2
910119,91,"Wristwatches, pocketwatches and other watches, including stopwatches, with case of precious metal or of metal clad with precious metal : Wristwatches, electrically operated, whether or not incorporating a stopwatch facility : Other",3.1,10.6,7.5,3
910121,91,"Wristwatches, pocketwatches and other watches, including stopwatches, with case of precious metal or of metal clad with precious metal : Other wristwatches, whether or not incorporating a stopwatch facility : With automatic winding",2.7,10.2,7.5,4
910129,91,"Wristwatches, pocketwatches and other watches, including stopwatches, with case of precious metal or of metal clad with precious metal : Other wristwatches, whether or not incorporating a stopwatch facility : Other",3.8,11.3,7.5,8
910191,91,"Wristwatches, pocketwatches and other watches, including stopwatches, with case of precious metal or of metal clad with precious metal : Other : Electrically operated",0,5,7.5,3
910199,91,"Wristwatches, pocketwatches and other watches, including stopwatches, with case of precious metal or of metal clad with precious metal : Other : Other",0.8,6.4,7.5,4
910211,91,"Wristwatches, pocketwatches and other watches, including stopwatches, other than those of heading 9101 : Wristwatches, electrically operated, whether or not incorporating a stopwatch facility : With mechanical display only",7.3,14.8,7.5,8
910212,91,"Wristwatches, pocketwatches and other watches, including stopwatches, other than those of heading 9101 : Wristwatches, electrically operated, whether or not incorporating a stopwatch facility : With optoelectronic display only",0,2.5,7.5,3
910219,91,"Wristwatches, pocketwatches and other watches, including stopwatches, other than those of heading 9101 : Wristwatches, electrically operated, whether or not incorporating a stopwatch facility : Other",4.7,12.2,7.5,4
910221,91,"Wristwatches, pocketwatches and other watches, including stopwatches, other than those of heading 9101 : Other wristwatches, whether or not incorporating a stopwatch facility : With automatic winding",5,12.5,7.5,6
910229,91,"Wristwatches, pocketwatches and other watches, including stopwatches, other than those of heading 9101 : Other wristwatches, whether or not incorporating a stopwatch facility : Other",5.6,12.5,7.5,13
910291,91,"Wristwatches, pocketwatches and other watches, including stopwatches, other than those of heading 9101 : Other : Electrically operated",5.3,12.8,7.5,3
910299,91,"Wristwatches, pocketwatches and other watches, including stopwatches, other than those of heading 9101 : Other : Other",4.5,12,7.5,4
910310,91,"Clocks with watch movements, excluding clocks of heading 9104 : Electrically operated",3.9,6.4,7.5,3
910390,91,"Clocks with watch movements, excluding clocks of heading 9104 : Other",4.6,12.1,7.5,1
910400,91,"Instrument panel clocks and clocks of a similar type for vehicles, aircraft, spacecraft or vessels",4.2,27.2,25,9
910511,91,Other clocks : Alarm clocks : Electrically operated,5.4,5.4,0,2
910519,91,Other clocks : Alarm clocks : Other,5.4,11.4,7.5,5
910521,91,Other clocks : Wall clocks : Electrically operated,5.4,5.4,0,2
910529,91,Other clocks : Wall clocks : Other,5,11,7.5,5
910591,91,Other clocks : Other : Electrically operated,5.4,5.4,0,2
910599,91,Other clocks : Other : Other,1.5,7.7,7.5,6
910610,91,"Time of day recording apparatus and apparatus for measuring, recording or otherwise indicating intervals of time, with clock or watch movement or with synchronous motor (for example, timeregisters, timerecorders) : Timeregisters; timerecorders",5.6,30.6,25,1
910690,91,"Time of day recording apparatus and apparatus for measuring, recording or otherwise indicating intervals of time, with clock or watch movement or with synchronous motor (for example, timeregisters, timerecorders) : Other",3.9,28.9,25,6
910700,91,"Time switches, with clock or watch movement or with synchronous motor",5.2,30.2,25,2
910811,91,"Watch movements, complete and assembled : Electrically operated : With mechanical display only or with a device to which a mechanical display can be incorporated",5.3,12.8,7.5,2
910812,91,"Watch movements, complete and assembled : Electrically operated : With optoelectronic display only",3.1,3.1,0,1
910819,91,"Watch movements, complete and assembled : Electrically operated : Other",4,11.6,7.5,2
910820,91,"Watch movements, complete and assembled : With automatic winding",0,7.5,7.5,2
910890,91,"Watch movements, complete and assembled : Other",0,6.8,7.5,11
910910,91,"Clock movements, complete and assembled : Electrically operated",4,7.8,7.5,8
910990,91,"Clock movements, complete and assembled : Other",5.3,8.6,7.5,3
911011,91,"Complete watch or clock movements, unassembled or partly assembled (movement sets); incomplete watch or clock movements, assembled; rough watch or clock movements : Of watches : Complete movements, unassembled or partly assembled (movement sets)",,7.5,7.5,1
911012,91,"Complete watch or clock movements, unassembled or partly assembled (movement sets); incomplete watch or clock movements, assembled; rough watch or clock movements : Of watches : Incomplete movements, assembled",9,16.5,7.5,1
911019,91,"Complete watch or clock movements, unassembled or partly assembled (movement sets); incomplete watch or clock movements, assembled; rough watch or clock movements : Of watches : Rough movements",9,16.5,7.5,1
911090,91,"Complete watch or clock movements, unassembled or partly assembled (movement sets); incomplete watch or clock movements, assembled; rough watch or clock movements : Other",4.3,10.3,7.5,3
911110,91,Watch cases and parts thereof : Cases of precious metal or of metal clad with precious metal,4.8,12.3,7.5,1
911120,91,"Watch cases and parts thereof : Cases of base metal, whether or not gold or silverplated",6.5,14,7.5,2
911180,91,Watch cases and parts thereof : Other cases,7.6,15.1,7.5,1
911190,91,Watch cases and parts thereof : Parts,6.5,14,7.5,3
911220,91,"Clock cases and cases of a similar type for other goods of this chapter, and parts thereof : Cases",4.5,12,7.5,2
911290,91,"Clock cases and cases of a similar type for other goods of this chapter, and parts thereof : Parts",5.5,13,7.5,1
911310,91,"Watch straps, watch bands and watch bracelets, and parts thereof : Of precious metal or of metal clad with precious metal",4.5,12,7.5,1
911320,91,"Watch straps, watch bands and watch bracelets, and parts thereof : Of base metal, whether or not gold or silverplated",10,13.8,7.5,4
911390,91,"Watch straps, watch bands and watch bracelets, and parts thereof : Other",4.5,8.3,7.5,2
911430,91,Other clock or watch parts : Dials,5.8,13.3,7.5,2
911440,91,Other clock or watch parts : Plates and bridges,5.8,10.4,7.5,4
911490,91,Other clock or watch parts : Other,5.4,11.8,7.5,7
940110,94,"Seats (other than those of heading 9402), whether or not convertible into beds, and parts thereof : Seats of a kind used for aircraft",0,7.5,7.5,2
940120,94,"Seats (other than those of heading 9402), whether or not convertible into beds, and parts thereof : Seats of a kind used for motor vehicles",0,25,25,1
940131,94,Of wood,0,25,25,1
940139,94,Household,0,25,25,1
940141,94,Of wood,0,25,25,1
940149,94,Other,0,25,25,1
940152,94,"Seats (other than those of heading 9402), whether or not convertible into beds, and parts thereof : Seats of cane, osier, bamboo or similar materials : Of bamboo",0,25,25,1
940153,94,"Seats (other than those of heading 9402), whether or not convertible into beds, and parts thereof : Seats of cane, osier, bamboo or similar materials : Of rattan",0,25,25,1
940159,94,"Seats (other than those of heading 9402), whether or not convertible into beds, and parts thereof : Seats of cane, osier, bamboo or similar materials : Other",0,25,25,1
940161,94,"Seats (other than those of heading 9402), whether or not convertible into beds, and parts thereof : Other seats, with wooden frames : Upholstered",0,22.9,25,3
940169,94,"Seats (other than those of heading 9402), whether or not convertible into beds, and parts thereof : Other seats, with wooden frames : Other",0,23.9,25,4
940171,94,"Seats (other than those of heading 9402), whether or not convertible into beds, and parts thereof : Other seats, with metal frames : Upholstered",0,13.4,25,1
940179,94,"Seats (other than those of heading 9402), whether or not convertible into beds, and parts thereof : Other seats, with metal frames : Other",0,16.7,25,1
940180,94,"Seats (other than those of heading 9402), whether or not convertible into beds, and parts thereof : Other seats",0,22.3,25,3
940191,94,Of wood:,0,13.3,25,3
940199,94,Other:,0,16.3,25,4
940210,94,"Medical, surgical, dental or veterinary furniture (for example, operating tables, examination tables, hospital beds with mechanical fittings, dentists' chairs); barbers' chairs and similar chairs, having rotating as well as both reclining and elevating movements; parts of the foregoing articles : Dentists', barbers' or similar chairs and parts thereof",0,0,0,1
940290,94,"Medical, surgical, dental or veterinary furniture (for example, operating tables, examination tables, hospital beds with mechanical fittings, dentists' chairs); barbers' chairs and similar chairs, having rotating as well as both reclining and elevating movements; parts of the foregoing articles : Other",0,0,0,1
940310,94,Other furniture and parts thereof : Metal furniture of a kind used in offices,0,25,25,1
940320,94,Other furniture and parts thereof : Other metal furniture,0,25,25,1
940330,94,Other furniture and parts thereof : Wooden furniture of a kind used in offices,0,25,25,2
940340,94,Other furniture and parts thereof : Wooden furniture of a kind used in the kitchen,0,25,25,3
940350,94,Other furniture and parts thereof : Wooden furniture of a kind used in the bedroom,0,25,25,3
940360,94,Other furniture and parts thereof : Other wooden furniture,0,25,25,2
940370,94,Other furniture and parts thereof : Furniture of plastics,0,21.4,25,2
940382,94,"Other furniture and parts thereof : Furniture of other materials, including cane, osier, bamboo or similar materials : Of bamboo",0,25,25,1
940383,94,"Other furniture and parts thereof : Furniture of other materials, including cane, osier, bamboo or similar materials : Of rattan",0,25,25,1
940389,94,"Other furniture and parts thereof : Furniture of other materials, including cane, osier, bamboo or similar materials : Other",0,25,25,2
940391,94,For play yards and other enclosures for confining children,0,25,25,1
940399,94,Other:,0,25,25,6
940410,94,"Mattress supports; articles of bedding and similar furnishing (for example, mattresses, quilts, eiderdowns, cushions, pouffes and pillows) fitted with springs or stuffed or internally fitted with any material or of cellular rubber or plastics, whether or not covered : Mattress supports",0,25,25,1
940421,94,"Mattress supports; articles of bedding and similar furnishing (for example, mattresses, quilts, eiderdowns, cushions, pouffes and pillows) fitted with springs or stuffed or internally fitted with any material or of cellular rubber or plastics, whether or not covered : Mattresses : Of cellular rubber or plastics, whether or not covered",3,28,25,1
940429,94,"Mattress supports; articles of bedding and similar furnishing (for example, mattresses, quilts, eiderdowns, cushions, pouffes and pillows) fitted with springs or stuffed or internally fitted with any material or of cellular rubber or plastics, whether or not covered : Mattresses : Of other materials",4.5,29.5,25,2
940430,94,"Mattress supports; articles of bedding and similar furnishing (for example, mattresses, quilts, eiderdowns, cushions, pouffes and pillows) fitted with springs or stuffed or internally fitted with any material or of cellular rubber or plastics, whether or not covered : Sleeping bags",6.8,6.8,0,2
940440,94,"Quilts, bedspreads, eiderdowns and duvets (comforters):",8.6,8.6,0,2
940490,94,"Mattress supports; articles of bedding and similar furnishing (for example, mattresses, quilts, eiderdowns, cushions, pouffes and pillows) fitted with springs or stuffed or internally fitted with any material or of cellular rubber or plastics, whether or not covered : Other",5.8,9.5,7.5,4
940511,94,Designed for use solely with light-emitting diode (LED) light sources:,5.1,30.1,25,3
940519,94,Other:,5.1,30.1,25,3
940521,94,Designed for use solely with light-emitting diode (LED) light sources:,4.5,29.5,25,3
940529,94,Other:,4.5,29.5,25,3
940531,94,Designed for use solely with light-emitting diode (LED) light sources,8,33,25,1
940539,94,Miniature series wired sets,8,33,25,1
940541,94,"Photovoltaic, designed for use solely with light- emitting diode (LED) light sources:",3.6,28.6,25,4
940542,94,"Other, designed for use solely with light-emitting diode (LED) light sources:",3.6,28.6,25,4
940549,94,Other,3.9,28.9,25,1
940550,94,"Lamps and lighting fittings including searchlights and spotlights and parts thereof, not elsewhere specified or included; illuminated signs, illuminated nameplates and the like, having a permanently fixed light source, and parts thereof not elsewhere specified or included : Nonelectrical lamps and lighting fittings",4.9,29.9,25,3
940561,94,Designed for use solely with light-emitting diode (LED) light sources:,5.7,30.7,25,3
940569,94,Other:,5.7,30.7,25,3
940591,94,"Lamps and lighting fittings including searchlights and spotlights and parts thereof, not elsewhere specified or included; illuminated signs, illuminated nameplates and the like, having a permanently fixed light source, and parts thereof not elsewhere specified or included : Parts : Of glass",9,34,25,4
940592,94,"Lamps and lighting fittings including searchlights and spotlights and parts thereof, not elsewhere specified or included; illuminated signs, illuminated nameplates and the like, having a permanently fixed light source, and parts thereof not elsewhere specified or included : Parts : Of plastics",3.7,28.7,25,1
940599,94,"Lamps and lighting fittings including searchlights and spotlights and parts thereof, not elsewhere specified or included; illuminated signs, illuminated nameplates and the like, having a permanently fixed light source, and parts thereof not elsewhere specified or included : Parts : Other",5,29.9,25,2
940610,94,Prefabricated buildings : Of wood,2.6,27.6,25,1
940620,94,"Modular building units, of steel",2.9,27.9,25,1
940690,94,Prefabricated buildings : Other,2.9,27.9,25,1
950300,95,"Tricycles, scooters, pedal cars and similar wheeled toys; dolls' carriages; dolls; other toys; reducedsize (‘scale’) models and similar recreational models, working or not; puzzles of all kinds",0,0,0,1
950420,95,"Video game consoles and machines, articles for funfair, table or parlour games, including pintables, billiards, special tables for casino games and automatic bowling alley equipment : Articles and accessories for billiards of all kinds",0,5.6,7.5,4
950430,95,"Video game consoles and machines, articles for funfair, table or parlour games, including pintables, billiards, special tables for casino games and automatic bowling alley equipment : Other games, operated by coins, banknotes, bank cards, tokens or by any other means of payment, other than automatic bowling alley equipment",0,7.5,7.5,1
950440,95,"Video game consoles and machines, articles for funfair, table or parlour games, including pintables, billiards, special tables for casino games and automatic bowling alley equipment : Playing cards",0,0,0,1
950450,95,"Video game consoles and machines, articles for funfair, table or parlour games, including pintables, billiards, special tables for casino games and automatic bowling alley equipment : Video game consoles and machines, other than those of subheading 950430",0,0,0,1
950490,95,"Video game consoles and machines, articles for funfair, table or parlour games, including pintables, billiards, special tables for casino games and automatic bowling alley equipment : Other",0,2.5,7.5,3
950510,95,"Festive, carnival or other entertainment articles, including conjuring tricks and novelty jokes : Articles for Christmas festivities",0,1.3,7.5,6
950590,95,"Festive, carnival or other entertainment articles, including conjuring tricks and novelty jokes : Other",0,0,0,3
950611,95,"Articles and equipment for general physical exercise, gymnastics, athletics, other sports (including table tennis) or outdoor games, not specified or included elsewhere in this chapter; swimming pools and paddling pools : Snowskis and other snowski equipment : Skis",0.9,8.4,7.5,3
950612,95,"Articles and equipment for general physical exercise, gymnastics, athletics, other sports (including table tennis) or outdoor games, not specified or included elsewhere in this chapter; swimming pools and paddling pools : Snowskis and other snowski equipment : Skifastenings (skibindings)",1.4,8.9,7.5,2
950619,95,"Articles and equipment for general physical exercise, gymnastics, athletics, other sports (including table tennis) or outdoor games, not specified or included elsewhere in this chapter; swimming pools and paddling pools : Snowskis and other snowski equipment : Other",1.4,8.9,7.5,2
950621,95,"Articles and equipment for general physical exercise, gymnastics, athletics, other sports (including table tennis) or outdoor games, not specified or included elsewhere in this chapter; swimming pools and paddling pools : Waterskis, surfb?ards, sailboards and other watersport equipment : Sailboards",0,7.5,7.5,2
950629,95,"Articles and equipment for general physical exercise, gymnastics, athletics, other sports (including table tennis) or outdoor games, not specified or included elsewhere in this chapter; swimming pools and paddling pools : Waterskis, surfb?ards, sailboards and other watersport equipment : Other",0,7.5,7.5,1
950631,95,"Articles and equipment for general physical exercise, gymnastics, athletics, other sports (including table tennis) or outdoor games, not specified or included elsewhere in this chapter; swimming pools and paddling pools : Golf clubs and other golf equipment : Clubs, complete",4.4,11.9,7.5,1
950632,95,"Articles and equipment for general physical exercise, gymnastics, athletics, other sports (including table tennis) or outdoor games, not specified or included elsewhere in this chapter; swimming pools and paddling pools : Golf clubs and other golf equipment : Balls",0,7.5,7.5,1
950639,95,"Articles and equipment for general physical exercise, gymnastics, athletics, other sports (including table tennis) or outdoor games, not specified or included elsewhere in this chapter; swimming pools and paddling pools : Golf clubs and other golf equipment : Other",4.9,12.4,7.5,1
950640,95,"Articles and equipment for general physical exercise, gymnastics, athletics, other sports (including table tennis) or outdoor games, not specified or included elsewhere in this chapter; swimming pools and paddling pools : Articles and equipment for table tennis",5.1,5.1,0,1
950651,95,"Articles and equipment for general physical exercise, gymnastics, athletics, other sports (including table tennis) or outdoor games, not specified or included elsewhere in this chapter; swimming pools and paddling pools : Tennis, badminton or similar rackets, whether or not strung : Lawntennis rackets, whether or not strung",4.1,6.6,7.5,3
950659,95,"Articles and equipment for general physical exercise, gymnastics, athletics, other sports (including table tennis) or outdoor games, not specified or included elsewhere in this chapter; swimming pools and paddling pools : Tennis, badminton or similar rackets, whether or not strung : Other",4.8,8.5,7.5,2
950661,95,"Articles and equipment for general physical exercise, gymnastics, athletics, other sports (including table tennis) or outdoor games, not specified or included elsewhere in this chapter; swimming pools and paddling pools : Balls, other than golf balls and tabletennis balls : Lawntennis balls",0,7.5,7.5,1
950662,95,"Articles and equipment for general physical exercise, gymnastics, athletics, other sports (including table tennis) or outdoor games, not specified or included elsewhere in this chapter; swimming pools and paddling pools : Balls, other than golf balls and tabletennis balls : Inflatable",2.4,9.9,7.5,2
950669,95,"Articles and equipment for general physical exercise, gymnastics, athletics, other sports (including table tennis) or outdoor games, not specified or included elsewhere in this chapter; swimming pools and paddling pools : Balls, other than golf balls and tabletennis balls : Other",3.4,10.9,7.5,3
950670,95,"Articles and equipment for general physical exercise, gymnastics, athletics, other sports (including table tennis) or outdoor games, not specified or included elsewhere in this chapter; swimming pools and paddling pools : Ice skates and roller skates, including skating boots with skates attached",1,6,7.5,3
950691,95,"Articles and equipment for general physical exercise, gymnastics, athletics, other sports (including table tennis) or outdoor games, not specified or included elsewhere in this chapter; swimming pools and paddling pools : Other : Articles and equipment for general physical exercise, gymnastics or athletics",4.6,12.1,7.5,1
950699,95,"Articles and equipment for general physical exercise, gymnastics, athletics, other sports (including table tennis) or outdoor games, not specified or included elsewhere in this chapter; swimming pools and paddling pools : Other : Other",1.9,7.2,7.5,14
950710,95,"Fishing rods, fishhooks and other line fishing tackle; fish landing nets, butterfly nets and similar nets; decoy ‘birds’ (other than those of heading 9208 or 9705) and similar hunting or shooting requisites : Fishing rods",6,6,0,1
950720,95,"Fishing rods, fishhooks and other line fishing tackle; fish landing nets, butterfly nets and similar nets; decoy ‘birds’ (other than those of heading 9208 or 9705) and similar hunting or shooting requisites : Fishhooks, whether or not snelled",4.4,11.9,7.5,2
950730,95,"Fishing rods, fishhooks and other line fishing tackle; fish landing nets, butterfly nets and similar nets; decoy ‘birds’ (other than those of heading 9208 or 9705) and similar hunting or shooting requisites : Fishing reels",6.2,8.4,7.5,4
950790,95,"Fishing rods, fishhooks and other line fishing tackle; fish landing nets, butterfly nets and similar nets; decoy ‘birds’ (other than those of heading 9208 or 9705) and similar hunting or shooting requisites : Other",6.5,11,7.5,5
950810,95,"Roundabouts, swings, shooting galleries and other fairground amusements; travelling circuses and travelling menageries; travelling theatres : Travelling circuses and travelling menageries",0,7.5,7.5,1
950821,95,Roller coasters,0,7.5,7.5,1
950822,95,"Carousels, swings and roundabouts",0,7.5,7.5,1
950823,95,Bumper (dodge’em) cars,0,7.5,7.5,1
950824,95,Motion simulators and moving theaters,0,7.5,7.5,1
950825,95,Water rides,0,7.5,7.5,1
950826,95,Water park amusements,0,7.5,7.5,1
950829,95,Other,0,7.5,7.5,1
950830,95,Fairground amusements,0,7.5,7.5,1
950840,95,Traveling theaters,0,7.5,7.5,1
960110,96,"Worked ivory, bone, tortoiseshell, horn, antlers, coral, motherofpearl and other animal carving material, and articles of these materials (including articles obtained by moulding) : Worked ivory and articles of ivory",0,7.5,7.5,1
960190,96,"Worked ivory, bone, tortoiseshell, horn, antlers, coral, motherofpearl and other animal carving material, and articles of these materials (including articles obtained by moulding) : Other",1.5,8.9,7.5,4
960200,96,"Worked vegetable or mineral carving material and articles of these materials; moulded or carved articles of wax, of stearin, of natural gums or natural resins or of modelling pastes, and other moulded or carved articles, not elsewhere specified or included; worked, unhardened gelatin (except gelatin of heading 3503) and articles of unhardened gelatin",2.5,10,7.5,3
960310,96,"Brooms, brushes (including brushes constituting parts of machines, appliances or vehicles), handoperated mechanical floor sweepers, not motorised, mops and feather dusters; prepared knots and tufts for broom or brush making; paint pads and rollers; squeegees (other than roller squeegees) : Brooms and brushes, consisting of twigs or other vegetable materials bound together, with or without handles",14.4,16.7,7.5,7
960321,96,"Brooms, brushes (including brushes constituting parts of machines, appliances or vehicles), handoperated mechanical floor sweepers, not motorised, mops and feather dusters; prepared knots and tufts for broom or brush making; paint pads and rollers; squeegees (other than roller squeegees) : Toothbrushes, shaving brushes, hairbrushes, nail brushes, eyelash brushes and other toilet brushes for use on the person, including such brushes constituting parts of appliances : Toothbrushes, including dentalplate brushes",0,7.5,7.5,1
960329,96,"Brooms, brushes (including brushes constituting parts of machines, appliances or vehicles), handoperated mechanical floor sweepers, not motorised, mops and feather dusters; prepared knots and tufts for broom or brush making; paint pads and rollers; squeegees (other than roller squeegees) : Toothbrushes, shaving brushes, hairbrushes, nail brushes, eyelash brushes and other toilet brushes for use on the person, including such brushes constituting parts of appliances : Other",5.3,5.3,0,2
960330,96,"Brooms, brushes (including brushes constituting parts of machines, appliances or vehicles), handoperated mechanical floor sweepers, not motorised, mops and feather dusters; prepared knots and tufts for broom or brush making; paint pads and rollers; squeegees (other than roller squeegees) : Artists' brushes, writing brushes and similar brushes for the application of cosmetics",0.9,5.9,7.5,3
960340,96,"Brooms, brushes (including brushes constituting parts of machines, appliances or vehicles), handoperated mechanical floor sweepers, not motorised, mops and feather dusters; prepared knots and tufts for broom or brush making; paint pads and rollers; squeegees (other than roller squeegees) : Paint, distemper, varnish or similar brushes (other than brushes of subheading 960330); paint pads and rollers",5.8,5.8,0,2
960350,96,"Brooms, brushes (including brushes constituting parts of machines, appliances or vehicles), handoperated mechanical floor sweepers, not motorised, mops and feather dusters; prepared knots and tufts for broom or brush making; paint pads and rollers; squeegees (other than roller squeegees) : Other brushes constituting parts of machines, appliances or vehicles",0,7.5,7.5,1
960390,96,"Brooms, brushes (including brushes constituting parts of machines, appliances or vehicles), handoperated mechanical floor sweepers, not motorised, mops and feather dusters; prepared knots and tufts for broom or brush making; paint pads and rollers; squeegees (other than roller squeegees) : Other",1.4,8.9,7.5,2
960400,96,Hand sieves and hand riddles,4.9,12.4,7.5,1
960500,96,"Travel sets for personal toilet, sewing or shoe or clothes cleaning",8.1,8.1,0,1
960610,96,"Buttons, pressfasteners, snapfasteners and press studs, button moulds and other parts of these articles; button blanks : Pressfasteners, snapfasteners and press studs and parts therefor",3.1,28.1,25,2
960621,96,"Buttons, pressfasteners, snapfasteners and press studs, button moulds and other parts of these articles; button blanks : Buttons : Of plastics, not covered with textile material",3.1,28.1,25,3
960622,96,"Buttons, pressfasteners, snapfasteners and press studs, button moulds and other parts of these articles; button blanks : Buttons : Of base metal, not covered with textile material",0,25,25,1
960629,96,"Buttons, pressfasteners, snapfasteners and press studs, button moulds and other parts of these articles; button blanks : Buttons : Other",3.3,28.3,25,3
960630,96,"Buttons, pressfasteners, snapfasteners and press studs, button moulds and other parts of these articles; button blanks : Button moulds and other parts of buttons; button blanks",3,28,25,2
960711,96,Slide fasteners and parts thereof : Slide fasteners : Fitted with chain scoops of base metal,10,35,25,1
960719,96,Slide fasteners and parts thereof : Slide fasteners : Other,13,38,25,1
960720,96,Slide fasteners and parts thereof : Parts,11.5,36.5,25,1
960810,96,"Ballpoint pens; felttipped and other poroustipped pens and markers; fountain pens, stylograph pens and other pens; duplicating stylos; propelling or sliding pencils; penholders, pencilholders and similar holders; parts (including caps and clips) of the foregoing articles, other than those of heading 9609 : Ballpoint pens",5.4,12.9,7.5,1
960820,96,"Ballpoint pens; felttipped and other poroustipped pens and markers; fountain pens, stylograph pens and other pens; duplicating stylos; propelling or sliding pencils; penholders, pencilholders and similar holders; parts (including caps and clips) of the foregoing articles, other than those of heading 9609 : Felttipped and other poroustipped pens and markers",4,11.5,7.5,1
960830,96,"Ballpoint pens; felttipped and other poroustipped pens and markers; fountain pens, stylograph pens and other pens; duplicating stylos; propelling or sliding pencils; penholders, pencilholders and similar holders; parts (including caps and clips) of the foregoing articles, other than those of heading 9609 : Fountain pens, stylograph pens and other pens",2.7,10.2,7.5,1
960840,96,"Ballpoint pens; felttipped and other poroustipped pens and markers; fountain pens, stylograph pens and other pens; duplicating stylos; propelling or sliding pencils; penholders, pencilholders and similar holders; parts (including caps and clips) of the foregoing articles, other than those of heading 9609 : Propelling or sliding pencils",3.3,10.8,7.5,2
960850,96,"Ballpoint pens; felttipped and other poroustipped pens and markers; fountain pens, stylograph pens and other pens; duplicating stylos; propelling or sliding pencils; penholders, pencilholders and similar holders; parts (including caps and clips) of the foregoing articles, other than those of heading 9609 : Sets of articles from two or more of the foregoing subheadings",,7.5,7.5,1
960860,96,"Ballpoint pens; felttipped and other poroustipped pens and markers; fountain pens, stylograph pens and other pens; duplicating stylos; propelling or sliding pencils; penholders, pencilholders and similar holders; parts (including caps and clips) of the foregoing articles, other than those of heading 9609 : Refills for ballpoint pens, comprising the ball point and inkreservoir",2.7,10.2,7.5,1
960891,96,"Ballpoint pens; felttipped and other poroustipped pens and markers; fountain pens, stylograph pens and other pens; duplicating stylos; propelling or sliding pencils; penholders, pencilholders and similar holders; parts (including caps and clips) of the foregoing articles, other than those of heading 9609 : Other : Pen nibs and nib points",0,7.5,7.5,1
960899,96,"Ballpoint pens; felttipped and other poroustipped pens and markers; fountain pens, stylograph pens and other pens; duplicating stylos; propelling or sliding pencils; penholders, pencilholders and similar holders; parts (including caps and clips) of the foregoing articles, other than those of heading 9609 : Other : Other",1.6,9.1,7.5,4
960910,96,"Pencils (other than pencils of heading 9608), crayons, pencil leads, pastels, drawing charcoals, writing or drawing chalks and tailors' chalks : Pencils and crayons, with leads encased in a rigid sheath",4.3,11.8,7.5,1
960920,96,"Pencils (other than pencils of heading 9608), crayons, pencil leads, pastels, drawing charcoals, writing or drawing chalks and tailors' chalks : Pencil leads, black or coloured",0,7.5,7.5,2
960990,96,"Pencils (other than pencils of heading 9608), crayons, pencil leads, pastels, drawing charcoals, writing or drawing chalks and tailors' chalks : Other",0,7.5,7.5,2
961000,96,"Slates and boards, with writing or drawing surfaces, whether or not framed",3.5,3.5,0,1
961100,96,"Date, sealing or numbering stamps, and the like (including devices for printing or embossing labels), designed for operating in the hand; handoperated composing sticks and hand printing sets incorporating such composing sticks",2.7,10.2,7.5,1
961210,96,"Typewriter or similar ribbons, inked or otherwise prepared for giving impressions, whether or not on spools or in cartridges; inkpads, whether or not inked, with or without boxes : Ribbons",4,11.4,7.5,2
961220,96,"Typewriter or similar ribbons, inked or otherwise prepared for giving impressions, whether or not on spools or in cartridges; inkpads, whether or not inked, with or without boxes : Inkpads",3.5,11,7.5,1
961310,96,"Cigarette lighters and other lighters, whether or not mechanical or electrical, and parts thereof other than flints and wicks : Pocket lighters, gas fuelled, nonrefillable",4,11.5,7.5,1
961320,96,"Cigarette lighters and other lighters, whether or not mechanical or electrical, and parts thereof other than flints and wicks : Pocket lighters, gas fuelled, refillable",9,9,0,1
961380,96,"Cigarette lighters and other lighters, whether or not mechanical or electrical, and parts thereof other than flints and wicks : Other lighters",5.9,11.9,7.5,5
961390,96,"Cigarette lighters and other lighters, whether or not mechanical or electrical, and parts thereof other than flints and wicks : Parts",4,11.4,7.5,2
961400,96,"Smoking pipes (including pipe bowls) and cigar or cigarette holders, and parts thereof",3.3,8.3,7.5,6
961511,96,"Combs, hairslides and the like; hairpins, curling pins, curling grips, haircurlers and the like, other than those of heading 8516, and parts thereof : Combs, hairslides and the like : Of hard rubber or plastics",3.4,3.4,0,5
961519,96,"Combs, hairslides and the like; hairpins, curling pins, curling grips, haircurlers and the like, other than those of heading 8516, and parts thereof : Combs, hairslides and the like : Other",5.6,5.6,0,3
961590,96,"Combs, hairslides and the like; hairpins, curling pins, curling grips, haircurlers and the like, other than those of heading 8516, and parts thereof : Other",7.4,7.4,0,4
961610,96,"Scent sprays and similar toilet sprays, and mounts and heads therefor; powderpuffs and pads for the application of cosmetics or toilet preparations : Scent sprays and similar toilet sprays, and mounts and heads therefor",0,7.5,7.5,1
961620,96,"Scent sprays and similar toilet sprays, and mounts and heads therefor; powderpuffs and pads for the application of cosmetics or toilet preparations : Powderpuffs and pads for the application of cosmetics or toilet preparations",4.3,4.3,0,1
961700,96,"Vacuum flasks and other vacuum vessels, complete with cases; parts thereof other than glass inners",7.1,8.9,7.5,4
961800,96,Tailors' dummies and other lay figures; automata and other animated displays used for shop window dressing,4.4,11.9,7.5,1
961900,96,"Sanitary towels (pads) and tampons, napkins and napkin liners for babies, and similar articles, of any material",7.6,12.7,7.5,19
962000,96,"Monopods, bipods, tripods and similar articles",3.2,27.6,25,10
